trans_date,trans_type,operation,amount,balance,k_symbol,bank,account
15.0,2,0,77700.0,-20552.0,7,9,0.0
15.0,0,5,77700.0,-20365.77458079832,0,0,99985640.0
15.0,0,5,77700.0,159286.40625,8,0,99985640.0
15.0,0,5,7.606133228492144,159286.40625,8,0,0.0
2175.0,2,5,0.6000000238418579,159286.40625,8,9,0.0
2175.0,2,5,20247.900947321752,-20552.0,0,9,99985640.0
2163.4054723492377,2,0,77700.0,-20552.0,0,9,99985640.0
15.0,0,0,0.6000000238418579,-20552.0,0,0,99985640.0
2175.0,2,5,0.6000000238418579,-20552.0,8,9,99985640.0
1345.5852973124706,0,0,77700.0,27152.061499473002,8,0,0.0
2175.0,0,5,0.6000000238418579,159286.40625,8,0,0.0
15.0,0,0,0.6000000238418579,-20552.0,0,0,0.0
2175.0,2,5,0.6000000238418579,-20552.0,8,9,0.0
15.0,2,5,0.6000000238418579,-20552.0,0,9,0.0
15.0,2,0,77700.0,-20552.0,8,0,0.0
2175.0,2,0,77700.0,159286.40625,0,9,0.0
15.0,0,5,77700.0,159286.40625,8,9,99985640.0
25.480772741382967,2,5,0.6000000238418579,-20552.0,8,0,99985640.0
15.0,0,5,0.6000000238418579,-20552.0,8,0,0.0
15.0,0,5,76918.56666265588,-20552.0,8,9,99985640.0
15.0,2,5,77700.0,159286.40625,0,0,0.0
2156.958599210212,2,0,0.6000000238418579,-20552.0,8,0,99985640.0
15.0,2,5,0.6000000238418579,-20552.0,8,0,99985640.0
2175.0,2,4,77700.0,159286.40625,0,0,99985640.0
2175.0,2,5,77700.0,-20552.0,8,9,99985640.0
15.0,2,0,0.6000000238418579,21295.075394668962,0,0,0.0
15.0,0,0,77700.0,-20552.0,0,9,67998174.63384199
15.0,2,5,77700.0,-20552.0,0,9,99985640.0
15.0,2,0,0.6000000238418579,159286.40625,0,0,99985640.0
2175.0,0,0,0.6012963210876296,159286.40625,8,9,99985640.0
2175.0,2,0,0.6000000238418579,-20552.0,8,9,0.0
2175.0,2,5,77700.0,-20552.0,8,9,0.0
2175.0,0,5,14.484486396456946,-20552.0,8,0,99985640.0
2175.0,0,0,0.6000000238418579,-10836.527304231196,0,0,0.0
2175.0,0,5,77700.0,-20552.0,8,0,0.0
2175.0,0,5,77700.0,-20552.0,8,9,99985640.0
2175.0,2,0,0.6000000238418579,-20552.0,0,0,0.0
15.099733465785485,0,5,0.6000000238418579,159286.40625,0,0,0.0
15.0,2,0,77700.0,19262.763877133857,8,0,99985640.0
2175.0,2,5,77696.15507891552,105160.49839679341,8,9,99985640.0
15.0,2,5,77700.0,-20552.0,8,0,0.0
15.0,0,4,77700.0,-20552.0,8,9,99985640.0
15.0,0,0,77700.0,-20552.0,0,0,99985640.0
15.0,0,0,0.6000000238418579,159286.40625,0,9,99985640.0
15.0,0,5,0.6000000238418579,-20552.0,8,9,99985640.0
15.0,2,5,77700.0,-20552.0,0,9,0.0
15.0,0,5,0.6000000238418579,159286.40625,0,0,0.0
15.0,0,5,77700.0,-20552.0,8,9,0.0
2175.0,2,0,0.6000000238418579,159286.40625,0,0,99985640.0
15.0,2,0,32.48606473714453,-20552.0,8,0,0.0
15.0,0,0,77700.0,-20552.0,0,7,99985640.0
2175.0,2,0,0.6000000238418579,157829.23999116416,0,9,0.0
2175.0,2,0,0.6000000238418579,16218.539126212163,0,0,0.0
2175.0,2,5,0.6000000238418579,159286.40625,8,0,99985640.0
2175.0,2,5,0.6000000238418579,-20552.0,0,0,0.0
2175.0,2,0,77700.0,-20552.0,0,0,99985640.0
15.0,0,5,34603.87936363529,-20552.0,0,0,99985640.0
15.0,2,0,0.6000000238418579,-20552.0,0,9,0.0
15.0,0,5,77700.0,159286.40625,8,0,99985640.0
15.0,2,0,0.6000000238418579,-20552.0,8,9,0.0
15.0,2,0,77700.0,159286.40625,0,9,99985640.0
2175.0,2,5,77700.0,-20552.0,0,0,0.0
2101.112930088965,2,0,77700.0,159286.40625,8,9,99985640.0
2175.0,2,5,14.600000381469727,159286.40625,8,9,0.0
15.0,0,0,0.6000000238418579,-20552.0,0,0,0.0
15.0,2,5,77700.0,-20552.0,8,9,99985640.0
2175.0,2,5,77700.0,-20552.0,0,9,99985640.0
15.0,2,0,77700.0,159286.40625,0,9,99985640.0
2175.0,0,0,77700.0,159286.40625,8,0,0.0
2175.0,2,0,77700.0,-20552.0,0,9,0.0
15.0,2,5,77700.0,-20552.0,8,9,0.0
15.0,2,0,0.6000000238418579,-20552.0,8,9,99985640.0
2175.0,2,4,0.6000000238418579,-20552.0,8,0,0.0
2175.0,2,0,0.6086128507399491,159286.40625,0,0,0.0
2175.0,2,0,77700.0,159286.40625,8,9,0.0
15.0,2,5,0.6000000238418579,-20549.998849062707,0,0,99985640.0
2175.0,2,5,0.6000000238418579,159286.40625,8,0,0.0
2175.0,2,0,0.6000000238418579,-20552.0,8,0,0.0
2175.0,2,0,61670.11417947008,159286.40625,0,9,0.0
2175.0,2,5,0.6000000238418579,159286.40625,0,0,0.0
15.0,2,0,0.6000000238418579,-20552.0,8,0,99981279.83557175
2175.0,2,5,77700.0,159286.40625,8,9,99985640.0
2175.0,0,5,0.6000000238418579,-20552.0,8,0,99985640.0
15.0,0,0,77700.0,-20469.71957268896,8,0,99985640.0
15.0,2,0,0.6000000238418579,159286.40625,0,0,0.0
2175.0,2,5,0.6000000238418579,-20552.0,8,9,99985640.0
15.0,2,0,77700.0,-20552.0,0,0,0.0
15.0,2,5,0.6000000238418579,-20552.0,0,0,0.0
2175.0,0,0,0.6000000238418579,159286.40625,0,0,99985640.0
2175.0,2,5,77700.0,-20552.0,0,0,0.0
2175.0,2,0,77700.0,325.4354267964346,8,0,99985640.0
2175.0,0,5,0.6000000238418579,-20552.0,8,4,0.0
15.0,0,1,0.6000000238418579,-20552.0,0,0,99985640.0
2175.0,2,0,77700.0,159286.40625,8,0,0.0
2175.0,0,0,0.6000000238418579,-20552.0,8,0,0.0
2175.0,0,0,77700.0,159286.40625,0,9,99985640.0
15.0,0,0,0.6000000238418579,159286.40625,8,9,0.0
2175.0,0,5,0.6000000238418579,159286.40625,0,9,99985640.0
2175.0,0,0,77700.0,159286.40625,0,9,99985640.0
2175.0,2,5,77700.0,-20552.0,0,0,99985640.0
15.0,0,5,77700.0,159286.40625,0,0,0.0
15.0,2,5,0.6000000238418579,-20552.0,0,0,99985640.0
2175.0,2,5,12041.537075774018,-20552.0,8,9,99104864.9536318
15.0,2,5,0.6000000238418579,-20552.0,8,9,0.0
2162.398605527619,0,0,77700.0,159286.40625,8,0,0.0
2175.0,0,5,77700.0,154065.3092597333,8,9,99985640.0
15.657921696206216,0,5,77700.0,-20552.0,8,9,0.0
2175.0,2,0,0.6000000238418579,-20552.0,8,9,0.0
15.0,2,0,77700.0,-20552.0,8,0,99985640.0
232.6251521614425,2,5,77700.0,21311.732934359126,8,0,0.0
2083.0,0,5,77700.0,-20552.0,0,0,0.0
2175.0,0,5,77315.07870440069,-20552.0,8,9,0.0
2175.0,2,5,77700.0,-20552.0,8,9,0.0
1507.9060215158395,2,5,77700.0,159286.40625,8,0,0.0
2175.0,0,0,77700.0,-20552.0,0,0,99985640.0
2175.0,2,0,0.6000000238418579,-9458.034286788175,0,0,0.0
2175.0,2,0,0.6000000238418579,-20552.0,8,0,0.0
2175.0,0,5,0.6000000238418579,159286.40625,8,0,99985640.0
2175.0,0,0,77700.0,-20552.0,0,0,99985640.0
15.0,0,5,77700.0,159286.40625,8,0,99985640.0
2175.0,0,5,0.6000000238418579,159286.40625,8,0,0.0
2175.0,0,5,0.6000000238418579,159286.40625,8,0,99985640.0
2175.0,2,5,0.6000000238418579,-20552.0,8,0,99985640.0
15.0,0,5,0.6000000238418579,159286.40625,0,9,99985640.0
2175.0,0,5,77700.0,-20552.0,0,9,0.0
2175.0,2,5,77700.0,16426.15574933953,0,0,77750728.24527709
2175.0,0,0,77700.0,159286.40625,0,0,99985108.13018984
15.0,2,0,0.6000000238418579,-20552.0,8,9,99985640.0
15.0,2,0,0.6000000238418579,159286.40625,0,0,99985640.0
15.0,2,5,0.6000000238418579,-20552.0,8,9,0.0
2175.0,0,0,77700.0,-20552.0,0,9,0.0
2175.0,0,5,0.6000000238418579,159286.40625,0,9,0.0
286.75612272763124,0,5,0.6000000238418579,159286.40625,0,9,0.0
15.0,2,0,0.6000000238418579,159286.40625,0,0,0.0
15.0,0,0,0.6000000238418579,159286.40625,8,9,0.0
15.0,2,0,0.6000000238418579,-20552.0,0,9,99985640.0
2175.0,2,5,77700.0,159286.40625,0,9,0.0
2175.0,2,0,77700.0,-20552.0,0,9,0.0
15.0,2,0,0.6000000238418579,-20552.0,0,0,0.0
2175.0,0,0,77700.0,-20552.0,8,0,0.0
2175.0,0,5,77700.0,-20552.0,8,9,0.0
2175.0,0,0,77700.0,-20552.0,8,0,99985640.0
2175.0,0,0,77700.0,159286.40625,0,0,0.0
2175.0,0,0,77700.0,159286.40625,0,0,99984485.78478746
2175.0,2,5,0.6000000238418579,-20552.0,8,9,0.0
1971.3305453674361,0,5,0.6000000238418579,-20552.0,0,0,0.0
15.0,0,5,77700.0,-20552.0,8,0,99985640.0
2175.0,0,4,77700.0,-20552.0,8,0,0.0
2175.0,2,5,77700.0,159286.40625,0,9,99985640.0
2175.0,2,0,77700.0,-20552.0,0,0,0.0
15.0,2,0,77700.0,159286.40625,3,0,0.0
15.0,0,5,77700.0,159286.40625,0,9,99985640.0
2175.0,2,5,77700.0,-20552.0,8,0,99985640.0
2175.0,2,5,77700.0,-20552.0,0,9,99985640.0
15.0,2,0,77700.0,-20552.0,8,9,0.0
15.0,0,0,0.6000000238418579,159286.40625,8,9,0.0
2175.0,0,0,77700.0,-20552.0,8,9,0.0
15.0,0,5,0.6000000238418579,159286.40625,0,9,99985640.0
1862.8546004168834,2,5,77700.0,-20552.0,8,0,99985640.0
15.0,2,5,77700.0,-20552.0,0,0,0.0
15.0,2,0,77700.0,159286.40625,0,9,99985640.0
2175.0,0,5,0.6174913334443647,-20552.0,0,9,99985640.0
2175.0,0,4,77700.0,-20552.0,5,9,99985640.0
15.0,2,5,0.6000000238418579,-20552.0,8,9,0.0
15.0,0,5,0.6000000238418579,159286.40625,0,9,0.0
2175.0,0,5,0.6000000238418579,159286.40625,8,0,0.0
15.0,0,4,77700.0,-20552.0,8,0,99985640.0
2175.0,0,5,77700.0,-20552.0,8,9,0.0
2175.0,2,5,77700.0,10167.588696580919,0,0,0.0
15.0,0,0,77700.0,159286.40625,0,0,0.0
2175.0,2,5,77700.0,-20552.0,8,0,99985640.0
15.0,0,0,77700.0,-20552.0,0,0,0.0
2175.0,2,5,0.6000000238418579,159286.40625,0,0,0.0
2175.0,2,5,0.6000000238418579,159286.40625,8,9,99985640.0
2175.0,0,0,0.6000000238418579,-20552.0,8,0,0.0
2175.0,2,0,0.6000000238418579,159286.40625,8,0,0.0
15.0,0,5,0.9018781051962115,65257.96320444116,8,0,99492122.54275014
2175.0,0,0,77700.0,-20552.0,0,0,99985640.0
15.0,2,4,0.6000000238418579,159286.40625,8,0,99745981.36166932
15.0,2,5,0.6000000238418579,-20552.0,8,9,99985640.0
15.0,2,5,0.6000000238418579,-20552.0,0,0,0.0
2175.0,0,0,77700.0,-20552.0,0,0,99836308.37855852
2175.0,0,0,77700.0,159286.40625,8,0,0.0
2175.0,2,0,77700.0,-20552.0,0,0,0.0
15.0,0,5,77700.0,-20552.0,0,0,0.0
2175.0,2,5,49118.736518198566,159286.40625,8,9,99985640.0
2175.0,2,5,77700.0,159286.40625,0,9,0.0
15.0,2,0,0.6000000238418579,83490.47073058446,0,0,0.0
2175.0,0,0,77700.0,-20552.0,8,0,0.0
2175.0,0,0,77700.0,-20552.0,8,0,0.0
15.0,0,5,77700.0,18896.738029663375,8,0,99985640.0
2175.0,0,0,77700.0,-20552.0,0,9,99985640.0
15.0,0,5,0.6000000238418579,159286.40625,8,0,0.0
2175.0,2,5,77700.0,-20552.0,8,9,0.0
2175.0,2,0,77700.0,159286.40625,8,0,99985640.0
260.1096001368804,2,5,77700.0,159286.40625,8,0,0.0
2175.0,0,0,77700.0,-20552.0,8,9,99985640.0
2175.0,2,0,77700.0,-20552.0,8,9,99985640.0
2175.0,0,0,77700.0,159286.40625,8,0,0.0
2175.0,0,5,0.6000000238418579,159286.40625,6,9,91723945.38609205
15.0,0,0,0.6000000238418579,85343.94854042283,6,0,99985640.0
15.0,2,0,0.6000000238418579,-20552.0,0,9,0.0
15.0,2,5,0.6000000238418579,-20552.0,0,9,99985640.0
15.0,2,5,0.6000000238418579,159286.40625,0,0,99985640.0
2175.0,2,5,0.6000000238418579,133426.40413567174,0,0,99985640.0
2175.0,0,0,77700.0,159286.40625,8,9,0.0
15.0,0,5,0.6000000238418579,159286.40625,8,0,0.0
2175.0,2,5,77700.0,-20552.0,0,0,0.0
2175.0,2,5,77700.0,159286.40625,8,0,99985640.0
2175.0,0,0,77700.0,159286.40625,8,9,0.0
2175.0,0,5,77700.0,-20552.0,8,0,0.0
2175.0,0,5,171.60061879315327,159286.40625,8,9,0.0
2175.0,0,5,77700.0,159214.44623210368,8,9,0.0
15.0,2,5,0.6000000238418579,159286.40625,0,9,99985640.0
2175.0,0,5,0.6000000238418579,-20552.0,0,9,0.0
15.0,2,0,0.6000000238418579,159286.40625,0,0,99985640.0
15.0,0,0,0.6000000238418579,-20552.0,8,0,99985640.0
18.470054490464964,0,0,0.6000000238418579,-20552.0,8,0,99985640.0
15.0,2,0,77700.0,159286.40625,8,0,99985640.0
2175.0,0,0,77700.0,-20552.0,8,0,99985640.0
15.0,0,5,77700.0,159286.40625,8,9,99985255.14051187
15.0,2,5,77700.0,159286.40625,8,0,99985640.0
15.0,2,5,77700.0,-20552.0,8,0,0.0
15.0,0,0,0.6000000238418579,-20552.0,8,9,0.0
15.0,0,5,77700.0,-20547.808122542476,8,9,99985640.0
2175.0,0,5,77700.0,-20552.0,0,9,0.0
15.0,0,5,0.6000000238418579,159286.40625,8,9,0.0
15.0,2,0,0.6000000238418579,-20552.0,0,9,99985640.0
2175.0,2,0,77700.0,159286.40625,0,0,99985640.0
2175.0,2,0,0.6000000238418579,-20552.0,0,0,0.0
15.0,2,5,77700.0,217.94486209147152,0,9,99985640.0
15.0,2,5,77700.0,49327.892714728325,8,0,99985640.0
2175.0,2,5,77700.0,-20552.0,0,9,0.0
2175.0,2,5,77700.0,159286.40625,8,0,0.0
15.0,2,5,77700.0,159286.40625,8,0,0.0
2175.0,2,5,0.6000000238418579,159286.40625,8,9,99985640.0
2175.0,0,0,77700.0,159286.40625,8,0,99985640.0
2175.0,2,5,0.6000000238418579,-20552.0,8,9,0.0
2175.0,0,0,0.6000000238418579,159286.40625,0,9,0.0
15.0,2,5,0.6000000238418579,159286.40625,0,0,99985640.0
2175.0,0,5,77700.0,-20552.0,8,9,99985640.0
2114.0,0,5,77700.0,-20552.0,8,9,0.0
2175.0,2,0,0.6000000238418579,159286.40625,8,0,99985640.0
15.0,0,5,0.6000000238418579,-20552.0,0,0,0.0
15.0,0,5,77700.0,-20552.0,0,0,0.0
2175.0,2,5,77700.0,-20552.0,8,0,99985640.0
2175.0,2,5,0.6000000238418579,159286.40625,0,9,0.0
15.0,0,5,0.6000000238418579,-20552.0,0,9,99985640.0
2175.0,0,5,77700.0,159286.40625,8,9,99985640.0
15.0,0,0,100.0,-20552.0,8,0,99985640.0
2175.0,0,5,0.6000000238418579,159286.40625,7,9,0.0
15.0,0,5,77700.0,-20552.0,8,0,99969165.72426759
2175.0,2,5,0.6000000238418579,76812.48897992828,0,0,0.0
2175.0,0,5,24662.470365705678,-20552.0,0,0,0.0
149.6719912879254,2,0,77700.0,-20552.0,0,9,99985640.0
15.0,0,0,77700.0,-20552.0,0,9,97226662.2023204
2175.0,2,5,0.6000000238418579,159286.40625,0,9,99985640.0
15.0,2,5,0.6000000238418579,-20552.0,8,0,0.0
2175.0,2,5,0.6000000238418579,159286.40625,8,9,99985640.0
15.0,0,5,0.6000000238418579,139872.2806147324,0,9,0.0
15.0,0,0,1440.9436851945793,-13193.896265261177,8,9,99985640.0
15.0,2,0,0.6000000238418579,-20552.0,0,9,99985640.0
2175.0,0,0,77700.0,159282.10296796783,8,9,99985640.0
15.0,0,0,0.6000000238418579,-20552.0,0,9,0.0
15.0,2,0,77700.0,159286.40625,2,9,99985640.0
15.0,2,0,0.6000000238418579,159286.40625,0,0,0.0
15.0,2,0,77700.0,-20552.0,8,9,99985640.0
15.0,2,0,0.6000000238418579,-20552.0,8,9,99985640.0
2175.0,0,0,77700.0,-20552.0,8,0,99985640.0
15.0,2,5,0.6000000238418579,-20550.039548790453,8,0,99985640.0
2175.0,2,0,0.6000000238418579,159286.40625,8,0,0.0
2175.0,0,0,77700.0,-20552.0,8,0,0.0
2175.0,2,5,0.6000000238418579,-20552.0,8,9,99985640.0
15.0,0,0,77700.0,159286.40625,8,0,0.0
15.0,2,0,0.6000000238418579,-20552.0,8,9,0.0
2175.0,2,0,0.6000000238418579,-20552.0,8,9,99985640.0
2175.0,2,0,0.6000000238418579,159286.40625,8,0,0.0
2175.0,0,5,0.6000000238418579,-20552.0,0,0,99985640.0
15.0,0,0,77700.0,-20552.0,7,9,99985640.0
15.0,0,0,77700.0,159286.40625,8,0,0.0
2175.0,0,1,77700.0,-20552.0,0,9,0.0
2175.0,0,5,0.6000000238418579,-20552.0,8,0,0.0
2175.0,0,5,77700.0,-20552.0,7,0,0.0
1855.4930159850303,2,5,0.6000000238418579,159286.40625,0,0,99985640.0
15.0,0,0,77700.0,-20552.0,0,0,99985640.0
418.71496214087176,0,4,0.6000000238418579,-20552.0,8,9,0.0
2175.0,2,5,77700.0,-20552.0,0,0,99985640.0
2175.0,0,5,0.6000000238418579,159286.40625,0,0,0.0
15.0,0,0,0.6000000238418579,-20552.0,0,9,0.0
2175.0,0,5,55968.66975386626,-20552.0,0,9,0.0
15.0,0,1,77700.0,159286.40625,0,9,0.0
2175.0,0,5,77700.0,-20552.0,8,9,0.0
15.0,2,0,77700.0,159286.40625,8,9,0.0
2175.0,2,0,0.6000000238418579,-20552.0,0,9,99985640.0
15.0,2,0,77700.0,-20552.0,7,0,99985640.0
2175.0,0,5,77700.0,159286.40625,8,9,99985640.0
2175.0,0,0,77700.0,159286.40625,0,9,0.0
15.0,0,0,77700.0,-20552.0,0,0,0.0
2175.0,0,5,77700.0,-20552.0,0,9,0.0
2175.0,0,5,0.6000000238418579,-20552.0,0,9,0.0
15.0,0,0,77700.0,-20552.0,8,9,99985640.0
2175.0,2,5,77700.0,-20552.0,0,9,0.0
2175.0,0,5,77677.00644064146,159286.40625,0,9,0.0
15.0,0,0,77700.0,-20552.0,8,9,0.0
15.0,0,0,0.6000000238418579,-20552.0,8,0,99985640.0
2175.0,0,5,77700.0,-20552.0,8,9,0.0
15.550468540793537,2,5,6674.371044081085,159286.40625,0,0,0.0
2175.0,2,5,77700.0,159286.40625,0,0,99954344.61322816
15.0,2,5,0.6000000238418579,-20552.0,8,9,99985640.0
2175.0,0,0,0.6000000238418579,-20552.0,0,0,0.0
15.0,0,0,77695.7634166637,159286.40625,8,0,99985640.0
2175.0,2,5,77700.0,-20050.203619331565,8,9,0.0
15.0,0,0,0.6000000238418579,159286.40625,0,9,0.0
2175.0,2,0,77700.0,-20552.0,8,0,99985640.0
2175.0,0,5,77700.0,-20552.0,8,0,0.0
15.0,2,0,1.2361000813358318,-20552.0,8,0,0.0
2175.0,0,0,77700.0,145426.098911695,0,0,0.0
15.0,2,5,77700.0,-13781.47158961771,0,9,99985640.0
15.0,2,0,77700.0,159286.40625,0,0,99985640.0
15.0,2,3,77700.0,-20552.0,0,0,99985640.0
15.0,2,5,77700.0,-20552.0,0,9,99985640.0
15.0,2,5,77685.41749045833,-20552.0,8,9,0.0
2175.0,0,5,0.6000000238418579,159286.40625,0,0,0.0
15.0,2,0,0.6000000238418579,31607.787276968054,0,9,0.0
2175.0,2,0,0.6000000238418579,-20552.0,8,9,0.0
2175.0,2,0,77700.0,159286.40625,8,9,99985640.0
2175.0,0,5,77700.0,-20552.0,0,9,0.0
2175.0,0,0,77700.0,159286.40625,0,0,0.0
2175.0,2,5,77568.88078646264,-20552.0,8,0,0.0
1897.079823117929,2,4,19366.86686527732,-20552.0,8,9,99985640.0
19.61342519755402,2,5,0.6000000238418579,-20552.0,0,0,0.0
2175.0,0,5,0.6000000238418579,159286.40625,0,9,0.0
2175.0,2,0,77700.0,159286.40625,0,9,0.0
2175.0,2,0,77700.0,-20552.0,0,0,0.0
15.0,2,5,77700.0,-20552.0,0,0,99985640.0
15.0,2,1,77700.0,-20552.0,0,0,0.0
15.0,2,0,77700.0,159286.40625,8,9,0.0
15.0,2,5,77700.0,38117.814159723814,0,0,0.0
15.0,2,5,77700.0,-20552.0,0,0,99985640.0
2175.0,2,5,77700.0,108590.82902139869,0,0,99985640.0
15.0,0,5,77700.0,-20552.0,8,9,99985640.0
2175.0,2,5,0.6000000238418579,159286.40625,0,9,99985640.0
2175.0,2,5,77700.0,-20552.0,8,0,99985640.0
2175.0,0,3,77700.0,-20552.0,0,0,0.0
2175.0,0,5,77700.0,159286.40625,8,9,0.0
15.0,0,0,0.6000000238418579,-20552.0,0,9,99985610.45172162
15.0,2,0,77700.0,159286.40625,8,0,0.0
2175.0,2,5,0.6000000238418579,-11034.68091047307,0,9,99985640.0
15.0,2,0,0.6000000238418579,-20552.0,0,9,99985640.0
2030.6319353369145,0,5,77700.0,159286.40625,0,13,0.0
15.0,0,0,0.6000000238418579,159286.40625,8,9,0.0
2175.0,0,5,77700.0,-20552.0,0,9,99985640.0
15.0,0,5,77700.0,-20552.0,8,9,99985640.0
15.0,2,5,77700.0,12126.606294035928,8,9,99985640.0
15.0,0,0,77700.0,-20552.0,8,9,0.0
15.0,0,5,77700.0,159286.40625,0,0,99985640.0
2175.0,0,5,14.600000381469727,-20552.0,0,9,99985640.0
2175.0,0,0,0.6000000238418579,-20552.0,0,0,99985640.0
15.0,0,5,13851.706146228515,-20552.0,8,0,99985640.0
2175.0,2,5,0.6000000238418579,-20552.0,0,9,0.0
2175.0,2,5,0.6000000238418579,-20552.0,8,9,0.0
15.0,2,0,0.6000000238418579,159286.40625,0,0,0.0
15.0,2,0,77700.0,25888.282239124674,8,0,0.0
2175.0,2,0,0.6000000238418579,159286.40625,8,0,0.0
15.0,2,0,77700.0,159286.40625,7,9,99985640.0
2175.0,2,0,74601.98943055686,-20552.0,0,0,31164396.23477463
15.0,0,5,77700.0,-20552.0,0,0,99985640.0
2175.0,0,5,32783.30647281198,-20552.0,8,0,0.0
15.0,0,5,0.6000000238418579,-20552.0,8,9,0.0
15.0,0,0,0.6000000238418579,-20552.0,8,9,99985640.0
15.0,2,5,0.6000000238418579,-20552.0,0,9,0.0
15.0,0,5,0.6000000238418579,-20552.0,0,0,99985640.0
2175.0,0,2,77660.90442804298,159286.40625,0,0,99985640.0
2175.0,2,0,0.6000000238418579,-20552.0,0,0,0.0
2175.0,0,0,0.6000000238418579,-20552.0,8,0,0.0
2175.0,2,5,77700.0,159286.40625,8,9,0.0
565.7083912100572,2,0,77700.0,159286.40625,8,0,0.0
15.0,2,0,77235.4691668579,-20552.0,8,0,83956411.05119939
15.0,0,5,0.6000000238418579,159286.40625,8,0,99985640.0
2175.0,2,5,77700.0,-20552.0,8,0,99985640.0
15.0,0,0,77700.0,159286.40625,8,9,99985640.0
15.0,0,5,0.6145458782886701,7197.65439337022,8,9,0.0
15.0,2,0,0.6000000238418579,-20552.0,8,9,0.0
2175.0,0,5,77700.0,-20552.0,8,0,0.0
2175.0,0,0,77700.0,-20552.0,8,9,0.0
2175.0,2,0,77700.0,-20552.0,0,0,0.0
2175.0,2,0,24559.518419758013,159286.40625,0,4,0.0
15.0,2,5,0.6000000238418579,-20552.0,8,9,0.0
2175.0,0,0,0.6000000238418579,-20552.0,0,0,99985640.0
15.0,2,0,14.600000381469727,-20552.0,0,9,0.0
2175.0,0,5,0.6000000238418579,-20552.0,0,0,0.0
15.0,2,5,77700.0,-20552.0,8,9,0.0
2175.0,0,4,77700.0,-20552.0,8,9,99985640.0
2175.0,2,2,77700.0,159286.40625,8,0,0.0
2175.0,2,0,77700.0,159286.40625,0,0,0.0
2175.0,2,0,77700.0,159286.40625,8,0,0.0
15.0,0,0,77258.69821869362,159271.58742155298,8,0,99985640.0
2175.0,2,5,77700.0,99076.28131550486,0,8,0.0
2175.0,2,1,77700.0,-20552.0,8,0,0.0
15.0,2,5,1.0407361082524382,-20552.0,8,0,99985640.0
15.0,0,0,0.6000000238418579,159286.40625,0,9,99985640.0
381.03562110673766,0,0,77700.0,-20552.0,0,9,0.0
15.0,2,0,17465.07143796671,-20552.0,0,0,99985640.0
2175.0,2,4,77700.0,-20552.0,0,9,99985325.15933068
2175.0,0,0,0.6000000238418579,159286.40625,0,0,99985640.0
918.9431631007387,0,0,0.6000000238418579,-20552.0,8,0,99985640.0
2175.0,0,5,77700.0,159286.40625,0,9,99985640.0
1808.2682222986484,0,5,77700.0,-20552.0,8,0,99985640.0
15.0,2,5,0.6000000238418579,159286.40625,8,9,0.0
15.0,0,5,0.6000000238418579,28619.63895656913,0,0,0.0
15.0,2,0,77700.0,159286.40625,0,9,0.0
15.0,2,3,77700.0,159286.40625,8,0,99985640.0
2175.0,2,0,0.6000000238418579,-20552.0,8,0,0.0
2175.0,2,5,77700.0,159286.40625,8,9,0.0
15.0,0,0,77700.0,159286.40625,8,9,0.0
15.0,2,5,0.6000000238418579,159286.40625,0,0,0.0
15.0,2,5,0.6000000238418579,-20552.0,8,0,99985640.0
15.0,0,0,29877.735005746228,159286.40625,0,9,0.0
2175.0,2,5,0.6000000238418579,-20552.0,8,0,99985640.0
2175.0,0,5,0.6000000238418579,-20552.0,8,0,0.0
15.0,2,0,0.6000000238418579,-20552.0,0,9,0.0
2144.0,0,5,77700.0,159286.40625,8,9,99985640.0
15.174411389668371,0,0,77700.0,159286.40625,8,0,0.0
2175.0,0,0,0.6000000238418579,-20552.0,0,0,99985640.0
2175.0,0,0,0.6000000238418579,159286.40625,8,9,0.0
15.0,0,5,501.39205616516784,-20552.0,8,0,99985640.0
2175.0,2,5,77700.0,159286.40625,8,9,0.0
2175.0,2,0,0.6000000238418579,159286.40625,0,0,0.0
2175.0,2,5,0.6000000238418579,-20552.0,0,0,0.0
15.0,0,5,77700.0,159286.40625,0,9,0.0
1445.0,0,5,0.6000000238418579,159286.40625,8,9,99985640.0
2175.0,0,5,77700.0,20018.223967778005,0,9,0.0
15.0,2,0,0.6000000238418579,159286.40625,0,0,0.0
2175.0,2,5,77230.95585850804,159286.40625,8,0,0.0
2175.0,0,5,0.6000000238418579,-20552.0,0,0,0.0
2175.0,2,5,77700.0,-20552.0,8,0,0.0
15.0,2,0,77700.0,159286.40625,8,9,0.0
15.0,2,5,77700.0,159286.40625,0,0,99985640.0
15.0,0,0,77700.0,-20552.0,0,0,99985640.0
2175.0,2,5,0.6000000238418579,-20552.0,0,0,0.0
15.0,0,0,0.6000000238418579,159286.40625,8,9,0.0
15.0,2,5,1.8250062232258681,159286.40625,0,0,0.0
2175.0,2,5,0.6000000238418579,-20552.0,8,9,0.0
2175.0,2,0,77700.0,159286.40625,0,0,0.0
15.0,0,5,0.6000000238418579,159286.40625,0,9,99985640.0
2175.0,0,0,77700.0,-20552.0,0,0,0.0
15.0,2,0,77700.0,159286.40625,8,9,99985640.0
2175.0,0,5,0.6000000238418579,159286.40625,0,9,0.0
2175.0,2,0,77700.0,159286.40625,0,0,0.0
15.0,0,5,2.595685618379487,-20552.0,8,9,99985640.0
15.0,0,0,77680.07257972551,159286.40625,8,9,99985640.0
15.0,0,0,0.6000000238418579,-20552.0,8,9,99985640.0
2175.0,0,0,0.8048975783481268,152476.50635100686,0,0,99954257.48584563
2175.0,2,5,0.6000000238418579,159286.40625,8,0,0.0
15.0,2,5,0.6000000238418579,159286.40625,8,9,0.0
15.0,0,0,0.6000000238418579,-20552.0,0,0,0.0
2175.0,0,5,77700.0,159286.40625,0,0,0.0
15.0,2,5,0.6000000238418579,159286.40625,7,0,0.0
15.0,2,0,77700.0,-20552.0,8,9,0.0
15.0,0,4,0.6000000238418579,159286.40625,8,9,0.0
148.5295676757564,0,0,0.6000000238418579,-20552.0,8,9,99985640.0
2175.0,2,5,77700.0,-20552.0,0,9,0.0
2175.0,0,5,77669.61081090858,159286.40625,0,9,99985640.0
15.0,2,5,0.6000000238418579,159286.40625,0,9,0.0
15.0,2,5,0.6000000238418579,159286.40625,0,0,0.0
15.0,2,0,77700.0,-20552.0,8,0,99985640.0
2175.0,0,0,77698.92422707782,-20552.0,8,9,0.0
2175.0,0,5,77700.0,-20552.0,0,9,99985640.0
15.0,2,0,77700.0,159286.40625,0,9,98623945.67216447
653.0,2,5,0.6000000238418579,159286.40625,8,0,99985640.0
15.0,2,0,77700.0,-20552.0,8,9,99985640.0
2175.0,0,5,14.600000381469727,159286.40625,8,0,99985640.0
15.0,2,0,0.6000000238418579,159286.40625,8,0,0.0
15.0,2,5,77700.0,-20552.0,8,9,0.0
15.0,0,5,77700.0,-20552.0,8,9,0.0
2175.0,0,5,0.6000000238418579,159286.40625,8,0,99985640.0
2175.0,0,5,77700.0,-20552.0,8,9,99985640.0
15.0,2,0,77700.0,-20552.0,0,0,0.0
15.0,0,5,6.2067433250285955,-20552.0,0,0,71056638.24137236
1851.7769589655923,0,4,0.6000000238418579,159286.40625,0,0,99985640.0
15.0,0,5,0.6000000238418579,93573.05387734482,0,9,0.0
15.0,0,5,77700.0,-20549.221116289456,8,0,0.0
15.0,0,0,0.6000000238418579,-20552.0,0,9,99985640.0
2175.0,0,0,77700.0,159286.40625,8,9,0.0
15.0,0,5,77700.0,-20552.0,8,9,99985640.0
15.0,2,5,0.6000000238418579,-20552.0,8,9,99985640.0
15.0,0,5,77700.0,-20552.0,8,9,99985640.0
15.0,2,0,77700.0,-20552.0,8,0,0.0
15.0,0,0,0.6000000238418579,-20552.0,0,9,99985640.0
15.0,2,5,0.6000000238418579,159286.40625,8,9,0.0
15.0,0,5,77700.0,-20552.0,8,9,99985640.0
15.0,2,5,77700.0,89686.73854075426,8,7,99985640.0
2175.0,0,0,77700.0,-20552.0,8,0,0.0
2175.0,0,5,74585.86051521858,159286.40625,8,0,99985640.0
15.0,2,0,0.8234112115188654,159286.40625,0,9,99959506.55724713
2175.0,0,0,0.6000000238418579,-20552.0,8,9,0.0
15.0,0,0,77700.0,-20552.0,8,0,99985640.0
2175.0,2,5,77700.0,159286.40625,8,0,0.0
15.0,0,0,77700.0,-20552.0,0,0,0.0
15.0,0,0,0.6000000238418579,7488.230117053725,0,0,99985640.0
2175.0,0,5,77700.0,-20552.0,0,0,0.0
15.0,0,5,0.6000000238418579,-20552.0,8,0,0.0
15.0,0,5,77700.0,-20552.0,0,9,0.0
15.0,0,0,44091.42065809041,-20552.0,0,9,0.0
2175.0,2,5,0.6000000238418579,68949.81956343184,0,9,0.0
2175.0,0,0,0.6115357892865817,-20552.0,8,9,0.0
2174.0060330013084,2,5,0.6000000238418579,72074.29217637805,8,9,99985640.0
2175.0,2,5,0.6000000238418579,-20552.0,0,9,0.0
15.0,2,5,77700.0,14544.967697972661,8,0,99985640.0
2175.0,2,0,77700.0,-20552.0,0,0,0.0
15.0,0,5,77700.0,-20552.0,0,0,0.0
15.0,2,0,0.6000000238418579,159286.40625,8,0,99985640.0
15.0,2,5,0.6000000238418579,-20552.0,0,0,0.0
1850.4565068214774,2,0,0.6000000238418579,-20552.0,8,9,0.0
2175.0,2,5,0.6000000238418579,159286.40625,0,9,99985640.0
15.0,2,0,0.6000000238418579,-20552.0,8,9,0.0
2175.0,0,5,0.6000000238418579,159286.40625,0,9,99985640.0
15.0,2,5,0.6000000238418579,-20552.0,0,9,99985640.0
2175.0,2,5,0.6000000238418579,159286.40625,8,0,99985640.0
15.0,2,0,0.6000000238418579,-20552.0,0,9,0.0
15.0,2,0,77700.0,159286.40625,8,0,0.0
15.0,2,5,0.6000000238418579,159286.40625,8,0,99985640.0
2175.0,0,5,77700.0,-20552.0,8,9,99985640.0
2175.0,0,5,77700.0,159286.40625,8,0,0.0
2175.0,0,5,77700.0,-20552.0,0,0,99985640.0
2175.0,2,0,77700.0,159286.40625,8,9,0.0
626.1027242588935,2,5,77700.0,-20552.0,0,9,0.0
15.0,0,1,77700.0,-20552.0,0,9,99985640.0
2175.0,0,0,75507.72088957502,-20552.0,7,9,0.0
2175.0,2,0,77700.0,159286.40625,8,0,99985640.0
15.0,0,5,77700.0,159286.40625,8,9,99985640.0
2175.0,0,5,77700.0,-20552.0,0,0,0.0
15.0,2,0,77700.0,-20552.0,0,9,99985640.0
2175.0,2,0,77700.0,-20552.0,8,9,99985640.0
15.0,2,5,77700.0,-20552.0,8,9,0.0
15.0,0,5,0.6000000238418579,159286.40625,0,0,99985640.0
15.0,0,5,14.600000381469727,-20552.0,8,0,99985640.0
2175.0,2,0,0.6000000238418579,159286.40625,0,9,0.0
2175.0,2,5,0.6000000238418579,159286.40625,8,0,99985640.0
2175.0,0,0,77700.0,159286.40625,0,0,0.0
15.0,0,0,77700.0,159286.40625,0,0,99985640.0
2175.0,2,5,77700.0,159286.40625,0,0,0.0
699.9135798064133,2,0,77700.0,-20552.0,8,0,0.0
2175.0,2,5,77700.0,-20552.0,0,9,99985640.0
15.0,0,0,0.6000000238418579,159286.40625,8,0,0.0
15.0,2,5,0.6000000238418579,-20552.0,8,0,99985640.0
2175.0,0,0,77700.0,159286.40625,0,0,0.0
2175.0,0,0,77700.0,-20552.0,8,0,0.0
2175.0,0,5,0.6000000238418579,159286.40625,0,9,99985640.0
2175.0,2,5,77700.0,159286.40625,8,9,0.0
233.60419468492785,0,5,77700.0,159286.40625,8,0,0.0
2175.0,0,0,0.6000000238418579,-20552.0,8,9,0.0
2175.0,0,5,77700.0,159286.40625,8,0,0.0
2175.0,2,0,77700.0,-20552.0,0,0,0.0
2175.0,0,5,0.6000000238418579,-20552.0,8,9,0.0
2175.0,2,5,0.6000000238418579,159286.40625,8,9,0.0
15.0,0,5,77700.0,-20552.0,0,0,99809907.34062365
2175.0,2,0,77700.0,-20552.0,8,9,0.0
15.0,2,0,0.6000000238418579,-20552.0,8,9,0.0
2175.0,0,5,20474.663067492056,159286.40625,8,8,0.0
15.0,0,0,0.6000000238418579,-20552.0,0,0,0.0
15.0,2,5,77700.0,159286.40625,7,0,99985640.0
15.0,0,4,77700.0,159286.40625,8,0,99985640.0
2175.0,0,0,77700.0,-20552.0,8,9,0.0
2175.0,0,3,77700.0,-20552.0,8,9,0.0
2175.0,2,5,77700.0,-20552.0,8,9,0.0
15.0,0,0,77700.0,-20552.0,0,0,0.0
2175.0,0,0,77700.0,-20552.0,0,9,0.0
15.0,0,5,77700.0,159286.40625,8,0,0.0
15.0,2,5,77700.0,159286.40625,8,9,0.0
2175.0,0,5,77700.0,-20552.0,0,9,0.0
2175.0,0,3,77700.0,-20552.0,0,9,0.0
2175.0,2,0,0.6000000238418579,159286.40625,0,9,0.0
2175.0,0,5,0.6000000238418579,-20552.0,0,9,99985640.0
2175.0,2,5,77.79994181408274,159286.40625,8,9,0.0
2175.0,0,4,0.6000000238418579,-20552.0,8,0,99985640.0
15.0,0,0,0.6000000238418579,-20552.0,0,9,99985640.0
2175.0,2,5,0.6000000238418579,-20552.0,8,0,0.0
15.0,0,5,0.6000000238418579,159286.40625,0,9,99985640.0
2175.0,2,0,0.6000000238418579,159286.40625,8,9,0.0
15.0,2,0,77700.0,-20552.0,0,0,99985640.0
2175.0,2,5,77700.0,-20552.0,0,0,99985640.0
2175.0,0,0,77700.0,159286.40625,0,0,0.0
2175.0,0,4,77700.0,-20552.0,8,9,99985640.0
2175.0,0,5,77700.0,-20552.0,8,0,0.0
2175.0,0,5,0.6000000238418579,-20552.0,8,9,99985640.0
2175.0,2,5,0.6000000238418579,159286.40625,8,0,0.0
15.0,0,5,77700.0,-20552.0,8,9,99985640.0
2175.0,2,5,0.6000000238418579,-20552.0,0,0,99985640.0
446.7194949267341,0,0,0.6000000238418579,-20552.0,8,9,99985274.02486937
15.0,0,0,0.6000000238418579,-20552.0,0,9,0.0
15.0,0,0,0.6000000238418579,-20552.0,8,0,99985640.0
2175.0,0,0,0.6000000238418579,-20496.333266291855,8,9,0.0
1873.8260713143206,2,0,5385.702507372002,-20552.0,8,9,99985640.0
2175.0,0,5,0.6000000238418579,159286.40625,7,0,99985640.0
626.1577430725874,0,5,77691.00783608007,-20455.893528649074,0,9,99985640.0
15.0,0,0,0.6000000238418579,-20552.0,8,0,0.0
2175.0,2,0,77700.0,159286.40625,8,9,99985640.0
15.0,2,5,77700.0,-20552.0,8,9,0.0
2175.0,2,0,0.6000000238418579,-20552.0,0,0,0.0
15.0,0,0,0.6000000238418579,159286.40625,8,9,99985640.0
2175.0,2,5,0.6000000238418579,158408.49910914808,8,0,0.0
2175.0,2,0,0.6000000238418579,-20552.0,8,0,99985640.0
2175.0,2,0,77700.0,46656.405312566254,0,9,0.0
2175.0,2,5,77700.0,159286.40625,8,0,0.0
2175.0,2,5,77700.0,-20552.0,0,0,0.0
2175.0,2,5,0.6000000238418579,-20552.0,0,0,0.0
2175.0,0,5,77700.0,159286.40625,7,9,0.0
15.0,2,5,0.6000000238418579,-20552.0,8,0,0.0
2175.0,2,0,77700.0,159286.40625,8,0,99985640.0
2175.0,2,5,0.6000000238418579,159286.40625,8,9,0.0
15.0,2,5,0.6000000238418579,159286.40625,0,0,99985640.0
15.0,2,0,77700.0,-20552.0,8,9,99985640.0
15.0,2,0,0.6000000238418579,159286.40625,8,6,99985640.0
15.0,0,0,0.6000000238418579,-20552.0,0,9,0.0
2175.0,2,5,0.6000000238418579,159286.40625,8,0,0.0
15.0,2,5,77700.0,157519.17833906217,0,9,99985640.0
15.0,2,5,77700.0,-20552.0,8,9,99985640.0
2175.0,2,0,0.6000000238418579,-20552.0,8,9,0.0
15.0,0,5,0.6000000238418579,159286.40625,8,9,0.0
2175.0,0,5,77700.0,20166.92036612367,8,9,99985640.0
15.0,0,5,77700.0,20014.7338384174,0,9,99985640.0
15.0,0,4,0.6000000238418579,-20552.0,8,9,0.0
2175.0,2,5,0.6000000238418579,-20552.0,8,0,99985640.0
2175.0,2,0,0.6000000238418579,-20552.0,0,9,99985640.0
15.0,2,4,0.6000000238418579,159286.40625,8,0,0.0
15.0,2,0,203.1472875763363,-20552.0,8,0,99985640.0
15.0,0,0,0.6000000238418579,-20552.0,0,9,0.0
2175.0,0,5,0.6000000238418579,-20552.0,8,0,0.0
2175.0,0,0,77700.0,159286.40625,0,9,0.0
2175.0,2,0,77700.0,110722.27022145712,1,9,99985640.0
2175.0,2,0,77700.0,159286.40625,8,0,0.0
2175.0,2,0,14.36733673837986,159286.40625,8,0,0.0
15.0,2,0,0.6000000238418579,157363.3947129931,8,0,0.0
15.0,0,0,0.6000000238418579,-20552.0,8,0,0.0
15.0,0,0,24312.937127065456,159286.40625,8,9,0.0
2175.0,2,5,77700.0,159286.40625,0,9,0.0
2175.0,0,5,0.6000000238418579,159286.40625,8,9,0.0
15.0,2,0,77700.0,-20552.0,8,9,99985640.0
2120.3724486220444,2,5,77700.0,-20552.0,8,0,99985640.0
15.0,0,0,77700.0,-20552.0,0,5,0.0
15.0,2,5,77700.0,159286.40625,8,0,0.0
15.0,2,5,0.6000000238418579,-20552.0,0,0,0.0
2175.0,0,5,14.600000381469727,159286.40625,8,0,0.0
2175.0,0,0,0.6000000238418579,-14362.90500550289,8,0,0.0
1833.073917073679,2,0,77700.0,159286.40625,8,0,0.0
2175.0,2,0,0.6000000238418579,-20552.0,8,9,0.0
15.152306777348194,2,5,77700.0,159286.40625,8,9,0.0
15.0,0,5,77700.0,-20552.0,0,0,99985640.0
2175.0,0,5,0.6000000238418579,159286.40625,0,9,0.0
311.4998315229076,2,5,77700.0,-20552.0,0,0,99947267.5227893
15.060060069551723,0,5,77700.0,-20552.0,0,9,0.0
15.0,0,0,0.6000000238418579,-20552.0,8,0,0.0
2175.0,2,0,310.200453138492,159286.40625,0,0,0.0
2175.0,2,0,77700.0,-20552.0,8,9,99985640.0
2175.0,2,5,0.6000000238418579,159286.40625,0,9,0.0
15.0,2,5,77087.36606882706,-20552.0,0,9,0.0
2175.0,2,0,77700.0,159286.40625,0,9,0.0
15.0,0,0,0.6000000238418579,159286.40625,6,0,99985640.0
15.0,2,0,14.600000381469727,-20552.0,0,9,99985640.0
15.42552416492565,0,0,77700.0,159286.40625,0,0,99985640.0
15.0,0,0,0.6000000238418579,-20552.0,8,9,0.0
15.0,0,5,77700.0,-20552.0,8,9,99985640.0
2175.0,0,0,77700.0,159286.40625,0,0,0.0
15.0,2,0,77700.0,-20552.0,0,9,99985640.0
15.0,0,5,0.6000000238418579,-20552.0,0,0,0.0
2175.0,2,5,77700.0,159286.40625,0,9,99985640.0
15.0,2,4,0.6000000238418579,-20552.0,8,0,0.0
2060.816262850174,2,5,0.6000000238418579,-20552.0,8,0,99985640.0
2175.0,2,5,77700.0,-20552.0,0,0,99985640.0
2175.0,2,5,77700.0,159286.40625,0,9,99985640.0
2175.0,0,0,77700.0,159286.40625,8,9,0.0
15.0,2,5,0.6000000238418579,-20552.0,8,9,0.0
2175.0,0,5,0.6000000238418579,-20552.0,8,0,99973301.66184016
2175.0,0,5,0.6000000238418579,-20552.0,8,9,88726741.02347197
15.0,0,0,77700.0,-20552.0,8,9,86909715.95332214
15.0,0,5,0.6000000238418579,-20552.0,8,9,99985640.0
2175.0,2,5,77700.0,-20552.0,8,0,99985640.0
2175.0,2,5,77700.0,-20552.0,0,0,99985640.0
15.0,2,5,0.6000000238418579,159286.40625,6,9,99985640.0
15.0,2,0,77700.0,159286.40625,0,0,0.0
15.0,0,0,77700.0,-20552.0,8,0,99985640.0
2175.0,0,5,77700.0,159286.40625,8,0,0.0
2175.0,2,5,77698.45414192433,159286.40625,8,0,0.0
2175.0,2,0,0.6000000238418579,-20552.0,0,0,0.0
2175.0,0,0,77700.0,-20552.0,8,9,99985640.0
2175.0,0,0,0.6000000238418579,-20552.0,0,0,99985640.0
124.63993599328288,0,0,0.6000000238418579,159286.40625,8,9,99985640.0
15.0,0,0,0.6000000238418579,26098.362822828352,8,9,99985640.0
15.0,2,0,77700.0,-20552.0,0,9,99985640.0
2175.0,0,0,0.6000000238418579,-20552.0,8,0,0.0
15.0,0,5,0.6000000238418579,159286.40625,8,0,99985640.0
15.0,2,0,77700.0,-20552.0,8,0,99985640.0
15.0,0,0,77700.0,81622.6100282757,8,9,99985640.0
2175.0,2,5,0.6000000238418579,-20552.0,0,9,0.0
2175.0,2,0,77700.0,-20552.0,8,9,0.0
2175.0,2,5,0.6000000238418579,-20552.0,8,0,99985640.0
15.0,0,0,77700.0,159286.40625,8,9,99985640.0
15.0,2,0,0.6000000238418579,-20552.0,8,9,0.0
2175.0,2,0,77700.0,159286.40625,8,0,0.0
15.0,2,5,77700.0,-20552.0,8,9,99985640.0
2175.0,0,5,77700.0,-20552.0,0,0,0.0
15.0,0,5,0.6000000238418579,110872.12632959428,0,0,99983985.79802269
2175.0,0,5,0.6000000238418579,-20552.0,0,0,99985640.0
2175.0,0,5,76299.31248837926,159286.40625,8,0,99985640.0
2175.0,0,5,77700.0,-20552.0,8,0,0.0
2175.0,2,5,0.6000000238418579,-20552.0,8,0,99985640.0
2175.0,2,5,77700.0,159286.40625,8,0,0.0
2175.0,0,5,77700.0,159286.40625,8,9,99985640.0
15.0,0,5,0.6000000238418579,159286.40625,8,9,0.0
15.0,0,4,77700.0,-20552.0,8,9,99985640.0
15.0,0,0,0.6000000238418579,159286.40625,8,0,0.0
15.0,0,5,0.6000000238418579,-16771.626455822632,0,9,0.0
15.0,0,5,0.6000000238418579,-20552.0,8,0,99985640.0
15.0,0,0,77700.0,-20552.0,0,0,99985640.0
15.0,2,5,77700.0,-20552.0,0,0,99985640.0
2175.0,0,5,77700.0,-20552.0,0,0,0.0
15.0,2,5,77700.0,159286.40625,0,9,0.0
15.0,0,5,77700.0,159286.40625,8,0,99985640.0
2175.0,2,5,77700.0,-20552.0,8,9,99985640.0
459.97889863643553,2,5,77700.0,-20552.0,0,9,99985640.0
15.0,2,5,77700.0,-20552.0,0,0,99985640.0
1993.2187133123866,0,0,77700.0,159286.40625,8,9,0.0
2175.0,2,0,14.600000381469727,159286.40625,8,0,99985640.0
15.0,2,5,0.6000000238418579,159286.40625,8,9,0.0
2175.0,0,5,0.6000000238418579,159286.40625,0,9,0.0
15.0,0,0,77700.0,-20552.0,8,9,99985640.0
15.0,2,5,0.6000000238418579,21728.601023243587,8,9,99985640.0
15.0,2,5,77700.0,-20552.0,0,9,99985640.0
15.0,2,0,0.6000000238418579,159286.40625,8,9,0.0
2175.0,2,5,77700.0,159286.40625,0,9,0.0
15.0,0,0,77700.0,-20552.0,8,9,99985640.0
1083.827051811285,2,0,0.6000000238418579,-20552.0,0,9,0.0
2175.0,2,0,77700.0,159286.40625,0,0,0.0
2175.0,0,5,77700.0,159286.40625,0,0,99985640.0
15.0,0,0,0.6000000238418579,159214.3560540727,0,0,0.0
15.0,0,0,77700.0,-20552.0,0,9,0.0
1782.908198201742,2,0,77700.0,-20552.0,8,0,99985640.0
2175.0,0,0,0.6000000238418579,-20552.0,8,9,0.0
2175.0,2,0,0.6000000238418579,21557.34998366196,8,9,0.0
15.0,0,5,0.6000000238418579,159286.40625,8,0,99985640.0
2175.0,0,0,0.6000000238418579,159286.40625,8,9,0.0
2175.0,2,5,10795.89442065462,159286.40625,8,9,0.0
15.0,2,5,0.6000000238418579,159286.40625,8,0,52789223.853423804
2175.0,2,5,77700.0,-20552.0,0,0,99985640.0
2175.0,2,5,77700.0,159286.40625,0,0,0.0
15.0,2,0,0.6000000238418579,-20552.0,0,9,0.0
2175.0,2,0,77700.0,-20552.0,8,0,99985640.0
15.0,2,5,0.6000000238418579,159286.40625,0,0,99985640.0
15.0,0,0,0.6000000238418579,-20552.0,8,0,99982168.88107166
15.0,0,5,0.6000000238418579,-20552.0,0,9,0.0
78.41627118228152,2,0,0.6000000238418579,159286.40625,8,0,0.0
2175.0,0,0,77700.0,-20552.0,8,0,0.0
15.0,0,0,77700.0,-20552.0,0,9,99985640.0
15.0,2,0,77700.0,-20552.0,0,0,99650638.44070059
15.0,2,5,77700.0,159286.40625,0,9,99985640.0
2175.0,0,5,0.6000000238418579,159286.40625,8,0,0.0
2175.0,0,0,77700.0,-20552.0,8,9,0.0
2175.0,2,5,77700.0,-20552.0,8,0,0.0
2175.0,2,5,77700.0,159286.40625,8,9,99985640.0
2168.477075120417,0,5,0.6000000238418579,159286.40625,8,9,89648482.07944033
2175.0,2,5,0.6000000238418579,-20552.0,8,9,0.0
15.0,2,5,2.169086190097087,-20552.0,8,9,0.0
2175.0,2,5,0.6000000238418579,159286.40625,0,0,0.0
2175.0,2,0,77700.0,-20552.0,0,9,0.0
15.0,2,0,77700.0,-20552.0,8,9,0.0
2175.0,2,5,77700.0,-20552.0,0,9,0.0
15.0,0,0,68991.37367479247,-20552.0,0,0,89833665.22012205
2175.0,2,5,77700.0,159286.40625,0,9,0.0
15.0,2,0,0.6000000238418579,159286.40625,8,9,99985640.0
15.0,2,0,0.6000000238418579,-20552.0,0,9,0.0
2175.0,0,0,0.6000000238418579,61476.87786303276,8,0,99985640.0
15.0,2,5,0.6000000238418579,-20552.0,0,9,0.0
15.0,2,0,77700.0,159286.40625,0,0,42940286.242932044
15.0,2,0,77700.0,-20552.0,0,0,99985640.0
2175.0,0,5,77700.0,159286.40625,0,0,0.0
2175.0,2,5,77700.0,-20552.0,8,0,0.0
2175.0,0,5,0.6000000238418579,-20552.0,7,9,99985640.0
2175.0,0,0,77700.0,159286.40625,8,0,99985640.0
2175.0,2,5,77700.0,-20552.0,0,9,0.0
2175.0,2,0,0.6000000238418579,159286.40625,5,0,0.0
2175.0,2,0,77700.0,-20552.0,8,0,0.0
15.0,2,5,77700.0,159286.40625,0,0,0.0
2175.0,0,0,77700.0,159286.40625,0,9,0.0
2175.0,2,0,77700.0,-20552.0,8,0,0.0
15.0,2,5,77700.0,-20552.0,8,0,0.0
2175.0,2,5,0.6000000238418579,-20552.0,0,0,0.0
2175.0,2,5,0.6000000238418579,-20552.0,0,0,0.0
15.0,2,0,0.6000000238418579,-20552.0,0,0,0.0
2175.0,2,5,77700.0,159286.40625,0,9,99826224.29523695
15.0,0,0,77700.0,159286.40625,8,0,99985640.0
285.1120327769489,0,0,0.6000000238418579,-20552.0,0,9,0.0
2175.0,0,0,0.6000000238418579,159286.40625,8,9,0.0
15.0,2,0,77700.0,-20552.0,8,0,99985640.0
2175.0,2,0,0.6000000238418579,-20552.0,8,9,0.0
2175.0,0,5,77700.0,-20552.0,0,9,57707363.124472514
2175.0,0,5,77700.0,-20552.0,8,0,0.0
2175.0,2,5,393.3406426588845,159286.40625,8,0,0.0
2175.0,0,5,77700.0,-20552.0,0,0,0.0
2175.0,0,0,0.6000000238418579,159286.40625,0,0,99985640.0
2175.0,2,5,0.6000000238418579,159286.40625,8,0,98935759.08919698
15.0,2,0,0.6000000238418579,159286.40625,0,0,0.0
15.0,0,5,77700.0,-20552.0,0,9,99985640.0
1853.4399699108715,2,5,0.6000000238418579,159286.40625,0,0,99985640.0
15.0,0,0,77700.0,159286.40625,8,0,0.0
15.0,0,5,0.6000000238418579,159286.40625,0,0,99985640.0
15.0,0,5,0.6000000238418579,159286.40625,0,9,99985640.0
15.0,0,0,77700.0,-20552.0,8,9,99985640.0
15.0,2,5,77700.0,15411.25970569265,8,9,99985640.0
15.0,0,0,0.6000000238418579,-20552.0,8,9,0.0
2153.247869486397,0,5,0.6000000238418579,-20552.0,8,0,0.0
15.0,0,0,0.6000000238418579,34310.62808437392,0,9,99985640.0
15.0,2,0,77700.0,159286.40625,8,9,0.0
15.0,2,5,0.6000000238418579,159286.40625,0,9,99985640.0
15.0,2,0,0.6000000238418579,-20552.0,8,9,0.0
15.0,2,5,0.6000000238418579,159286.40625,8,9,0.0
15.0,2,5,77700.0,159286.40625,8,0,99985640.0
187.9374312244575,2,0,0.6000000238418579,159286.40625,8,13,0.0
15.0,0,5,77700.0,-20552.0,0,9,0.0
2175.0,2,5,77700.0,17806.478344628948,8,0,0.0
1626.0,2,0,77545.59716562368,-20552.0,0,0,0.0
2175.0,0,5,0.6000000238418579,159286.40625,0,0,99985640.0
15.0,2,5,0.6000000238418579,159286.40625,8,0,0.0
15.0,0,0,0.6000000238418579,159286.40625,8,9,0.0
15.0,0,0,77700.0,13835.861282983646,8,9,0.0
2175.0,0,5,0.6000000238418579,-20552.0,0,0,0.0
2175.0,0,4,77700.0,159286.40625,0,9,99985640.0
15.0,0,0,77700.0,-20552.0,8,0,99985640.0
15.0,2,0,77700.0,-20552.0,8,0,99985640.0
2175.0,0,5,77700.0,159286.40625,8,9,0.0
2175.0,2,0,77700.0,159286.40625,0,0,0.0
2175.0,2,0,77700.0,-20552.0,0,9,0.0
15.0,2,5,77700.0,159286.40625,8,9,0.0
2175.0,0,0,77700.0,-20552.0,8,0,0.0
15.0,0,0,77700.0,61339.10147411851,8,0,0.0
15.0,2,0,77700.0,159286.40625,0,9,0.0
15.0,0,5,77700.0,-20552.0,8,0,99985162.89632021
15.0,2,5,0.6000000238418579,-20552.0,8,9,99985640.0
15.0,0,0,77700.0,-20552.0,8,0,99985640.0
15.0,2,0,0.6000000238418579,159286.40625,8,0,0.0
2175.0,0,5,0.6000000238418579,-20552.0,8,9,0.0
15.0,2,0,77700.0,-20552.0,8,9,0.0
15.0,2,0,0.6000000238418579,-20552.0,0,0,0.0
15.0,2,0,77700.0,-20552.0,0,9,0.0
2175.0,0,5,0.6000000238418579,-20552.0,0,9,99985640.0
15.0,0,0,77700.0,-20552.0,8,9,99985640.0
2175.0,0,5,77700.0,-20552.0,8,0,99985640.0
2175.0,2,5,77700.0,-20552.0,0,0,0.0
15.0,0,0,77700.0,159286.40625,8,9,0.0
17.564933048944145,2,5,77700.0,159286.40625,8,9,99985640.0
15.0,0,0,77700.0,-20552.0,0,0,99985640.0
2175.0,2,5,77700.0,-20552.0,0,9,0.0
2175.0,0,3,77700.0,159239.36898719525,0,0,74944675.07985343
2175.0,2,0,77700.0,-20552.0,0,0,0.0
15.0,0,0,0.6000000238418579,159286.40625,0,0,0.0
15.0,2,5,0.6000000238418579,159286.40625,0,9,0.0
15.0,2,0,0.6000000238418579,-20552.0,8,9,0.0
2175.0,2,5,0.6000000238418579,90512.78830975831,8,9,0.0
15.0,0,5,77700.0,-20552.0,0,0,99897969.00658342
2175.0,2,5,0.6000000238418579,-20552.0,0,9,0.0
2175.0,2,5,77700.0,-20552.0,0,9,99985640.0
2175.0,2,5,77700.0,-20552.0,0,0,99985640.0
15.0,0,5,0.6000000238418579,159286.40625,8,0,0.0
15.0,2,5,0.6000000238418579,-20082.691389267446,8,9,0.0
15.0,2,0,77700.0,-20552.0,0,9,0.0
2175.0,0,5,0.6000000238418579,159286.40625,8,0,99985640.0
15.0,2,0,77700.0,-20552.0,8,9,99985640.0
2175.0,0,5,0.6000000238418579,-20552.0,8,0,0.0
2175.0,0,5,0.6000000238418579,-20552.0,8,0,0.0
15.0,0,0,77700.0,159286.40625,8,9,99985640.0
15.0,0,5,0.6000000238418579,-20478.103654053335,8,0,99985640.0
2175.0,2,5,0.6000000238418579,23845.64842484971,8,0,99985640.0
2175.0,2,5,0.6000000238418579,-20552.0,0,9,0.0
2175.0,2,0,0.6000000238418579,-20552.0,8,0,0.0
15.0,2,5,233.7180700773273,159286.40625,0,9,99985640.0
2175.0,0,5,77700.0,11790.166728149623,8,0,0.0
15.0,2,5,77700.0,159286.40625,0,9,88471361.62628768
2175.0,0,0,77700.0,-20552.0,0,0,99985640.0
2175.0,2,5,77700.0,-20552.0,0,0,0.0
15.0,0,0,0.6000000238418579,-20552.0,0,0,0.0
2162.331940905709,0,0,77700.0,159286.40625,0,9,99985640.0
15.0,2,5,0.6000000238418579,159286.40625,0,9,0.0
2175.0,0,5,0.6000000238418579,159286.40625,8,0,99985640.0
15.0,2,5,0.6000000238418579,-20552.0,0,0,0.0
2175.0,2,5,77700.0,159286.40625,8,9,0.0
15.228245676644836,2,5,77700.0,-20552.0,8,9,70504419.68504411
2175.0,2,5,77700.0,-20552.0,0,9,0.0
15.0,0,0,77700.0,159286.40625,0,0,0.0
15.0,0,0,77700.0,159286.40625,8,9,99985640.0
2175.0,2,5,77700.0,-20552.0,0,0,99985640.0
2175.0,2,5,77700.0,159286.40625,0,9,0.0
15.0,0,0,77700.0,-20552.0,8,9,99985640.0
2175.0,0,5,77700.0,-20552.0,8,0,0.0
15.0,2,0,0.6000000238418579,-20552.0,8,9,99985640.0
2175.0,2,5,77700.0,159286.40625,8,9,0.0
2175.0,0,5,0.6000000238418579,159286.40625,0,0,99985640.0
2175.0,2,5,77700.0,-20552.0,0,9,96379202.3789694
15.0,0,5,77700.0,-20552.0,8,9,99985640.0
2175.0,2,5,77700.0,-20552.0,0,2,99985640.0
2175.0,0,0,77700.0,-20552.0,0,9,0.0
15.0,0,0,0.7767390571544988,-20552.0,8,9,0.0
2175.0,2,5,77700.0,-20552.0,0,9,99985640.0
2175.0,0,0,77700.0,159286.40625,8,9,0.0
2175.0,2,4,77700.0,159286.40625,0,9,0.0
2175.0,0,5,191.24761123170788,159286.40625,0,9,99985640.0
2175.0,2,0,0.6198780238782373,159286.40625,0,0,0.0
2175.0,0,0,77700.0,159286.40625,8,9,99985640.0
15.0,0,5,77700.0,159286.40625,8,0,99984364.30530593
2175.0,2,0,77700.0,-20552.0,8,0,99985640.0
2175.0,2,4,77700.0,-20552.0,0,9,0.0
15.0,0,0,0.6000000238418579,159286.40625,8,9,0.0
15.0,0,0,0.6000000238418579,-20552.0,8,9,0.0
2175.0,0,0,0.6000000238418579,159286.40625,8,9,99985521.7896037
2175.0,2,0,77700.0,158879.27795893865,8,0,0.0
15.0,0,0,66307.08129749699,-20552.0,0,9,99985640.0
15.0,2,5,77700.0,-20552.0,0,9,0.0
1635.5855726658733,2,0,0.6000000238418579,-20552.0,8,0,0.0
15.0,0,0,0.6000000238418579,159286.40625,8,0,0.0
2175.0,2,5,77700.0,159286.40625,0,9,0.0
2175.0,0,0,0.6000000238418579,159286.40625,8,0,0.0
15.0,2,5,77700.0,159286.40625,8,0,99985640.0
15.0,0,0,39227.957398608996,159286.40625,0,9,0.0
15.0,2,0,14.600000381469727,159286.40625,8,9,99985640.0
15.0,0,5,77700.0,-20552.0,0,0,99985640.0
2175.0,0,0,77700.0,-20552.0,0,0,99985640.0
2175.0,2,5,77700.0,-20552.0,8,9,0.0
15.0,0,5,0.6000000238418579,159286.40625,0,9,99985640.0
15.0,0,5,5368.3959135147215,-20552.0,0,0,99985640.0
2175.0,2,5,0.6000000238418579,18615.558182354704,8,0,0.0
15.0,2,5,0.6693183020870662,-20552.0,8,0,99985640.0
15.0,2,0,14.600000381469727,159286.40625,0,9,0.0
2175.0,2,0,0.6000000238418579,-20552.0,8,9,99985640.0
2175.0,2,5,77700.0,-20552.0,8,0,0.0
2175.0,0,0,77700.0,159270.4486874231,0,0,0.0
15.0,0,0,3672.300978877554,159286.40625,0,0,0.0
20.163789317803605,0,5,77700.0,159286.40625,0,9,99985640.0
2175.0,2,5,0.6000000238418579,159286.40625,8,9,99985640.0
2175.0,2,0,77700.0,-20552.0,0,0,0.0
2175.0,2,5,0.6000000238418579,-20552.0,8,9,99985640.0
15.0,2,5,64238.95641966561,159286.40625,0,0,99985640.0
15.0,0,5,77700.0,159286.40625,8,9,99968176.0173632
1289.7793142567323,2,5,0.6000000238418579,159286.40625,0,0,99985640.0
2175.0,2,5,77700.0,-20552.0,0,9,0.0
2175.0,0,5,77700.0,-20552.0,0,0,0.0
2175.0,2,0,77700.0,-20552.0,0,0,0.0
15.0,2,0,77700.0,-20552.0,8,9,99985640.0
2175.0,0,5,0.6000000238418579,159286.40625,0,9,0.0
2175.0,0,0,77700.0,-20552.0,0,9,0.0
15.0,0,0,77700.0,159286.40625,0,0,99985640.0
15.0,0,5,77586.0036942298,-20552.0,0,0,99985640.0
2175.0,0,5,77700.0,159286.40625,8,0,0.0
2175.0,0,5,77700.0,159286.40625,8,0,99985640.0
15.0,0,0,0.6000000238418579,159286.40625,0,9,0.0
500.0,0,5,77700.0,159060.4263482626,8,9,99985640.0
2175.0,2,0,77700.0,-20552.0,8,9,99985640.0
2175.0,2,5,0.6000000238418579,-20552.0,0,0,99985640.0
15.0,0,0,0.6000000238418579,-20552.0,0,0,0.0
15.0,2,5,77700.0,-20552.0,0,9,0.0
15.0,2,5,0.6000000238418579,-20552.0,7,9,0.0
2175.0,2,5,77700.0,159286.40625,8,9,99870346.1976498
15.0,2,0,0.6000000238418579,159286.40625,0,0,99985640.0
2175.0,0,5,0.6000000238418579,-20552.0,0,9,0.0
2119.80559562999,2,0,0.6000000238418579,-20552.0,8,9,0.0
2175.0,2,5,0.6000000238418579,159286.40625,5,9,0.0
15.0,2,5,77700.0,159286.40625,0,0,99985640.0
15.0,0,4,77700.0,-20552.0,0,9,0.0
15.0,0,5,77700.0,-20552.0,0,9,99985607.95149158
2175.0,2,5,0.6000000238418579,-20552.0,0,0,0.0
2175.0,0,0,0.6000000238418579,-20552.0,8,9,0.0
2175.0,2,5,0.6000000238418579,159286.40625,0,9,0.0
2175.0,2,0,490.5329442591837,-20552.0,8,0,99985640.0
60.20187888115352,2,5,0.6000000238418579,-20552.0,0,9,0.0
15.0,0,5,0.6000000238418579,-20552.0,0,0,0.0
15.031154718475134,2,5,0.6000000238418579,159286.40625,8,0,99985640.0
2175.0,2,5,0.6000000238418579,159286.40625,8,0,99985640.0
2175.0,0,0,0.6000000238418579,-20552.0,8,0,0.0
15.0,2,0,0.6000000238418579,-20552.0,0,0,99985640.0
15.0,0,5,77700.0,-20552.0,0,9,0.0
2175.0,2,0,77700.0,159286.40625,8,9,0.0
15.0,0,5,77700.0,-20552.0,0,0,0.0
15.0,2,5,0.6000000238418579,-20552.0,0,9,0.0
15.0,2,0,0.6000000238418579,159286.40625,0,9,0.0
15.0,0,5,0.6000000238418579,159286.40625,0,0,0.0
15.0,2,5,0.6000000238418579,-20552.0,0,9,99985640.0
1816.8285195227404,2,5,77700.0,-20552.0,0,9,99985640.0
2175.0,2,5,77700.0,159286.40625,0,9,0.0
15.0,2,0,77700.0,159286.40625,8,9,99985640.0
2175.0,0,0,77700.0,-20552.0,0,0,0.0
15.0,0,0,77700.0,-20552.0,0,9,97686224.2274073
15.0,0,5,0.6000000238418579,159286.40625,0,9,99985640.0
15.0,2,5,77700.0,158360.87967418163,8,9,0.0
15.0,2,0,0.6000000238418579,-20552.0,8,0,0.0
2175.0,0,0,77700.0,159286.40625,8,0,99985640.0
15.0,0,0,2700.2866984841235,-20552.0,0,9,0.0
15.0,0,5,0.6000000238418579,159286.40625,6,9,0.0
2175.0,2,0,77700.0,-20552.0,0,0,0.0
2144.0,0,0,77700.0,-20552.0,8,9,99985640.0
15.0,2,5,77700.0,-20552.0,0,9,0.0
2175.0,2,0,0.6000000238418579,159286.40625,8,9,47849406.375552386
2175.0,0,5,77700.0,-20552.0,0,9,0.0
15.0,2,0,77700.0,-20552.0,0,9,99985515.08829677
15.0,0,0,77700.0,-20552.0,0,0,0.0
2175.0,0,5,77700.0,159286.40625,0,9,0.0
15.0,2,5,0.6000000238418579,-20552.0,8,9,99985640.0
15.0,2,0,77700.0,159286.40625,0,9,99985640.0
15.0,2,5,0.6000000238418579,63250.120474569594,0,9,0.0
15.0,2,0,0.6000000238418579,-20552.0,0,2,99985640.0
15.0,2,5,0.6000000238418579,159286.40625,8,0,99985640.0
2175.0,2,5,77700.0,-20552.0,8,0,0.0
2175.0,0,5,0.6000000238418579,-20552.0,8,9,53969365.22250742
2175.0,2,0,27130.638420908894,159286.40625,0,9,99985640.0
15.0,2,0,77700.0,-20552.0,8,0,99985640.0
15.0,2,5,0.6000000238418579,-20552.0,0,9,0.0
2175.0,0,5,77700.0,-20552.0,0,9,0.0
2175.0,0,5,77700.0,-20552.0,8,0,99985640.0
15.0,2,5,77700.0,-244.35662106021974,0,0,0.0
2175.0,0,0,0.7159628090232397,-20437.975847694514,8,0,99985640.0
2175.0,2,5,77700.0,159286.40625,7,9,0.0
2156.425394913207,0,5,77700.0,-20552.0,0,9,99985640.0
2175.0,0,5,0.6000000238418579,157828.54404083706,0,0,0.0
2175.0,0,5,0.6000000238418579,159286.40625,0,0,0.0
2175.0,0,5,0.6000000238418579,159286.40625,0,9,0.0
2175.0,0,5,77700.0,159286.40625,8,9,99985640.0
2175.0,2,0,0.6000000238418579,-20552.0,0,9,99985640.0
2175.0,0,5,77700.0,159286.40625,8,0,99978996.24567348
2175.0,2,5,247.06002266828904,159286.40625,0,9,0.0
15.0,0,5,0.6000000238418579,-20552.0,8,9,0.0
15.0,2,0,0.6000000238418579,-20552.0,8,9,99985640.0
2175.0,2,5,77700.0,159286.40625,0,0,0.0
15.0,2,5,0.6000000238418579,159286.40625,0,9,0.0
15.0,2,0,0.6000000238418579,-20552.0,8,9,0.0
2175.0,2,5,77700.0,-20552.0,8,9,99985640.0
15.0,2,5,0.6000000238418579,-20552.0,0,9,99985640.0
2175.0,2,5,77700.0,12010.110276806876,0,9,99985640.0
2122.7825895091178,0,0,0.6000000238418579,-20552.0,8,9,99710044.8695728
1269.8569473031894,2,0,77700.0,-20552.0,8,9,0.0
2175.0,2,0,3947.5689648961193,-20552.0,0,9,99985640.0
15.0,2,0,0.6000000238418579,156393.83098447937,0,9,0.0
2175.0,0,0,77700.0,-20552.0,8,9,0.0
15.0,0,0,0.6000000238418579,-20552.0,8,9,99985640.0
15.0,0,0,77700.0,159286.40625,0,9,99985640.0
2175.0,2,5,77687.94535632723,-20552.0,0,9,99985640.0
15.0,2,5,0.6000000238418579,-18817.8031420706,0,0,0.0
1684.851399776386,0,5,0.6000000238418579,159286.40625,8,9,0.0
2175.0,2,0,77700.0,-20552.0,8,0,99968144.90859179
2175.0,2,0,77700.0,159286.40625,8,0,0.0
15.0,2,5,77700.0,159286.40625,0,9,0.0
2175.0,2,0,77700.0,159286.40625,8,9,0.0
15.0,2,5,77700.0,159286.40625,8,9,99985640.0
2175.0,2,5,77700.0,-20552.0,8,9,0.0
15.0,2,2,0.6000000238418579,159286.40625,0,9,0.0
2175.0,0,5,0.6000000238418579,159286.40625,0,0,0.0
2175.0,2,5,77700.0,-20552.0,0,0,0.0
15.0,0,5,0.6000000238418579,-20552.0,8,9,99985640.0
2175.0,0,0,31666.056820225826,159286.40625,0,9,0.0
2175.0,2,5,77700.0,-20552.0,0,9,0.0
15.0,2,5,77700.0,-20552.0,0,9,0.0
15.0,0,5,0.6000000238418579,24182.400571956998,8,9,0.0
190.5863553691806,2,0,77700.0,159286.40625,8,0,55548552.87485122
15.0,0,0,0.6000000238418579,159286.40625,8,9,0.0
15.007610611874505,2,5,77700.0,-20552.0,0,0,0.0
2175.0,0,5,0.6000000238418579,-20552.0,8,9,0.0
2175.0,0,5,77700.0,-20552.0,8,9,0.0
2175.0,0,5,77700.0,159286.40625,8,0,0.0
15.0,0,5,77700.0,10904.385769501836,0,9,0.0
2175.0,2,5,0.6000000238418579,-285.70647091832615,8,0,0.0
2175.0,2,0,77700.0,-20552.0,8,0,0.0
15.0,2,5,77700.0,159286.40625,0,9,99985640.0
15.0,0,0,0.6000000238418579,159286.40625,8,9,0.0
2175.0,0,5,0.6000000238418579,-20552.0,6,9,0.0
2175.0,0,0,77700.0,159286.40625,8,0,0.0
2175.0,2,5,0.6000000238418579,159286.40625,0,9,0.0
15.0,0,0,0.6000000238418579,159286.40625,0,0,0.0
2175.0,2,5,77700.0,159286.40625,0,9,99985640.0
15.0,2,0,0.6000000238418579,159286.40625,0,0,0.0
15.0,2,5,0.6000000238418579,-20552.0,0,9,99160228.7202679
15.0,0,5,77700.0,159286.40625,8,9,99985640.0
1768.6729517227006,0,0,77700.0,159286.40625,0,9,0.0
2175.0,0,5,77700.0,-20373.93624271889,8,9,0.0
15.0,2,5,0.6000000238418579,159286.40625,8,0,0.0
2175.0,0,0,0.6000000238418579,159286.40625,0,0,99985640.0
2175.0,2,5,0.6000000238418579,15652.02888054655,0,9,0.0
2175.0,0,0,0.6000000238418579,-20552.0,8,9,0.0
2175.0,2,5,77700.0,-20552.0,0,0,0.0
15.0,2,5,0.6000000238418579,-20552.0,0,9,0.0
2175.0,2,5,77700.0,159286.40625,0,9,0.0
15.0,2,5,77700.0,159286.40625,0,0,99985640.0
15.0,0,0,77700.0,-20552.0,0,9,99985640.0
2175.0,2,0,77700.0,-20552.0,0,9,0.0
35.3414998404312,2,0,0.6000000238418579,159286.40625,0,0,99985640.0
1883.4130671649145,2,5,77700.0,-20552.0,8,9,0.0
15.0,0,5,0.6000000238418579,159286.40625,8,9,99985640.0
15.0,2,5,0.6000000238418579,-20552.0,8,0,99985640.0
2175.0,0,0,12049.60042358461,-20552.0,8,0,99985640.0
15.0,2,5,77700.0,159286.40625,0,9,99985640.0
15.0,0,5,77700.0,159286.40625,8,0,0.0
15.0,2,0,0.6000000238418579,-20552.0,0,0,0.0
2175.0,0,0,77700.0,-20552.0,0,9,0.0
15.0,0,0,0.6000000238418579,-20552.0,0,9,99985640.0
15.0,0,0,77700.0,-20552.0,8,9,0.0
15.0,0,4,77700.0,-20552.0,8,9,0.0
293.54796191218406,0,0,0.6000000238418579,159286.40625,8,9,99985640.0
2175.0,0,5,77700.0,159286.40625,8,9,99985640.0
15.0,2,5,77700.0,159286.40625,0,0,0.0
15.0,2,0,77700.0,-20552.0,0,0,99985640.0
15.0,2,5,0.6000000238418579,-20552.0,8,9,0.0
2175.0,2,5,0.6000000238418579,159286.40625,0,9,0.0
2175.0,0,5,0.6000000238418579,-20552.0,0,0,0.0
2175.0,0,5,77700.0,-20552.0,0,9,0.0
2175.0,2,0,77700.0,-20552.0,8,9,0.0
2175.0,0,5,77700.0,-19848.098765192215,8,9,99985640.0
15.465815846580528,2,5,77700.0,-20552.0,8,9,0.0
16.845935678718472,0,5,77700.0,-20552.0,8,0,0.0
2175.0,2,5,77700.0,-20552.0,0,0,0.0
15.0,2,5,0.6000000238418579,-20552.0,8,9,99985640.0
2175.0,0,0,77700.0,159286.40625,8,0,99964034.02370979
15.0,0,5,77700.0,159286.40625,0,9,0.0
2175.0,2,5,77700.0,-20552.0,8,9,0.0
2175.0,0,5,0.6000000238418579,-20552.0,0,9,0.0
2175.0,2,5,77700.0,159286.40625,8,0,99985640.0
15.0,2,0,56428.257711101964,-20552.0,8,9,99985640.0
2175.0,0,5,0.6000000238418579,63036.579320244025,0,9,0.0
15.0,0,0,0.6000000238418579,-20552.0,0,9,99985640.0
2175.0,0,0,77700.0,10580.658243387117,7,9,99985640.0
2175.0,0,0,77700.0,159286.40625,0,9,99982499.04865643
15.0,0,0,14.600000381469727,159286.40625,0,0,0.0
15.0,2,5,77700.0,-20552.0,8,9,99985640.0
2175.0,2,0,77700.0,-20552.0,8,0,99985640.0
15.0,2,0,77700.0,-20552.0,0,9,0.0
2175.0,0,5,77700.0,7560.728411135256,0,0,98825975.80588125
15.0,0,5,0.6000000238418579,159286.40625,8,0,99985640.0
22.446004703820954,2,5,77700.0,-20552.0,0,13,0.0
2175.0,0,5,77700.0,-20552.0,8,9,99985640.0
2175.0,2,0,0.6000000238418579,159286.40625,8,0,0.0
2175.0,2,5,0.6000000238418579,-20552.0,0,9,99985640.0
2175.0,2,5,77700.0,159286.40625,0,0,99985640.0
561.0,0,0,0.6000000238418579,-20552.0,0,0,0.0
2175.0,0,5,0.6000000238418579,159286.40625,0,9,0.0
1546.164851182383,2,5,0.6000000238418579,-20552.0,0,9,99985640.0
15.0,2,5,77700.0,-20552.0,8,0,99985640.0
2175.0,0,0,77700.0,-20552.0,8,0,99985640.0
2175.0,2,5,39.51149216451835,159286.40625,0,9,99985640.0
15.0,2,0,0.6000000238418579,-20552.0,0,0,99985640.0
15.0,0,5,77700.0,-20552.0,0,0,99985640.0
15.0,0,0,0.6000000238418579,-20552.0,8,9,99985640.0
15.0,2,5,77700.0,-20552.0,8,0,0.0
15.0,0,0,0.6000000238418579,-20552.0,8,9,99985640.0
15.0,0,0,0.6000000238418579,159286.40625,0,9,0.0
2175.0,0,5,77700.0,-20552.0,0,9,0.0
18.677540460264865,2,0,0.6000000238418579,159286.40625,8,0,99985640.0
15.0,2,4,77700.0,-20552.0,0,9,0.0
2175.0,0,0,0.6000000238418579,-20552.0,0,9,99985640.0
2175.0,0,5,0.6000000238418579,159286.40625,0,9,0.0
15.0,2,0,77700.0,159286.40625,0,0,0.0
2175.0,2,0,0.6000000238418579,159286.40625,0,9,0.0
15.0,2,0,0.6000000238418579,-20552.0,8,9,0.0
15.0,0,5,77700.0,159286.40625,8,9,0.0
2175.0,0,5,77700.0,-20552.0,0,9,99985640.0
1076.0783857412155,0,5,73445.97681151348,45000.09989718906,8,0,99985640.0
2175.0,2,0,0.6000000238418579,-20552.0,8,0,99985640.0
2175.0,0,5,0.6000000238418579,16028.118734967935,0,9,0.0
15.0,2,5,77700.0,159286.40625,0,9,0.0
2175.0,2,0,0.6000000238418579,159286.40625,0,9,0.0
15.0,0,5,77700.0,159286.40625,0,0,0.0
15.0,2,0,77700.0,159286.40625,8,9,0.0
15.0,2,5,0.6000000238418579,-20552.0,0,0,0.0
2175.0,0,5,0.6000000238418579,-20552.0,0,0,99985640.0
2175.0,2,5,77700.0,-20552.0,8,9,99985640.0
2175.0,0,5,77700.0,159286.40625,0,0,99985640.0
15.0,0,0,77700.0,-20552.0,0,9,0.0
2175.0,2,0,0.6000000238418579,159286.40625,8,9,0.0
2175.0,2,0,77700.0,159286.40625,0,0,0.0
15.0,2,5,77700.0,-20552.0,8,0,99985640.0
15.0,2,0,0.6000000238418579,-20552.0,0,9,0.0
2175.0,0,5,77700.0,-20552.0,8,0,99985640.0
2175.0,2,5,0.6000000238418579,-20552.0,8,9,99985640.0
2175.0,2,0,48353.40838116364,-20552.0,8,0,0.0
15.0,0,0,77700.0,-20552.0,0,0,0.0
15.0,0,5,0.6000000238418579,-20552.0,8,0,0.0
15.0,0,0,0.6000000238418579,-20552.0,0,9,99985640.0
1885.523699392195,2,0,0.6000000238418579,-20552.0,0,0,0.0
601.1335431372722,2,0,77700.0,-20552.0,0,0,0.0
2175.0,0,0,77700.0,159286.40625,0,0,0.0
2175.0,2,0,77700.0,-20552.0,8,9,99985640.0
2175.0,0,5,77700.0,-20552.0,0,0,0.0
2175.0,0,0,59985.809407206776,-20552.0,8,9,0.0
15.0,0,0,0.6000000238418579,-20552.0,8,0,99985640.0
2175.0,2,0,77700.0,159286.40625,8,9,0.0
2175.0,2,5,0.6000000238418579,-20552.0,0,0,99985640.0
868.1035565220523,0,5,77700.0,159286.40625,8,9,99985640.0
15.0,2,5,77700.0,-20552.0,8,0,99985640.0
15.0,0,5,0.6000000238418579,-20552.0,8,0,0.0
15.0,0,5,0.6000000238418579,-20552.0,0,9,0.0
15.0,0,0,0.6000000238418579,-20552.0,0,0,0.0
15.0,0,5,77700.0,-20552.0,8,0,99985640.0
2175.0,0,5,0.6000000238418579,159286.40625,8,9,0.0
2175.0,0,0,0.6000000238418579,159286.40625,0,0,0.0
2175.0,0,5,77700.0,159286.40625,0,9,0.0
15.0,2,5,77700.0,-20552.0,0,0,99985640.0
2175.0,0,5,0.6000000238418579,159286.40625,8,4,99985640.0
15.0,2,5,0.6000000238418579,159286.40625,8,9,99985640.0
2175.0,2,5,77700.0,-20552.0,0,9,99985640.0
2175.0,2,5,77700.0,159286.40625,0,9,99985640.0
2175.0,2,0,46753.74423316163,159286.40625,0,0,99985640.0
15.0,0,0,0.6000000238418579,-20552.0,8,9,99985640.0
2175.0,0,0,0.6000000238418579,11069.567179112333,8,9,0.0
2175.0,2,0,0.6000000238418579,-16260.311301090698,8,0,99985640.0
2175.0,2,5,77700.0,-20552.0,8,9,99985640.0
15.0,2,0,77700.0,-20552.0,8,9,0.0
2175.0,2,0,77700.0,159286.40625,8,9,0.0
15.0,0,5,0.6000000238418579,-20552.0,8,0,99983340.81812774
2175.0,0,5,77700.0,-20552.0,0,9,0.0
2175.0,0,5,77700.0,-20552.0,8,9,0.0
15.0,2,0,0.6000000238418579,-20552.0,8,9,99985640.0
2175.0,0,0,0.6000000238418579,159286.40625,8,0,0.0
2175.0,0,0,77700.0,-20552.0,0,9,0.0
2175.0,0,0,77700.0,159286.40625,0,9,99985640.0
2175.0,2,5,0.6000000238418579,-20552.0,8,9,99985640.0
2175.0,0,0,77700.0,-20552.0,8,0,0.0
15.0,0,0,0.6000000238418579,159286.40625,0,0,99985640.0
2175.0,2,5,77700.0,159286.40625,0,0,99985640.0
15.0,2,5,0.6000000238418579,-20552.0,8,9,0.0
15.0,2,0,0.6000000238418579,159286.40625,0,0,0.0
15.0,0,0,1.1952923762969114,159286.40625,8,0,0.0
2175.0,2,5,77700.0,-20552.0,8,9,99985640.0
2175.0,0,5,0.6000000238418579,159286.40625,8,0,0.0
2175.0,2,5,77700.0,159286.40625,0,9,0.0
15.0,2,5,77700.0,159286.40625,0,9,0.0
15.0,0,3,0.6000000238418579,-20552.0,8,9,0.0
15.0,0,5,77700.0,159286.40625,8,9,0.0
15.0,2,5,77692.67599439637,-20552.0,0,9,0.0
2175.0,0,5,77700.0,-20552.0,8,9,0.0
15.0,2,0,77700.0,-20552.0,0,9,99985640.0
15.0,0,5,77700.0,159286.40625,0,9,0.0
15.0,0,0,77700.0,-20552.0,8,0,0.0
15.0,0,0,77700.0,22780.114521018437,8,0,99985640.0
2175.0,2,0,77700.0,-20552.0,8,0,99985640.0
15.0,2,5,0.6000000238418579,50870.35532992941,8,0,0.0
15.0,0,0,144.98191672736135,-20552.0,0,9,0.0
2175.0,2,0,77700.0,159286.40625,0,9,0.0
2175.0,2,5,77700.0,159286.40625,0,0,0.0
15.0,0,5,77700.0,-20552.0,8,9,99985640.0
15.0,0,5,0.6000000238418579,-20552.0,8,9,99985640.0
15.0,0,5,77700.0,-20552.0,8,0,99985640.0
2175.0,0,5,0.6000000238418579,-20552.0,8,0,0.0
2175.0,0,5,45975.18244897749,-20552.0,0,0,0.0
15.0,0,5,77700.0,-20552.0,0,0,0.0
2175.0,2,0,77700.0,159286.40625,0,9,0.0
15.0,0,0,0.6000000238418579,159286.40625,0,9,99985640.0
2175.0,2,5,77700.0,-20552.0,8,9,99985640.0
15.0,0,5,0.6000000238418579,-20552.0,8,9,0.0
2175.0,2,0,0.6000000238418579,159286.40625,7,0,99985640.0
2175.0,0,0,77700.0,159286.40625,8,0,99985640.0
15.0,2,5,0.6000000238418579,159286.40625,8,9,0.0
2175.0,0,0,77700.0,46633.727136560585,0,9,0.0
2175.0,0,0,0.6000000238418579,-20552.0,0,0,99985640.0
15.0,0,5,0.6000000238418579,-20552.0,0,9,0.0
2175.0,0,5,77700.0,159286.40625,8,9,98059629.73166612
2175.0,2,0,77700.0,-20552.0,8,9,0.0
2175.0,2,5,77700.0,159286.40625,0,9,99985640.0
15.0,0,5,0.6000000238418579,159286.40625,8,0,99985640.0
2175.0,2,5,0.6000000238418579,159286.40625,0,9,99985640.0
2175.0,2,5,0.6000000238418579,-20552.0,8,0,0.0
2175.0,0,5,0.6000000238418579,159286.40625,8,0,99985640.0
2175.0,2,5,77700.0,-20552.0,0,9,99985640.0
2175.0,2,0,0.6000000238418579,-20552.0,8,9,0.0
2175.0,2,0,77700.0,-20552.0,3,9,0.0
15.0,0,5,77700.0,-20552.0,0,0,99641038.25773615
1039.3798114501278,0,5,0.6000000238418579,159286.40625,8,0,99985640.0
2175.0,2,5,77700.0,-20552.0,0,0,99985640.0
2175.0,2,0,4.857507892125501,159286.40625,0,9,0.0
2175.0,2,0,31930.828675181194,159286.40625,5,0,0.0
2175.0,2,0,77700.0,159286.40625,8,13,0.0
15.0,0,0,0.6000000238418579,-20552.0,8,0,99985640.0
15.0,0,5,77700.0,-20552.0,0,0,99985640.0
15.0,0,0,0.6000000238418579,159286.40625,8,0,0.0
2175.0,2,5,0.6000000238418579,-20552.0,0,9,0.0
2175.0,0,5,0.6000000238418579,159286.40625,8,0,99985640.0
15.0,2,5,0.6000000238418579,159286.40625,8,9,0.0
15.0,2,5,77700.0,-20552.0,0,2,0.0
15.0,0,0,77700.0,-20552.0,0,9,99985640.0
15.0,0,5,0.6000000238418579,159286.40625,0,9,99985640.0
2175.0,2,0,0.6000000238418579,-20552.0,8,9,99985640.0
2175.0,2,4,77700.0,-20552.0,8,0,99985640.0
2175.0,0,0,77700.0,159286.40625,0,9,99985640.0
2175.0,0,5,14.600000381469727,-20552.0,8,9,99985640.0
15.0,0,0,77700.0,-20552.0,0,9,0.0
2175.0,2,5,77700.0,12731.127959336132,8,9,99985640.0
2175.0,0,5,77700.0,-20552.0,8,9,0.0
2175.0,0,5,0.6000000238418579,-20552.0,8,9,0.0
15.0,2,0,0.6000000238418579,-20552.0,0,9,0.0
2175.0,0,0,77700.0,-20552.0,8,0,0.0
15.0,2,0,0.6000000238418579,-20552.0,0,9,99985640.0
221.54176647565978,0,5,77700.0,-20552.0,0,0,0.0
2175.0,2,5,77700.0,-20552.0,0,9,0.0
2175.0,0,5,0.6000000238418579,-20552.0,0,9,0.0
15.0,0,0,77700.0,11531.240640191007,0,9,99985640.0
2175.0,2,5,77700.0,159286.40625,8,0,0.0
15.0,0,0,77700.0,159286.40625,0,9,0.0
15.0,2,5,77700.0,-20552.0,8,9,99985640.0
15.0,2,4,34680.16652584959,159286.40625,8,0,99985640.0
15.0,0,5,0.6000000238418579,-20552.0,5,0,99985640.0
2175.0,2,5,0.6000000238418579,-20552.0,8,9,0.0
2175.0,0,5,77700.0,159286.40625,0,9,99985640.0
15.0,2,0,0.6152435867557919,-20552.0,0,9,0.0
15.0,0,5,77700.0,-20552.0,8,0,99985640.0
2175.0,0,0,77700.0,159286.40625,0,9,99985535.88170715
2175.0,2,5,0.6156021496835019,-20552.0,0,9,0.0
15.0,0,0,77700.0,-20552.0,8,9,99985640.0
15.0,0,0,0.6000000238418579,159286.40625,8,9,0.0
1365.4987214829155,2,0,77700.0,18513.625386548294,8,0,99985640.0
2175.0,2,0,0.6000000238418579,-20552.0,0,0,99985640.0
2175.0,2,0,77686.75730142432,159286.40625,8,0,99985640.0
15.0,2,0,77700.0,-20552.0,8,9,99985640.0
2175.0,2,5,0.6000000238418579,159286.40625,0,9,0.0
2175.0,2,0,77700.0,-20552.0,0,9,0.0
15.0,2,5,77700.0,159286.40625,0,9,0.0
2175.0,0,0,77700.0,159286.40625,8,0,99985640.0
989.7876731538109,0,5,77700.0,-20552.0,7,0,99985640.0
15.0,0,0,77700.0,159286.40625,0,0,0.0
15.0,0,0,0.6000000238418579,159286.40625,8,9,0.0
2175.0,0,5,77700.0,159286.40625,8,9,0.0
15.0,0,0,0.6000000238418579,159286.40625,8,3,0.0
15.0,2,5,77700.0,159286.40625,8,0,99985640.0
19.33302831181713,2,5,77692.51782375386,31705.008412336254,8,0,99985640.0
2175.0,2,0,2.893374044603577,-20552.0,8,0,99985640.0
15.0,2,0,77700.0,159286.40625,0,0,0.0
2175.0,2,0,77700.0,159286.40625,0,9,0.0
561.7869985190232,0,5,0.6000000238418579,-20552.0,0,0,99985640.0
15.0,2,0,77700.0,-20524.70087214432,0,9,99985640.0
2175.0,0,5,0.6000000238418579,-20552.0,8,9,99985640.0
15.0,2,0,77700.0,159286.40625,8,0,99985640.0
2175.0,0,0,77700.0,-20552.0,0,9,0.0
2175.0,2,0,77700.0,-20552.0,0,9,99985640.0
2175.0,2,0,77700.0,159286.40625,8,0,99985640.0
15.0,2,5,77700.0,-20552.0,8,9,99985640.0
15.0,2,5,77700.0,-20552.0,0,9,0.0
15.0,0,5,1376.6336219074788,159286.40625,8,0,0.0
15.0,0,0,0.6000000238418579,159286.40625,7,0,99985640.0
15.0,0,0,45019.849874951076,65511.34760815431,0,9,0.0
2175.0,2,0,77700.0,-20552.0,8,9,99985640.0
2175.0,2,0,77700.0,159286.40625,8,9,0.0
15.0,2,0,0.6000000238418579,-20552.0,0,9,0.0
15.0,0,0,77700.0,-20552.0,0,0,0.0
15.0,2,0,0.6000000238418579,159286.40625,0,9,0.0
15.0,2,4,0.6000000238418579,-20552.0,0,0,0.0
15.0,2,5,0.6000000238418579,159286.40625,8,9,0.0
2175.0,0,0,77700.0,159286.40625,0,0,0.0
15.0,0,5,0.6000000238418579,159286.40625,0,9,0.0
2175.0,2,4,77700.0,-20552.0,0,9,0.0
15.0,0,0,0.6000000238418579,-20552.0,8,9,99985640.0
2175.0,0,5,2.496747453707524,159286.40625,8,0,99985640.0
2175.0,2,5,77700.0,-20552.0,8,0,99985640.0
2175.0,0,0,0.6000000238418579,-20552.0,0,9,0.0
15.0,2,0,0.6000000238418579,-20552.0,0,0,0.0
2175.0,2,5,0.6000000238418579,159286.40625,8,0,0.0
2175.0,2,4,77700.0,-20552.0,8,0,99985640.0
15.0,2,0,77700.0,159286.40625,0,9,0.0
2175.0,2,5,77700.0,-20552.0,8,9,0.0
2175.0,2,5,77700.0,159286.40625,0,0,99985640.0
15.0,0,0,0.6000000238418579,-20552.0,0,9,99985640.0
15.0,0,0,77700.0,-20552.0,8,0,99985640.0
2175.0,2,0,77700.0,-5110.184667880855,0,9,0.0
2175.0,2,0,0.6000000238418579,159166.42118162202,8,0,0.0
15.0,2,5,0.6000000238418579,-20552.0,7,9,99985640.0
1389.3437590872768,2,5,68126.14793991357,159286.40625,0,0,99985640.0
15.0,0,0,77700.0,-20552.0,0,9,0.0
2175.0,0,0,77700.0,-20552.0,8,0,99985640.0
15.0,0,0,77700.0,-20552.0,8,0,0.0
2175.0,2,5,77700.0,159286.40625,8,0,99148064.7004213
15.0,2,0,77700.0,-20552.0,0,0,99985640.0
15.0,0,5,0.6000000238418579,-20552.0,0,9,0.0
2175.0,0,5,0.6000000238418579,-20552.0,0,0,0.0
15.0,2,5,0.6000000238418579,159286.40625,8,0,0.0
2175.0,2,0,77700.0,-20552.0,8,0,99985640.0
2175.0,2,5,0.6000000238418579,-20552.0,0,9,0.0
2175.0,0,5,0.6000000238418579,159286.40625,8,0,99985640.0
15.0,2,5,0.6000000238418579,159286.40625,0,9,99985640.0
2175.0,2,5,77700.0,-20552.0,8,9,0.0
2175.0,0,0,77700.0,159286.40625,0,9,99985640.0
2175.0,0,0,0.6000000238418579,-20552.0,8,9,99985640.0
15.0,0,5,14.600000381469727,159286.40625,8,9,0.0
15.0,2,1,77700.0,-20552.0,0,9,0.0
2175.0,2,0,77700.0,-20552.0,0,9,0.0
2175.0,2,5,77700.0,-20552.0,0,9,0.0
15.0,0,5,77700.0,159286.40625,0,0,0.0
1712.7453937768657,2,5,0.6000000238418579,159286.40625,8,0,99985640.0
15.0,0,0,21956.72559283178,13074.435670206318,8,9,0.0
15.0,2,0,0.6000000238418579,159286.40625,8,0,0.0
15.0,2,0,0.6000000238418579,159286.40625,8,9,99985640.0
15.0,0,0,77700.0,28602.215421811525,0,0,0.0
15.0,0,5,0.6000000238418579,-20552.0,8,9,99985640.0
15.0,2,5,77700.0,159286.40625,0,9,0.0
2175.0,2,5,77700.0,-20552.0,0,9,99985640.0
2175.0,0,0,77700.0,159286.40625,0,9,0.0
2175.0,0,5,77700.0,159286.40625,0,0,0.0
15.0,2,5,77700.0,159286.40625,8,9,99985640.0
2175.0,2,0,77700.0,159286.40625,0,9,0.0
15.0,0,5,77700.0,159286.40625,8,0,0.0
1869.0,2,0,77700.0,-20552.0,0,0,99985640.0
15.0,0,5,0.6000000238418579,159286.40625,8,0,0.0
956.0681181509797,2,5,77700.0,-20208.024701008995,8,0,99985640.0
2175.0,2,0,77700.0,-20552.0,8,9,0.0
2175.0,2,0,77700.0,128009.17289861088,0,9,0.0
2175.0,0,0,0.6000000238418579,-20552.0,8,0,99985640.0
2175.0,2,5,253.47672323659756,-20552.0,0,9,99985640.0
15.0,2,0,77700.0,159286.40625,0,0,0.0
2175.0,2,0,77700.0,-20552.0,8,0,0.0
15.0,2,5,77700.0,-20552.0,8,0,0.0
15.0,2,5,77700.0,159286.40625,8,9,0.0
15.0,2,5,0.6000000238418579,-20552.0,8,6,0.0
2175.0,2,0,77700.0,-20552.0,0,0,99985640.0
15.0,0,5,77700.0,159286.40625,0,0,0.0
2175.0,0,5,0.6000000238418579,159286.40625,0,9,99985640.0
15.0,0,0,0.6000000238418579,-20552.0,8,9,0.0
15.0,2,5,77700.0,-20552.0,0,9,0.0
15.0,2,0,0.6000000238418579,-20552.0,0,9,0.0
2175.0,2,5,0.6000000238418579,159286.40625,8,9,99985640.0
2175.0,2,5,77700.0,159286.40625,8,0,0.0
2175.0,2,5,77700.0,-20552.0,0,0,99985640.0
2175.0,0,0,74052.3399595486,-20552.0,0,9,0.0
15.0,2,5,77700.0,-20552.0,8,0,0.0
2175.0,2,5,0.6000000238418579,79677.67991616127,8,9,0.0
2175.0,0,0,77700.0,159286.40625,6,9,99985640.0
1078.9598991163648,2,5,0.6000000238418579,159286.40625,0,9,87052398.33381003
2175.0,2,5,0.6000000238418579,159286.40625,8,9,0.0
2175.0,2,5,77700.0,-20552.0,0,9,99985640.0
70.63857966272977,2,5,77700.0,-20552.0,8,9,0.0
2175.0,2,5,77700.0,-20552.0,8,9,0.0
15.0,2,0,77700.0,-20552.0,8,6,97840925.52580298
15.0,2,5,0.6000000238418579,-20552.0,8,9,99985640.0
15.0,2,0,0.6000000238418579,159286.40625,8,0,99985640.0
2175.0,0,0,0.6000000238418579,159286.40625,0,9,0.0
2175.0,0,5,0.6000000238418579,159286.40625,0,0,99985640.0
1636.3516575924548,0,0,77700.0,-20552.0,0,9,0.0
2175.0,0,5,0.6000000238418579,159286.40625,0,0,99985640.0
15.0,0,0,77700.0,-20552.0,8,0,0.0
2175.0,0,5,77700.0,-20552.0,0,9,99985640.0
2175.0,2,0,249.84191960977512,-20552.0,8,0,99985640.0
15.0,2,5,0.6000000238418579,159286.40625,8,0,0.0
15.0,0,5,14601.03866984911,159286.40625,8,0,99985640.0
2175.0,0,0,77700.0,-20552.0,8,9,0.0
15.0,0,0,0.6000000238418579,12473.407857664626,0,9,0.0
2175.0,2,5,77700.0,-20552.0,8,0,0.0
15.0,0,5,77700.0,-20552.0,0,0,0.0
15.0,2,0,77700.0,-20552.0,0,0,0.0
487.07429021119987,2,5,0.6000000238418579,-20552.0,8,9,0.0
2175.0,0,5,0.6000000238418579,-20552.0,0,0,99985640.0
15.0,0,5,0.6000000238418579,-20552.0,0,9,0.0
2175.0,0,4,0.6000000238418579,159286.40625,0,0,0.0
2092.9055313614194,0,5,0.6000000238418579,-20552.0,0,0,0.0
2175.0,0,0,77700.0,-20552.0,8,9,99985640.0
2175.0,2,0,77700.0,159286.40625,0,0,0.0
15.0,2,5,77700.0,159286.40625,0,9,0.0
15.0,0,5,0.6000000238418579,159286.40625,0,9,99985640.0
2175.0,0,0,0.6000000238418579,159286.40625,8,0,99985640.0
2175.0,2,5,77700.0,159286.40625,0,0,0.0
15.0,2,0,0.6000000238418579,-20552.0,0,9,0.0
2175.0,2,5,77700.0,159286.40625,8,0,99985554.33089319
2175.0,2,5,0.6000000238418579,-20552.0,8,9,99985640.0
1935.4284901524893,0,5,77700.0,159286.40625,0,9,0.0
15.0,0,0,14.600000381469727,-20552.0,8,9,0.0
15.0,2,5,77700.0,-19714.951925038928,0,0,0.0
2175.0,2,5,0.6000000238418579,159286.40625,0,9,0.0
2175.0,0,5,77700.0,-20552.0,8,9,99985640.0
15.0,2,5,0.6000000238418579,-20552.0,8,9,0.0
2175.0,2,0,77700.0,-20552.0,0,0,0.0
15.0,0,0,77700.0,159286.40625,0,0,99985640.0
15.0,2,0,77694.94682354362,-20552.0,7,9,0.0
15.0,0,5,77700.0,159286.40625,0,9,99985640.0
15.0,2,0,77700.0,-20552.0,0,0,99985640.0
2027.5086918130844,0,5,77700.0,-20552.0,8,0,0.0
15.0,2,0,77700.0,159286.40625,8,9,99985640.0
15.0,2,0,77700.0,84081.19332386056,0,0,0.0
15.0,2,0,0.6000000238418579,-20552.0,0,9,0.0
2175.0,2,5,789.0836532784156,-20552.0,0,9,0.0
2175.0,2,5,77700.0,-20552.0,8,9,99985640.0
15.0,0,5,77700.0,159286.40625,8,0,99985640.0
2175.0,0,0,77700.0,-20552.0,8,0,0.0
15.0,2,5,0.6000000238418579,-20552.0,0,9,0.0
15.0,0,0,0.6000000238418579,159286.40625,0,0,0.0
15.0,2,5,0.6000000238418579,-20552.0,8,9,0.0
2175.0,0,0,77700.0,-20552.0,8,9,0.0
21.601618749252385,0,0,0.6000000238418579,159286.40625,8,9,0.0
2175.0,2,5,77700.0,-20552.0,8,9,0.0
2175.0,2,5,0.6463799984729198,159286.40625,0,0,99985640.0
2175.0,2,5,0.6000000238418579,159286.40625,8,0,99985640.0
15.0,2,4,0.6000000238418579,159286.40625,8,0,99985640.0
2175.0,0,0,77700.0,-20552.0,0,9,99985640.0
2175.0,0,5,0.6000000238418579,-20552.0,8,9,0.0
2175.0,2,5,0.6000000238418579,-20552.0,0,9,0.0
2175.0,0,5,77700.0,159286.40625,0,0,0.0
2175.0,0,0,77700.0,-20552.0,8,9,99985640.0
15.0,2,0,77700.0,159286.40625,8,9,99985640.0
16.858058708422593,2,0,77700.0,159286.40625,8,0,0.0
2175.0,0,5,0.6000000238418579,-20552.0,8,0,99985640.0
2175.0,0,5,0.6000000238418579,159286.40625,8,0,99985640.0
15.0,2,5,0.6000000238418579,-20552.0,0,0,0.0
15.0,2,5,77700.0,-20552.0,8,0,99985640.0
2103.0571500559327,2,0,77700.0,-20552.0,8,9,99985640.0
15.0,2,5,0.6000000238418579,-20552.0,8,9,99985640.0
15.0,2,5,0.6000000238418579,-20552.0,8,0,99985640.0
2175.0,0,5,77700.0,-20552.0,8,9,99985640.0
15.0,0,5,77700.0,-20552.0,8,9,99985640.0
2175.0,2,5,77700.0,159286.40625,8,0,0.0
2175.0,2,5,0.6000000238418579,-20552.0,8,0,99985640.0
15.0,0,0,0.6000000238418579,-20552.0,8,0,99985640.0
2175.0,0,5,77700.0,-20552.0,0,4,0.0
2175.0,2,0,77700.0,-20552.0,0,9,0.0
2175.0,0,0,77700.0,-20552.0,8,9,0.0
15.0,0,5,77700.0,-20552.0,8,9,99985640.0
2175.0,0,3,77700.0,159286.40625,0,9,99985640.0
2175.0,0,5,77700.0,-20552.0,0,0,99985640.0
15.0,2,5,77700.0,-20552.0,8,9,99959891.46550621
2175.0,2,5,0.6000000238418579,159286.40625,8,9,99985640.0
15.0,2,5,0.6000000238418579,-20552.0,0,0,99985640.0
15.0,0,0,77700.0,-20552.0,8,0,99985640.0
2175.0,2,5,77700.0,-20552.0,0,0,99985640.0
15.995150070690261,0,5,77700.0,-20552.0,8,6,99985640.0
2175.0,0,5,77700.0,159286.40625,8,9,0.0
2175.0,0,0,77700.0,159286.40625,0,9,0.0
2175.0,0,0,0.6000000238418579,-20552.0,0,0,0.0
15.0,2,0,77700.0,159286.40625,8,0,99985640.0
15.0,0,5,77700.0,32406.68223779329,8,9,99985640.0
2175.0,0,0,202.02607534842548,-20552.0,8,0,0.0
227.0307323014395,0,5,0.6000000238418579,-20552.0,8,0,0.0
15.0,0,5,0.6000000238418579,-20552.0,0,9,0.0
15.0,0,0,77700.0,-20552.0,6,9,0.0
15.0,2,5,0.6000000238418579,-20552.0,0,9,0.0
2175.0,0,5,0.6000000238418579,159286.40625,0,9,0.0
15.0,2,0,0.6000000238418579,-20552.0,8,0,0.0
2175.0,2,5,0.6000000238418579,159286.40625,8,9,99985640.0
2175.0,0,5,77700.0,159283.91180847504,8,0,0.0
2175.0,0,5,77700.0,137331.90451372397,0,0,0.0
2175.0,2,0,77700.0,-20552.0,0,0,0.0
15.0,0,5,77700.0,159286.40625,0,0,0.0
2175.0,2,0,0.6000000238418579,159286.40625,0,9,0.0
15.0,2,5,0.6000000238418579,-20552.0,8,9,99985640.0
2175.0,2,5,77700.0,159286.40625,0,0,0.0
2175.0,2,5,77700.0,-20552.0,8,0,99985640.0
2175.0,0,4,77700.0,159286.40625,0,0,0.0
15.0,2,0,77700.0,159286.40625,8,9,99985640.0
15.0,0,0,77700.0,-20552.0,8,0,99985640.0
274.1412910107495,2,5,0.6000000238418579,159286.40625,0,4,0.0
2175.0,0,5,0.6000000238418579,-20552.0,0,0,99985640.0
15.0,0,0,0.6000000238418579,159286.40625,0,9,0.0
15.0,2,5,0.6000000238418579,-20552.0,8,0,99985640.0
15.0,2,0,0.6000000238418579,-20552.0,0,0,99985640.0
15.0,2,0,77700.0,159286.40625,8,9,0.0
15.0,0,0,77700.0,159286.40625,8,0,99985640.0
15.0,0,0,0.6000000238418579,-20552.0,8,0,99985640.0
15.0,0,0,0.6000000238418579,-20552.0,8,0,99985640.0
15.0,2,5,0.6000000238418579,159286.40625,8,0,99985640.0
15.0,0,0,0.6000000238418579,-20552.0,8,0,0.0
2175.0,0,4,0.6000000238418579,-20552.0,8,9,0.0
15.0,0,0,77700.0,20230.270986066313,0,9,99985640.0
2175.0,2,5,77700.0,-20552.0,8,0,0.0
15.0,2,0,0.6000000238418579,57131.03205822532,0,0,0.0
2175.0,0,0,77700.0,-20552.0,8,9,99985640.0
15.0,0,0,0.6000000238418579,159286.40625,0,9,99985640.0
15.0,0,0,77700.0,159286.40625,0,9,0.0
2175.0,2,5,77700.0,-20552.0,8,0,0.0
2175.0,0,5,77700.0,159286.40625,0,9,99985640.0
2175.0,2,5,0.6000000238418579,19368.866936937116,0,9,0.0
2175.0,0,0,0.6000000238418579,-20552.0,0,9,0.0
15.0,0,5,0.6000000238418579,159286.40625,8,0,92308582.83558436
15.0,0,4,0.6000000238418579,-20552.0,8,0,0.0
15.0,0,5,77700.0,-20552.0,0,9,0.0
15.0,0,0,77700.0,159286.40625,8,9,0.0
2175.0,0,0,77700.0,159286.40625,0,9,99985640.0
15.0,0,0,77700.0,-20552.0,0,0,99970621.50199157
2175.0,2,5,0.6000000238418579,-20552.0,0,0,99985640.0
2175.0,0,5,77700.0,-20552.0,8,9,0.0
2175.0,0,0,0.6000000238418579,159286.40625,8,0,0.0
15.0,2,5,0.6000000238418579,-20552.0,8,9,0.0
2175.0,0,5,0.6000000238418579,159286.40625,0,0,0.0
2175.0,0,0,0.6000000238418579,-20552.0,0,9,99985640.0
15.0,0,5,77700.0,159286.40625,8,9,0.0
15.0,2,5,0.6000000238418579,-20552.0,0,0,0.0
2144.0,0,5,77700.0,159286.40625,0,0,99985640.0
2175.0,0,5,0.6000000238418579,-20552.0,0,9,0.0
15.0,2,5,77700.0,159286.40625,0,9,0.0
15.0,0,5,0.6000000238418579,-20552.0,8,9,0.0
2175.0,0,5,11545.675592755757,159286.40625,0,0,0.0
15.0,0,5,0.6000000238418579,82843.81019035411,0,9,99985640.0
2175.0,2,5,77700.0,159286.40625,8,9,0.0
2175.0,2,5,0.6000000238418579,159286.40625,0,9,0.0
2175.0,2,0,77700.0,-20552.0,8,0,0.0
2175.0,2,5,77700.0,-20552.0,0,0,99985640.0
15.0,0,5,77700.0,159286.40625,8,9,99985640.0
2175.0,0,5,0.6000000238418579,159286.40625,0,9,99985640.0
2175.0,0,5,0.6000000238418579,-20552.0,0,0,0.0
15.0,0,0,77700.0,-20552.0,8,9,0.0
15.0,0,5,0.6000000238418579,3145.319319302623,8,9,0.0
2175.0,2,5,0.6000000238418579,-20552.0,8,9,0.0
15.0,0,4,77700.0,-20552.0,8,0,99985640.0
15.0,0,4,0.6000000238418579,-20552.0,0,0,99985640.0
2175.0,0,5,77700.0,159277.5101056117,8,9,0.0
15.0,0,5,0.6000000238418579,-20552.0,0,0,0.0
2175.0,0,5,0.6000000238418579,159286.40625,8,0,99985640.0
15.0,2,5,0.6000000238418579,159286.40625,8,0,0.0
704.7045465510932,0,0,0.6000000238418579,-20552.0,0,0,99985640.0
15.0,2,5,0.6000000238418579,71485.12161051392,0,9,0.0
15.0,2,5,13539.207821956526,159286.40625,0,9,99985640.0
15.0,0,0,77700.0,-20552.0,8,9,0.0
2175.0,0,5,0.6000000238418579,-20552.0,0,9,99985640.0
2175.0,2,0,77700.0,14624.274096945119,8,9,99985640.0
15.0,2,5,0.6000000238418579,159286.40625,8,0,99985640.0
15.0,0,5,0.6000000238418579,-20552.0,0,0,0.0
15.0,0,5,77700.0,159286.40625,8,0,99985640.0
2175.0,0,5,77697.73047135565,-20552.0,8,0,0.0
2175.0,2,5,77700.0,159286.40625,8,9,0.0
2036.936636081013,2,0,0.6000000238418579,-20552.0,7,0,0.0
15.0,0,5,0.6000000238418579,159286.40625,8,0,99985640.0
15.0,0,0,77700.0,159286.40625,8,9,0.0
2175.0,2,5,77700.0,159286.40625,8,0,28836239.20005869
66.89420577095935,2,0,0.6000000238418579,159286.40625,0,9,0.0
15.0,2,5,0.6000000238418579,-20552.0,0,9,0.0
2175.0,2,5,77700.0,159286.40625,8,0,99985640.0
15.0,0,5,77700.0,-20552.0,0,0,99985640.0
2175.0,0,0,77700.0,-20552.0,8,0,0.0
15.0,2,5,0.6000000238418579,159286.40625,5,9,99985640.0
15.0,0,0,77700.0,-20552.0,8,9,0.0
15.0,2,0,0.6000000238418579,159286.40625,0,9,0.0
2175.0,2,0,77700.0,-20552.0,8,9,0.0
15.0,2,0,77700.0,159286.40625,0,0,99985640.0
2175.0,0,5,77700.0,-20552.0,0,9,99985640.0
2175.0,2,5,77700.0,159286.40625,8,0,0.0
15.0,2,0,0.6000000238418579,159286.40625,0,9,99985640.0
1639.542668953784,2,0,77700.0,159286.40625,0,5,99985640.0
15.0,0,0,71.41165489560176,-20552.0,8,0,88485322.1971689
15.0,2,5,77700.0,-20552.0,8,9,99985640.0
268.67625911999704,0,0,77700.0,-20552.0,0,0,99985640.0
2175.0,0,5,77700.0,-20552.0,0,9,99985640.0
2175.0,2,5,4502.615921939025,-20552.0,0,0,99985640.0
15.0,2,0,0.6000000238418579,-20552.0,8,0,0.0
15.0,0,0,77700.0,-20552.0,0,0,0.0
2175.0,0,5,77700.0,159286.40625,8,9,99985640.0
2175.0,2,5,77700.0,-20552.0,8,0,0.0
15.0,2,5,77700.0,159286.40625,0,0,0.0
2175.0,2,0,0.6000000238418579,-20552.0,8,9,99985640.0
15.0,2,0,77700.0,-20552.0,0,2,0.0
2175.0,0,5,0.6000000238418579,-20552.0,8,9,0.0
15.0,2,5,77700.0,159286.40625,8,0,99985640.0
2175.0,0,5,0.6000000238418579,159286.40625,0,11,0.0
15.0,2,5,77700.0,159286.40625,8,9,0.0
2175.0,0,0,77700.0,-20552.0,0,9,99985640.0
15.0,0,5,77700.0,-20552.0,8,9,99985640.0
15.0,0,5,0.6000000238418579,159286.40625,8,9,0.0
15.0,0,5,77700.0,-20552.0,8,9,99985640.0
18.051411923019053,0,5,77700.0,-20552.0,8,9,99985640.0
2141.0968590517723,2,5,0.6000000238418579,-20552.0,0,9,0.0
2175.0,2,2,0.6000000238418579,-20552.0,7,0,0.0
15.0,0,0,77700.0,-20552.0,0,0,99985640.0
15.0,0,0,77700.0,159286.40625,0,9,0.0
15.0,0,0,77700.0,-20552.0,8,0,99985640.0
2175.0,2,5,0.6000000238418579,159286.40625,8,0,99985640.0
15.0,0,0,0.6000000238418579,-20552.0,8,0,0.0
2175.0,0,0,77700.0,-20552.0,0,9,0.0
15.0,2,5,77700.0,159286.40625,0,0,99985640.0
15.0,0,0,77700.0,159286.40625,8,9,0.0
15.0,0,5,0.6000000238418579,159286.40625,8,0,0.0
15.0,2,0,77700.0,-20552.0,8,0,0.0
15.0,2,5,0.6000000238418579,159286.40625,8,0,0.0
15.0,0,5,77700.0,-20552.0,8,0,99985640.0
2175.0,2,5,0.6000000238418579,-20552.0,0,0,0.0
15.0,2,0,77700.0,-20552.0,8,9,99985640.0
15.0,2,5,0.6000000238418579,159286.40625,0,9,99985640.0
2144.0,2,0,0.6000000238418579,-20552.0,8,0,0.0
2175.0,0,0,0.6000000238418579,159286.40625,7,0,99985640.0
15.0,2,5,0.6000000238418579,-20552.0,0,9,99985640.0
15.0,0,5,77700.0,-20552.0,0,9,99985640.0
2175.0,2,0,77700.0,159286.40625,0,0,0.0
2175.0,2,0,77700.0,-20552.0,0,9,99985640.0
2175.0,0,5,0.6000000238418579,159286.40625,0,9,99985640.0
15.0,2,5,0.6000000238418579,-20552.0,0,9,0.0
15.0,2,5,0.6000000238418579,-20552.0,0,9,0.0
2175.0,0,5,77700.0,-20552.0,0,9,99985640.0
15.0,0,0,0.6000000238418579,159286.40625,0,0,0.0
15.0,0,5,77700.0,-20552.0,0,9,99985640.0
2175.0,0,3,77700.0,159286.40625,0,0,25984698.109244622
2175.0,0,0,77700.0,-20552.0,8,9,99985640.0
2175.0,0,5,0.6000000238418579,-20552.0,0,0,98786878.553238
15.0,0,5,0.6000000238418579,159286.40625,8,0,99985640.0
15.0,0,0,77700.0,-20552.0,0,9,99985640.0
2175.0,2,5,77700.0,159286.40625,8,9,0.0
22.478146187001357,2,0,0.6000000238418579,159286.40625,8,9,99985640.0
15.21598775360084,2,0,0.6000000238418579,159286.40625,8,9,0.0
15.0,0,5,77700.0,-20552.0,0,9,0.0
2175.0,0,5,77700.0,-20552.0,0,0,99985640.0
15.0,0,5,77700.0,159286.40625,8,9,0.0
2175.0,2,5,0.6000000238418579,159286.40625,0,0,99985640.0
2175.0,2,5,0.6000000238418579,-20552.0,0,9,0.0
15.0,2,5,0.6000000238418579,159286.40625,8,9,99983826.6766992
2175.0,0,0,77700.0,-20552.0,8,0,0.0
2175.0,2,5,77700.0,159286.40625,8,0,0.0
1488.6918028714767,0,0,0.6000000238418579,-20552.0,8,9,99985640.0
207.3132315427891,0,5,0.6000000238418579,-20552.0,0,9,99985640.0
2175.0,2,0,77648.52577371943,159286.40625,8,0,0.0
15.0,0,0,77700.0,-20552.0,8,9,99985640.0
2175.0,2,5,77700.0,159286.40625,0,0,0.0
15.0,2,5,77700.0,-20552.0,8,9,99985640.0
15.0,2,0,77700.0,-20552.0,8,9,99985640.0
2175.0,2,5,1.2747206070941688,159286.40625,8,9,0.0
15.0,2,0,77700.0,-20552.0,0,9,99985640.0
2175.0,2,5,77700.0,-20552.0,0,0,0.0
2175.0,2,5,77700.0,-20341.000713365178,8,9,0.0
2175.0,0,0,77700.0,159286.40625,8,9,0.0
15.0,0,5,77700.0,-20552.0,8,9,99985640.0
2175.0,2,5,0.6000000238418579,-20552.0,8,9,99985640.0
2175.0,0,5,77700.0,-20552.0,8,0,0.0
2175.0,2,5,77700.0,-20552.0,0,9,0.0
15.0,2,0,0.6000000238418579,-20552.0,8,9,99985640.0
2175.0,0,0,77700.0,-20552.0,8,0,0.0
2175.0,2,5,0.6000000238418579,159286.40625,8,0,0.0
15.0,2,0,77700.0,-20552.0,8,0,0.0
15.0,0,0,77700.0,-20552.0,8,9,99985640.0
2175.0,0,5,77700.0,-20552.0,8,9,0.0
15.0,2,0,77700.0,159286.40625,0,9,0.0
2175.0,2,5,14.600000381469727,-20552.0,0,9,0.0
15.196137515824075,0,0,0.6000000238418579,159286.40625,8,0,0.0
15.0,0,0,77700.0,-20552.0,0,9,0.0
15.0,2,5,14.600000381469727,-20552.0,8,9,99985640.0
1312.7008493374703,2,5,77700.0,159286.40625,8,9,99985640.0
15.0,2,5,77700.0,-20552.0,8,0,0.0
15.0,0,5,0.6000000238418579,159286.40625,2,9,0.0
2175.0,2,5,77700.0,159286.40625,0,0,99985640.0
95.4916034855709,0,5,0.6000000238418579,-9000.575655948014,0,9,0.0
2175.0,2,5,77700.0,159286.40625,8,9,99985640.0
2175.0,0,5,77700.0,-20552.0,8,9,0.0
2175.0,0,5,13604.974323201415,505.6847875494483,8,0,0.0
2175.0,0,5,0.6000000238418579,-20552.0,8,0,0.0
2175.0,0,5,77700.0,-20552.0,8,0,99985640.0
15.0,2,0,77700.0,-20552.0,0,0,0.0
2098.3621553644725,2,0,77700.0,7486.433130671898,8,0,99985640.0
2175.0,0,0,14.600000381469727,-20552.0,8,0,0.0
15.0,0,5,77700.0,8849.131438742243,8,0,0.0
15.0,2,0,0.6000000238418579,159286.40625,8,9,99985640.0
15.0,0,5,77700.0,-20552.0,0,9,99985640.0
15.0,2,5,0.6000000238418579,-20552.0,0,9,0.0
2175.0,0,0,0.6000000238418579,159286.40625,0,9,0.0
15.0,2,0,77700.0,159286.40625,0,9,99985640.0
15.0,0,5,0.6000000238418579,-20552.0,0,0,99985640.0
15.0,2,5,0.6000000238418579,-20552.0,8,0,99985640.0
2175.0,2,5,77700.0,-20552.0,0,0,0.0
2175.0,0,5,77700.0,159286.40625,8,0,99985640.0
2175.0,2,0,77665.94961572904,159286.40625,7,0,0.0
15.0,0,0,77700.0,159286.40625,8,9,0.0
2175.0,0,5,77700.0,-20552.0,8,0,0.0
15.0,0,5,77700.0,-20552.0,8,9,99985640.0
15.0,0,0,77700.0,-20552.0,5,9,0.0
15.0,0,5,77700.0,159286.40625,8,9,99985640.0
15.0,2,0,77700.0,-20552.0,0,9,99985640.0
15.0,2,0,77700.0,-20552.0,8,0,99985640.0
15.0,2,5,0.6000000238418579,-20552.0,7,9,0.0
2175.0,0,5,0.6000000238418579,-20552.0,8,9,0.0
15.0,0,0,77700.0,159286.40625,8,0,0.0
2175.0,0,5,77700.0,-20552.0,8,5,99985640.0
15.0,0,5,77700.0,14180.237819358166,8,0,0.0
2175.0,0,5,77700.0,-20552.0,8,9,0.0
15.0,2,5,0.6000000238418579,-20552.0,8,9,99985640.0
15.0,0,5,0.6000000238418579,376.4757707739876,0,9,99985640.0
2175.0,0,5,77700.0,-20552.0,0,9,0.0
15.0,2,0,77700.0,159286.40625,7,9,0.0
2175.0,2,5,77700.0,-20552.0,8,0,99985640.0
15.0,2,5,77700.0,-20552.0,8,0,0.0
2175.0,0,0,0.6000000238418579,-20552.0,0,9,99985640.0
15.0,0,5,0.6000000238418579,-20552.0,0,9,0.0
15.0,0,5,0.6000000238418579,159286.40625,0,9,0.0
15.0,2,0,0.6000000238418579,159286.40625,8,9,0.0
2175.0,0,5,0.6000000238418579,-20552.0,0,0,99985640.0
15.0,2,0,77700.0,159286.40625,8,9,99985640.0
2175.0,0,5,0.6000000238418579,-20552.0,8,0,0.0
15.0,0,0,36006.747110987824,-20552.0,8,0,99985640.0
15.0,2,5,77700.0,-20552.0,0,0,99985640.0
2175.0,2,0,0.6000000238418579,-20552.0,8,0,99985640.0
2175.0,0,5,77700.0,-20552.0,8,0,99985640.0
2175.0,2,0,77700.0,159286.40625,8,0,99985640.0
2175.0,2,0,0.6000000238418579,159286.40625,8,9,99985640.0
15.0,2,0,77700.0,-20552.0,0,0,0.0
2175.0,2,5,77700.0,-20552.0,8,0,0.0
2175.0,2,5,77700.0,159286.40625,0,9,99985640.0
15.0,2,5,77700.0,-20552.0,8,0,99985640.0
2175.0,2,0,77700.0,159286.40625,8,0,0.0
15.0,2,0,0.8338055156291373,159286.40625,0,0,0.0
15.0,2,0,0.6000000238418579,-20552.0,0,9,99985640.0
2175.0,2,5,0.6000000238418579,159286.40625,5,0,99985640.0
15.0,0,5,77700.0,45521.59429026645,0,9,99985640.0
2175.0,0,5,77700.0,-20552.0,0,9,0.0
15.0,0,5,77700.0,159286.40625,0,9,0.0
2175.0,2,5,0.6000000238418579,-20540.60552168643,8,0,99985640.0
2175.0,0,0,46279.05350860782,36409.12504083128,8,9,99985640.0
15.099026061798648,0,5,0.6000000238418579,-20552.0,8,9,99985640.0
2175.0,2,3,1307.3488096980202,159286.40625,8,9,0.0
2175.0,0,0,0.6000000238418579,-20552.0,8,9,99985640.0
15.0,0,0,0.6000000238418579,159286.40625,0,9,0.0
15.0,2,5,0.6000000238418579,159286.40625,8,9,0.0
2175.0,2,5,77700.0,-20552.0,0,0,99985640.0
15.0,0,0,77700.0,159286.40625,0,0,0.0
15.0,0,5,77700.0,159286.40625,0,9,99985640.0
15.0,0,5,0.6000000238418579,-20552.0,0,9,99985640.0
2175.0,0,5,77700.0,159286.40625,0,9,0.0
2175.0,2,5,77700.0,159286.40625,0,9,0.0
15.0,2,5,0.6000000238418579,-20552.0,0,0,0.0
15.0,0,0,77700.0,-20552.0,8,9,99985640.0
15.0,2,0,31464.476308430785,-20552.0,0,9,0.0
15.0,0,5,77700.0,-20552.0,1,0,99985640.0
2175.0,0,0,77700.0,159286.40625,0,9,0.0
2175.0,2,5,0.6000000238418579,1911.3959721764827,8,0,99985640.0
15.0,2,0,0.6000000238418579,-20552.0,0,0,99985640.0
15.0,0,5,0.6000000238418579,159061.64294320132,8,9,99985640.0
2175.0,0,5,0.6000000238418579,159286.40625,8,9,0.0
15.0,2,5,8393.417674083961,159286.40625,6,9,0.0
2175.0,0,0,77700.0,159286.40625,0,9,99985640.0
1974.5495324164629,2,0,0.6000000238418579,159286.40625,8,0,0.0
2175.0,2,5,77700.0,159286.40625,0,9,99985640.0
2175.0,0,5,0.6000000238418579,-20552.0,8,9,99985640.0
2175.0,2,0,0.6000000238418579,159286.40625,0,9,0.0
2175.0,2,0,77700.0,159286.40625,8,0,99985640.0
2175.0,2,5,77700.0,159286.40625,0,0,99985640.0
2175.0,2,5,77700.0,-20552.0,0,0,0.0
2175.0,2,0,13.276059415424859,-20552.0,0,0,0.0
2175.0,2,0,77700.0,159286.40625,0,9,0.0
15.0,0,0,77700.0,-20552.0,8,9,0.0
2175.0,0,0,77700.0,159286.40625,0,0,0.0
15.0,0,0,0.6000000238418579,-20552.0,0,0,0.0
2175.0,0,5,77700.0,159286.40625,8,0,99985640.0
2175.0,0,5,77700.0,-20552.0,6,9,99985640.0
2175.0,2,5,0.6000000238418579,-20550.14550427418,0,0,0.0
15.0,0,0,0.6003685353055288,-20552.0,0,9,99985640.0
15.0,2,0,77700.0,-20552.0,0,0,0.0
15.0,2,0,10.905366113621088,159286.40625,8,0,0.0
15.0,2,0,77700.0,-20552.0,0,9,99985640.0
2175.0,0,1,77700.0,-20528.223527868373,0,9,0.0
2175.0,2,5,13013.207855388659,159286.40625,0,0,99985640.0
15.0,0,0,0.6000000238418579,-20552.0,0,0,0.0
15.0,2,0,0.6000000238418579,159286.40625,0,0,0.0
15.0,2,5,77700.0,159286.40625,8,9,0.0
15.0,0,0,77700.0,-20552.0,0,0,0.0
2175.0,0,0,77700.0,159286.40625,0,9,0.0
2175.0,0,5,0.6000000238418579,-20552.0,0,0,99985640.0
2175.0,2,5,0.6000000238418579,-20552.0,8,9,0.0
15.031292160806501,2,0,77700.0,159286.40625,0,9,0.0
2175.0,0,5,77700.0,-20552.0,0,0,0.0
15.0,0,5,77700.0,158632.31061115357,0,0,0.0
15.0,2,4,0.6000000238418579,159286.40625,8,9,0.0
15.0,0,5,77700.0,-20552.0,8,0,0.0
15.0,0,5,77700.0,159286.40625,8,0,99985640.0
2062.69095322553,0,5,77700.0,159286.40625,0,0,99985640.0
2175.0,2,0,77700.0,159286.40625,0,9,0.0
2175.0,0,5,77700.0,159286.40625,8,9,0.0
2175.0,2,5,77700.0,-20552.0,0,0,0.0
2175.0,2,5,0.6000000238418579,159286.40625,8,0,99985640.0
15.0,0,0,77700.0,-20552.0,8,0,99985640.0
2175.0,0,0,0.6000000238418579,-20552.0,8,9,99985640.0
2175.0,2,0,0.6000000238418579,159286.40625,8,0,0.0
2175.0,0,5,77700.0,159286.40625,8,9,0.0
15.0,0,4,77700.0,159286.40625,8,9,0.0
15.0,2,0,0.6000000238418579,-20552.0,8,0,99985640.0
1360.3237741113035,2,5,77700.0,-20552.0,0,9,0.0
15.0,2,4,0.6000000238418579,159286.40625,8,9,99985640.0
15.0,2,5,0.6000000238418579,-20552.0,8,9,0.0
2175.0,2,0,0.6000000238418579,-20552.0,0,0,99985640.0
15.0,2,0,77700.0,-20552.0,0,0,99985640.0
2175.0,2,5,77700.0,-20552.0,0,0,0.0
15.0,2,5,77700.0,159286.40625,0,9,0.0
15.0,2,5,0.6000000238418579,159286.40625,0,9,99985417.34725823
2175.0,2,5,0.6000000238418579,-20552.0,0,0,0.0
15.0,2,5,77700.0,-20552.0,0,9,99985640.0
2174.4445950164786,2,5,0.6000000238418579,-20552.0,0,9,99985590.9637987
2175.0,2,5,77700.0,159286.40625,0,0,99985640.0
2175.0,0,5,77700.0,10274.287986374891,0,0,0.0
2175.0,0,5,76097.99314513388,-20552.0,7,9,0.0
2175.0,2,5,77700.0,-20552.0,0,0,99985640.0
2175.0,2,5,77700.0,159286.40625,0,0,0.0
2175.0,0,5,77700.0,159286.40625,8,0,99985640.0
15.0,2,5,77700.0,-20552.0,0,0,99985640.0
15.0,0,0,0.6000000238418579,159286.40625,0,9,0.0
2175.0,2,5,77700.0,-20552.0,0,0,99985640.0
15.0,2,5,77700.0,-20552.0,8,9,0.0
2175.0,2,5,77700.0,-20552.0,0,9,0.0
2053.0,0,5,0.6000000238418579,159286.40625,0,0,99985640.0
15.0,2,5,77700.0,159286.40625,8,9,0.0
15.07794168015277,0,5,77700.0,-20552.0,8,9,0.0
99.14199385112587,0,0,0.6000000238418579,159286.40625,8,9,0.0
15.0,2,5,14.600000381469727,-20552.0,8,0,99985640.0
15.0,2,5,77700.0,159286.40625,8,9,0.0
2060.4313044820756,2,0,77700.0,-20552.0,0,9,0.0
15.0,0,0,0.6000000238418579,-20552.0,0,9,99985640.0
2175.0,0,5,0.6000000238418579,91903.50507760953,0,9,99985640.0
77.90112651123246,0,0,0.6000000238418579,-20552.0,8,9,99985640.0
15.0,0,0,0.6000000238418579,159286.40625,0,0,0.0
2175.0,2,5,0.6000000238418579,159286.40625,0,9,0.0
19.813743621789424,0,0,77700.0,159286.40625,8,9,99985640.0
15.0,0,5,0.6000000238418579,-20552.0,0,9,0.0
120.41648199318129,2,5,0.6000000238418579,-20552.0,0,9,99985640.0
2175.0,2,0,77700.0,159286.40625,8,0,99985640.0
15.0,0,5,77700.0,-20552.0,0,0,99985640.0
2175.0,0,5,0.6000000238418579,-20552.0,8,9,0.0
15.0,0,0,0.6000000238418579,-20552.0,8,0,99985640.0
2175.0,0,0,77700.0,159286.40625,6,0,0.0
2175.0,2,0,77700.0,52928.276143534116,8,0,0.0
2175.0,2,5,0.6000000238418579,9834.831147700323,8,0,0.0
2175.0,0,5,77700.0,-20552.0,0,0,0.0
15.0,2,5,0.6000000238418579,159286.40625,8,9,99985640.0
15.0,0,0,77700.0,159286.40625,8,9,99985640.0
2175.0,0,0,77700.0,159286.40625,0,9,0.0
2175.0,2,5,77694.75764046091,159286.40625,8,9,0.0
15.0,2,5,0.6000000238418579,47693.42494945829,0,9,99985640.0
15.0,0,0,77700.0,-20552.0,0,9,0.0
2175.0,2,0,0.6000000238418579,159286.40625,8,0,99985522.89861433
15.0,0,0,0.6000000238418579,159286.40625,8,9,81507307.68619192
15.0,0,5,0.6000000238418579,159286.40625,8,9,99985640.0
2175.0,2,0,14.600000381469727,159286.40625,8,0,99985640.0
2175.0,2,5,77700.0,159286.40625,0,9,0.0
15.0,0,0,77700.0,-20552.0,8,9,99985640.0
2175.0,0,0,77700.0,-20552.0,0,9,0.0
15.0,2,5,0.6000000238418579,-20552.0,8,13,0.0
2175.0,0,0,77700.0,-20552.0,0,9,0.0
2175.0,0,5,0.6000000238418579,159286.40625,0,0,0.0
2175.0,0,5,77523.10110344898,159286.40625,0,9,99985640.0
15.0,2,0,77700.0,-20552.0,0,0,99985640.0
15.0,2,0,77700.0,159286.40625,0,0,0.0
15.0,0,0,14.600000381469727,-20552.0,0,0,28184474.97163166
2175.0,0,5,77700.0,-20552.0,0,0,99985640.0
2175.0,2,5,17175.027794443675,-20552.0,8,0,0.0
15.0,0,5,77700.0,159286.40625,8,9,0.0
15.0,2,0,0.6000000238418579,159286.40625,8,0,0.0
2175.0,2,5,77700.0,-20552.0,0,9,46628163.13127283
2175.0,2,5,0.6000000238418579,159286.40625,0,0,99985640.0
15.0,2,5,77700.0,-20552.0,0,0,99985640.0
2175.0,0,5,0.6000000238418579,159286.40625,0,0,99985640.0
2175.0,2,5,0.601146985714089,-20552.0,0,0,99985640.0
1210.5399988666213,2,5,77700.0,159286.40625,0,0,99985640.0
2175.0,0,5,73211.11435753893,-20552.0,0,9,0.0
15.0,2,0,72372.62296889434,-20552.0,8,9,0.0
15.0,2,5,77700.0,-20552.0,8,9,0.0
15.0,2,0,77700.0,-20552.0,8,9,99985640.0
2175.0,0,5,0.6000000238418579,-20552.0,0,0,0.0
15.0,2,5,77700.0,-20552.0,0,0,99985640.0
15.0,2,5,77700.0,-20552.0,8,9,99569819.64576072
2175.0,0,5,77700.0,-20552.0,8,0,99985640.0
2153.1836697002595,0,5,47563.14699756501,159286.40625,0,0,99985640.0
15.0,2,5,0.6000000238418579,-20552.0,0,9,0.0
2175.0,0,5,77700.0,159286.40625,8,0,0.0
2175.0,0,0,0.6000000238418579,159286.40625,8,9,0.0
2175.0,0,0,0.6000000238418579,-20552.0,0,0,99984612.14559135
15.0,2,0,77700.0,159286.40625,8,9,99985640.0
2175.0,2,0,77700.0,-20552.0,0,0,0.0
15.0,2,5,0.6000000238418579,-20552.0,0,9,99985640.0
15.0,2,0,77700.0,-20552.0,0,9,99985640.0
2175.0,0,0,0.6000000238418579,-20552.0,8,0,99985640.0
15.0,2,0,77700.0,-20552.0,0,9,0.0
2175.0,2,5,0.6000000238418579,4471.173523441103,8,0,99985640.0
2175.0,0,5,0.6000000238418579,-19770.774795148045,0,9,99985640.0
15.0,0,0,77700.0,-20552.0,0,9,28918241.11975599
15.0,0,0,3491.3906871909808,-20552.0,0,9,99985640.0
2175.0,0,0,77700.0,159286.40625,0,0,0.0
2175.0,0,5,77700.0,159286.40625,7,0,99985640.0
2175.0,2,5,77700.0,-20552.0,0,9,99985640.0
15.0,0,5,0.6000000238418579,-20552.0,0,9,0.0
15.0,2,0,0.6000000238418579,-20552.0,0,0,99985640.0
2175.0,0,0,77700.0,-20552.0,8,0,0.0
15.0,0,0,0.6000000238418579,-20552.0,0,0,99984889.6408119
2175.0,2,5,77700.0,-20552.0,8,9,0.0
2175.0,2,5,77700.0,159286.40625,0,0,0.0
2175.0,2,5,0.6000000238418579,159286.40625,0,9,0.0
2175.0,2,5,77700.0,-20552.0,8,0,0.0
2175.0,0,0,0.6000000238418579,19227.238669852715,8,9,99985640.0
15.0,0,0,0.6000000238418579,-20552.0,8,9,99985640.0
15.0,2,5,77700.0,-20552.0,0,0,0.0
2175.0,0,0,0.6000000238418579,-20552.0,8,0,0.0
2175.0,2,5,77700.0,159286.40625,0,9,99985640.0
15.0,2,0,14.600000381469727,159286.40625,8,9,0.0
2175.0,0,5,77700.0,-20552.0,0,0,99985640.0
2175.0,2,5,77700.0,-20552.0,0,9,0.0
15.0,2,5,0.6000000238418579,159286.40625,0,0,0.0
2175.0,2,5,14.600000381469727,-20552.0,0,9,99985640.0
15.0,0,0,77700.0,-20552.0,8,9,0.0
15.0,0,5,77700.0,159286.40625,8,9,99985640.0
2175.0,0,5,0.6000000238418579,159286.40625,8,1,0.0
2175.0,0,5,0.6000000238418579,-20552.0,8,0,99985640.0
15.0,0,5,40493.7115076976,-525.0578474039697,8,0,99985640.0
2175.0,0,5,77700.0,159286.40625,0,0,99985640.0
15.0,2,5,77700.0,-20552.0,0,9,99985640.0
2175.0,2,5,71853.95998662805,159286.40625,0,0,99985640.0
2175.0,2,5,0.6000000238418579,159286.40625,0,9,0.0
15.0,2,5,77700.0,-19593.949187190596,8,0,0.0
2175.0,0,5,77700.0,159286.40625,8,0,89192470.37039126
2175.0,0,5,0.6000000238418579,-20552.0,0,9,0.0
2144.0,2,5,0.6000000238418579,-20552.0,8,9,99985640.0
2175.0,2,0,0.6000000238418579,159286.40625,8,0,0.0
15.0,2,0,0.6000000238418579,-20552.0,0,9,0.0
15.0,2,5,77700.0,159286.40625,0,9,0.0
15.0,0,0,77700.0,-20552.0,8,9,99985640.0
15.0,0,0,0.6000000238418579,159286.40625,0,0,0.0
2175.0,2,5,77700.0,-20552.0,0,9,0.0
15.039457771225925,0,5,0.6000000238418579,159286.40625,0,0,0.0
15.0,0,0,0.6000000238418579,-20552.0,8,9,99985640.0
2175.0,0,5,0.6000000238418579,159286.40625,0,0,0.0
15.0,2,0,1722.0777160948267,-20552.0,0,9,0.0
2175.0,0,5,0.6000000238418579,-20552.0,8,9,0.0
15.0,0,5,0.6000000238418579,159286.40625,8,9,99985640.0
15.0,2,4,77376.2729923277,159174.23174668706,8,0,99985640.0
2175.0,0,0,64976.54263465407,159286.40625,0,9,99985640.0
2175.0,0,5,77700.0,10591.138619173957,0,9,0.0
2175.0,0,0,0.6000000238418579,-20552.0,8,9,99985640.0
2175.0,0,0,0.6000000238418579,158650.1031808871,8,0,99985640.0
2175.0,0,5,0.6000000238418579,-20552.0,0,0,99985640.0
2058.3507422206944,0,0,77700.0,-20552.0,0,9,97009814.66532569
15.0,2,5,0.6000000238418579,-20552.0,0,0,0.0
15.0,2,0,0.6000000238418579,-20552.0,0,9,0.0
2175.0,2,0,77700.0,159286.40625,8,0,99985640.0
2175.0,0,5,0.6000000238418579,159286.40625,8,0,99985640.0
15.0,0,0,77700.0,159286.40625,0,0,0.0
2175.0,0,0,77700.0,159286.40625,0,0,0.0
2175.0,2,5,0.6000000238418579,159286.40625,8,0,0.0
15.0,2,0,77700.0,-20552.0,8,0,99985640.0
17.550792136915106,2,5,0.6000000238418579,159286.40625,0,0,99985640.0
15.0,2,5,77700.0,-20552.0,0,0,0.0
15.0,2,5,0.6000000238418579,-20552.0,0,9,0.0
15.0,0,0,0.6000000238418579,-20552.0,0,9,99985640.0
15.0,0,5,77700.0,159286.40625,0,0,80326272.60235555
2175.0,2,5,77700.0,-20552.0,8,0,0.0
15.0,2,0,0.6000000238418579,-20552.0,8,0,0.0
15.0,0,0,0.6000000238418579,-20552.0,0,9,0.0
15.375423109874651,2,0,77700.0,89940.76836338862,0,0,0.0
15.0,2,5,0.6000000238418579,159286.40625,0,9,99985640.0
2175.0,2,5,77700.0,-20552.0,0,0,99985640.0
15.0,0,5,77700.0,-20552.0,8,0,99985640.0
2175.0,2,0,77700.0,-20552.0,0,0,0.0
2175.0,0,0,77700.0,-20552.0,8,9,0.0
15.0,2,5,0.6000000238418579,-20552.0,8,0,99985640.0
2175.0,0,5,14264.258208567804,-20552.0,0,0,99985640.0
2175.0,0,5,77700.0,159286.40625,8,0,0.0
2175.0,2,0,0.6000000238418579,-20552.0,8,9,0.0
15.0,0,0,77700.0,-20552.0,0,0,99985640.0
15.0,2,0,0.6000000238418579,-20552.0,0,9,99985640.0
2175.0,2,5,0.6000000238418579,159286.40625,0,9,0.0
15.0,2,0,0.6000000238418579,-20552.0,0,0,99985640.0
32.96298707266113,2,5,0.6000000238418579,-20552.0,8,0,99985640.0
2175.0,2,0,0.6000000238418579,-20552.0,0,9,0.0
15.0,2,0,0.6000000238418579,-20552.0,0,0,99985640.0
15.0,2,5,0.6000000238418579,13443.977757814924,8,9,0.0
2156.774960683039,0,5,77700.0,59034.95003861697,0,9,0.0
2175.0,0,5,0.6000000238418579,-20552.0,8,0,99985640.0
15.0,2,0,77700.0,-20543.6085091101,8,9,99985640.0
15.0,2,5,0.6000000238418579,159286.40625,8,9,0.0
15.0,0,5,0.6000000238418579,-20552.0,0,0,99985640.0
38.72697055537874,0,5,0.6000000238418579,-20552.0,8,0,0.0
15.0,2,0,0.6000000238418579,159286.40625,8,0,99985640.0
2175.0,2,5,0.6000000238418579,-20552.0,8,9,99985640.0
15.0,0,0,0.6000000238418579,159286.40625,8,9,99985640.0
15.0,2,0,11.337828008100258,159286.40625,8,0,99985640.0
15.0,0,0,0.6000000238418579,159286.40625,8,9,99985640.0
2175.0,0,0,77700.0,159286.40625,0,0,0.0
15.0,0,0,0.6000000238418579,159286.40625,7,0,0.0
15.0,0,5,77700.0,-20552.0,8,9,0.0
15.0,0,5,0.6000000238418579,-20552.0,0,9,99985640.0
15.0,0,0,0.6000000238418579,-20552.0,0,9,99985640.0
15.0,2,5,0.6000000238418579,159286.40625,0,9,0.0
2175.0,0,3,0.6000000238418579,159286.40625,0,0,99985640.0
2175.0,0,0,77700.0,159286.40625,8,0,0.0
15.0,2,5,0.6000000238418579,159286.40625,8,0,0.0
2175.0,2,5,0.6000000238418579,-20552.0,8,0,0.0
15.0,2,0,77700.0,-20552.0,8,0,0.0
15.0,0,0,0.6000000238418579,159286.40625,8,0,0.0
2175.0,0,5,77700.0,159286.40625,8,9,0.0
15.0,0,5,0.6000000238418579,159286.40625,0,0,0.0
15.0,2,0,77700.0,-20552.0,0,9,99985640.0
15.0,2,0,0.6000000238418579,-20552.0,8,0,0.0
2175.0,2,5,0.6000000238418579,159286.40625,8,9,99985640.0
15.0,2,0,71.27767678854309,-20552.0,8,9,0.0
2175.0,2,5,0.6000000238418579,-20552.0,8,9,0.0
15.0,0,0,0.6000000238418579,159286.40625,8,9,0.0
15.0,2,0,77700.0,30181.990439115285,0,9,99985640.0
2175.0,0,5,6068.2950439808865,159286.40625,8,0,0.0
15.0,2,5,0.6000000238418579,159286.40625,0,9,99985640.0
2175.0,2,5,77700.0,-20552.0,0,0,0.0
15.0,0,5,0.6000000238418579,-20552.0,8,0,0.0
15.0,0,0,0.6000000238418579,159286.40625,0,0,99985640.0
2175.0,0,5,77700.0,-20552.0,8,0,0.0
2175.0,2,0,77700.0,-255.26425872172078,8,9,0.0
2175.0,0,5,0.6000000238418579,159286.40625,8,9,0.0
2175.0,0,5,77700.0,-20552.0,0,9,0.0
2175.0,2,0,0.6000000238418579,-20552.0,0,9,0.0
15.0,0,0,0.6000000238418579,-20552.0,8,9,99985640.0
15.0,2,5,77700.0,-20552.0,8,9,99985640.0
15.0,2,5,0.6000000238418579,159286.40625,8,0,99985640.0
2175.0,2,0,0.6000000238418579,159286.40625,8,9,0.0
15.0,2,5,0.6000000238418579,159286.40625,0,9,0.0
2175.0,0,5,0.6000000238418579,159284.58528753577,8,0,0.0
15.0,0,0,77700.0,159286.40625,0,0,0.0
2175.0,0,1,77700.0,-20552.0,8,9,0.0
2150.2724669954096,0,5,77700.0,159286.40625,0,0,99985640.0
15.0,2,5,77700.0,-20552.0,0,9,99985640.0
2175.0,2,0,77700.0,159286.40625,8,9,0.0
2175.0,2,5,0.6000000238418579,159286.40625,8,9,0.0
2175.0,2,5,77700.0,159286.40625,0,9,99985640.0
15.0,2,0,0.6000000238418579,159286.40625,5,0,0.0
2175.0,0,5,77700.0,159286.40625,8,9,0.0
15.0,2,5,0.6003803409253181,802.653415226394,0,0,0.0
15.0,2,5,0.6000000238418579,7871.040012219423,0,0,99985640.0
15.0,0,5,77700.0,159286.40625,8,9,0.0
15.0,2,0,0.6000000238418579,-20552.0,8,9,99985640.0
15.0,2,5,0.6000000238418579,159286.40625,0,9,99985640.0
15.0,0,0,0.6000000238418579,159286.40625,0,0,99985640.0
15.0,2,0,77700.0,159286.40625,8,9,0.0
15.0,2,5,0.6000000238418579,159286.40625,0,9,0.0
15.0,0,0,77700.0,-20552.0,0,9,0.0
2175.0,0,5,77700.0,-20552.0,8,9,0.0
15.0,2,0,77700.0,159286.40625,0,9,99985640.0
2175.0,2,5,0.6000000238418579,159286.40625,8,9,0.0
15.0,0,0,0.6000000238418579,-20552.0,7,9,99985640.0
2175.0,0,5,77700.0,-20552.0,0,0,97403158.82707377
2175.0,0,5,0.6000000238418579,-20552.0,0,9,0.0
2175.0,2,5,0.6000000238418579,159286.40625,8,9,0.0
2175.0,2,5,0.6000000238418579,159286.40625,8,0,0.0
2175.0,0,5,77700.0,-20552.0,8,9,99985640.0
15.0,2,0,77700.0,159286.40625,8,9,99985640.0
2175.0,2,5,77700.0,-20552.0,0,9,99985640.0
2175.0,0,5,77700.0,-20552.0,8,9,99985640.0
15.0,0,5,14.600000381469727,-20552.0,8,9,99985640.0
25.715862379146053,0,5,0.6000000238418579,159286.40625,0,9,0.0
2175.0,0,0,0.6000000238418579,-20552.0,0,9,0.0
15.0,0,5,0.6000000238418579,-20552.0,8,0,99985640.0
15.0,0,5,0.6000000238418579,159286.40625,0,9,0.0
15.0,0,5,77700.0,159286.40625,0,0,99985640.0
2175.0,0,0,77700.0,159286.40625,8,9,99985640.0
2175.0,2,0,0.6000000238418579,-20552.0,8,0,0.0
2175.0,2,0,77700.0,-20552.0,0,0,0.0
15.0,0,0,0.6000000238418579,6913.365653438008,8,9,99985640.0
2175.0,2,5,0.6000000238418579,-20552.0,8,0,99985640.0
15.0,0,5,0.6000000238418579,-20552.0,0,0,99985640.0
2175.0,2,5,77700.0,-20552.0,8,0,99985640.0
2175.0,2,0,0.6000000238418579,-20552.0,8,0,0.0
15.0,2,0,0.6000000238418579,159286.40625,0,0,99985640.0
2175.0,0,0,77700.0,-20552.0,0,9,99985640.0
2175.0,0,0,9.508896260287466,-20552.0,0,0,0.0
2175.0,2,5,0.6000000238418579,-20552.0,0,9,0.0
2175.0,2,5,77700.0,159286.40625,8,0,0.0
2175.0,2,5,77700.0,159286.40625,0,0,99985640.0
2175.0,0,0,0.6000000238418579,-20552.0,8,9,0.0
2175.0,2,5,0.6000000238418579,-20552.0,0,0,99985640.0
2175.0,0,5,0.6000000238418579,-20552.0,0,0,0.0
2175.0,0,0,0.6000000238418579,-20530.512692663004,8,0,0.0
15.0,0,5,0.6000000238418579,-20552.0,8,11,99985640.0
2175.0,0,5,0.6000000238418579,159286.40625,8,0,99893977.79625264
15.0,2,0,77700.0,-20552.0,0,9,99985640.0
15.0,0,0,0.6000000238418579,159262.85516474384,8,0,0.0
2175.0,0,0,14.600000381469727,-20552.0,0,9,0.0
2175.0,0,5,77700.0,-20552.0,8,0,99985640.0
2175.0,2,0,48146.427320449766,159286.40625,0,0,0.0
2175.0,0,5,77700.0,-20552.0,0,0,0.0
2175.0,0,5,77700.0,-20552.0,0,9,0.0
2175.0,0,5,0.6000000238418579,-20552.0,8,9,0.0
15.0,2,5,77700.0,159286.40625,8,0,99985568.77942732
1642.3236251121346,0,5,0.6000000238418579,-20552.0,8,9,99985640.0
15.0,2,2,0.6000000238418579,-20552.0,0,9,0.0
15.0,0,5,77700.0,159286.40625,8,9,99985640.0
15.0,0,0,77700.0,-20552.0,8,9,0.0
2175.0,2,5,77700.0,159286.40625,0,0,99985640.0
15.0,2,0,0.6000000238418579,-20552.0,8,0,99985640.0
15.0,2,5,77700.0,-20552.0,0,9,0.0
2175.0,2,5,77700.0,-20552.0,0,9,0.0
15.0,2,0,0.6000000238418579,-20552.0,0,9,99985640.0
15.0,2,5,0.6000000238418579,159286.40625,8,9,99985640.0
2175.0,2,5,0.6000000238418579,159286.40625,8,9,99985640.0
2175.0,2,5,77700.0,-20552.0,0,9,0.0
15.0,0,5,0.6000000238418579,-20552.0,0,9,99985640.0
2175.0,2,5,77700.0,-20552.0,8,0,0.0
2175.0,0,0,77700.0,-20552.0,0,0,99985640.0
2175.0,2,0,0.6000000238418579,-20552.0,0,9,99985640.0
15.151794264398436,0,0,77700.0,-20552.0,8,0,99985640.0
2175.0,2,5,77700.0,-20552.0,0,0,0.0
2175.0,0,0,0.6000000238418579,159286.40625,8,9,99985640.0
2175.0,0,0,0.6000000238418579,159286.40625,0,0,0.0
15.0,2,5,77700.0,159286.40625,0,9,0.0
2175.0,0,5,77700.0,-20552.0,0,0,99985640.0
2175.0,2,0,77700.0,-20552.0,0,0,99985640.0
15.0,0,5,77700.0,-20552.0,0,0,99985640.0
2175.0,0,5,77700.0,-20552.0,0,9,99985640.0
15.0,0,5,0.6000000238418579,8403.491984181888,0,0,0.0
2175.0,2,0,77700.0,158890.0156767107,0,2,0.0
2175.0,2,5,0.6000000238418579,-20552.0,0,0,99985640.0
906.2788439821926,2,5,77700.0,-20552.0,8,9,99985640.0
15.0,0,0,77700.0,-20552.0,8,9,99985640.0
2175.0,2,5,77700.0,-20552.0,8,9,0.0
2175.0,2,5,0.6000000238418579,159286.40625,8,0,99985640.0
15.0,0,5,77700.0,-20552.0,7,0,99985640.0
2172.094864358144,0,3,77700.0,-20552.0,8,0,0.0
2175.0,0,0,0.6000000238418579,159286.40625,7,9,99985640.0
2175.0,0,5,67679.96597286133,-20552.0,8,9,0.0
15.0,2,5,0.6000000238418579,-20552.0,8,0,0.0
2175.0,0,5,0.6000000238418579,-20552.0,8,9,99985640.0
2175.0,0,0,0.6000000238418579,-20552.0,1,9,0.0
15.0,2,5,0.6000000238418579,-20552.0,8,0,0.0
15.0,2,0,77700.0,-20552.0,0,0,0.0
164.9637754608889,2,5,77700.0,159286.40625,8,9,99985640.0
1634.065718419305,2,5,0.6000000238418579,-20552.0,0,9,99985640.0
55.10389850406354,2,0,0.6000000238418579,159286.40625,8,0,0.0
15.0,0,0,77700.0,159286.40625,0,0,99985640.0
15.0,2,0,77700.0,159286.40625,8,9,0.0
2175.0,2,5,77700.0,-20552.0,0,0,99985640.0
15.0,0,0,77700.0,-20552.0,0,0,0.0
15.988075563965621,0,0,77700.0,159286.40625,0,0,99985640.0
15.0,2,5,77700.0,-20552.0,8,0,99626349.93929057
2175.0,2,5,0.6000000238418579,-20552.0,0,9,0.0
2060.6685582218624,2,5,77700.0,-20552.0,8,9,0.0
2175.0,2,5,14.600000381469727,-20552.0,8,0,0.0
15.0,0,4,0.6000000238418579,66998.88428449245,0,9,0.0
15.0,2,5,77700.0,-20552.0,0,4,99985640.0
15.0,0,1,0.6000000238418579,-20552.0,8,9,0.0
2175.0,2,5,77700.0,159286.40625,0,0,0.0
15.0,0,5,77700.0,-20552.0,0,0,0.0
2175.0,2,0,77700.0,-20552.0,8,9,0.0
15.0,2,0,77700.0,-20552.0,0,0,99985640.0
15.0,0,0,0.6000000238418579,159286.40625,0,0,0.0
2175.0,0,0,77700.0,-20552.0,8,9,0.0
2175.0,0,0,77700.0,-20552.0,8,9,0.0
15.0,2,5,0.6000000238418579,159286.40625,8,9,99985640.0
2175.0,0,0,0.6000000238418579,-20552.0,8,0,0.0
2175.0,2,5,77700.0,-20552.0,8,9,99985640.0
2175.0,2,5,77304.26091200899,159286.40625,0,9,0.0
2175.0,0,0,77700.0,147614.0779652912,0,9,0.0
2175.0,2,0,77700.0,159286.40625,8,0,0.0
2175.0,2,0,77700.0,-20552.0,8,9,99985640.0
2175.0,0,5,77700.0,-20552.0,8,0,0.0
15.0,2,0,0.6000000238418579,-20552.0,8,9,0.0
2175.0,2,5,77700.0,-20552.0,0,0,99985640.0
2175.0,0,0,77700.0,-20552.0,6,0,99985640.0
15.0,2,0,77700.0,159286.40625,0,9,99367630.39638811
1317.4682079413476,0,0,0.6000000238418579,-20023.661434961385,8,0,99985640.0
2175.0,0,0,77700.0,-20552.0,8,9,0.0
2175.0,2,0,14.600000381469727,-20552.0,0,9,0.0
258.87016040497844,2,5,77700.0,159286.40625,0,9,0.0
15.0,0,5,0.6000000238418579,-20552.0,8,0,99985640.0
15.0,2,0,77700.0,159286.40625,8,0,0.0
15.0,0,5,77700.0,159286.40625,0,9,0.0
15.0,2,5,77700.0,-20552.0,0,9,0.0
2175.0,0,5,77700.0,159286.40625,8,9,0.0
15.0,0,0,0.6000000238418579,159286.40625,8,0,0.0
15.0,0,0,0.6000000238418579,158953.70773973208,8,9,0.0
78.41215284786935,2,0,77700.0,-20552.0,8,0,99985640.0
2175.0,0,5,0.6000000238418579,-20552.0,0,9,0.0
2152.896480710337,0,5,77700.0,-20552.0,0,0,99985640.0
15.0,2,3,0.6000000238418579,-20552.0,8,9,99900501.99309638
2175.0,2,5,0.6019434120736402,-20552.0,8,9,0.0
15.0,0,0,77700.0,-20552.0,0,0,99831922.75562218
2175.0,2,5,0.6000000238418579,-20552.0,8,0,0.0
2152.588451358171,0,0,1811.7954318395452,159286.40625,0,0,99985640.0
2175.0,0,0,77700.0,-20552.0,0,0,0.0
15.0,2,5,77700.0,-20552.0,8,0,0.0
15.0,0,5,0.6000000238418579,-20552.0,0,9,0.0
15.0,2,5,0.6000000238418579,-19314.005719171113,0,9,99985640.0
2175.0,2,0,77700.0,159286.40625,8,9,0.0
15.0,0,5,0.6000000238418579,159286.40625,8,9,99985640.0
2175.0,2,5,0.6000000238418579,-20552.0,0,9,99985640.0
15.0,2,1,77700.0,159286.40625,8,0,0.0
2175.0,0,5,77700.0,53710.1757179348,0,0,99985640.0
1869.0,0,0,77700.0,27072.873831169592,0,0,0.0
2175.0,2,5,0.6000000238418579,159286.40625,8,9,0.0
15.0,2,0,77700.0,-20552.0,8,0,99985640.0
2175.0,0,5,77700.0,-20552.0,8,9,0.0
2175.0,2,0,77700.0,159286.40625,8,0,99973361.21103764
19.2894423920752,0,5,77700.0,159286.40625,8,9,0.0
15.0,2,0,0.6000000238418579,-20552.0,8,9,99985640.0
15.0,2,0,77700.0,159286.40625,8,9,99985640.0
15.0,0,0,0.6000000238418579,159286.40625,8,0,99985640.0
15.0,0,0,77700.0,159286.40625,8,9,99985640.0
2175.0,0,5,0.6000000238418579,-20552.0,8,0,99985640.0
2175.0,0,0,0.6000000238418579,-20552.0,8,9,99985640.0
15.0,2,0,77700.0,-20552.0,8,9,99985640.0
15.0,0,5,0.6757410641303261,159267.04214671615,8,0,0.0
15.0,2,5,77700.0,-20552.0,8,9,0.0
15.0,2,5,0.6000000238418579,159286.40625,0,0,99985640.0
2175.0,2,5,0.6000000238418579,-20552.0,8,0,99985640.0
15.0,0,5,0.6000000238418579,-20552.0,8,9,28363474.766470242
15.0,0,0,0.6000000238418579,-20552.0,8,9,0.0
2175.0,2,0,77700.0,-20552.0,0,9,99985640.0
15.0,2,5,0.6000000238418579,-20552.0,8,9,99985640.0
15.0,2,5,77700.0,-20552.0,8,0,99985640.0
15.0,0,0,0.6000000238418579,-20552.0,8,0,0.0
2175.0,0,5,77700.0,-20552.0,8,0,0.0
2175.0,0,0,77700.0,-20552.0,0,0,99985640.0
2175.0,0,0,77700.0,-20552.0,8,0,0.0
36.14440450385381,2,5,0.6000000238418579,-20552.0,8,0,99985640.0
2175.0,0,0,40647.9624223131,-20552.0,0,0,99985640.0
15.0,2,5,0.6000000238418579,159286.40625,8,9,0.0
2175.0,0,5,77700.0,159286.40625,0,0,99985640.0
15.0,2,0,77700.0,-20552.0,8,9,0.0
15.0,0,5,0.6000000238418579,-13886.266187325737,8,9,99984282.83278607
2175.0,2,5,77700.0,159286.40625,0,0,0.0
2175.0,0,5,0.6000000238418579,159286.40625,0,0,0.0
2175.0,2,5,0.6000000238418579,-20552.0,0,0,0.0
2175.0,0,5,77700.0,35064.077315547336,0,9,99985640.0
15.0,2,5,77700.0,-20552.0,0,9,0.0
15.0,2,5,0.6000000238418579,159286.40625,0,0,99985640.0
15.0,0,0,0.6000000238418579,-20552.0,0,9,0.0
1458.4324434148907,0,5,0.6000000238418579,-20552.0,8,0,0.0
15.0,0,5,77700.0,-20552.0,8,9,99985640.0
2175.0,2,5,77700.0,-20552.0,8,9,99985640.0
15.0,2,5,24042.767972862322,-20552.0,0,0,99985640.0
2175.0,2,0,77700.0,-20552.0,8,0,0.0
15.0,0,0,0.6000000238418579,-20552.0,0,9,99985640.0
2175.0,2,5,0.6000000238418579,-20552.0,0,0,99985640.0
15.0,0,0,0.6000000238418579,-20552.0,0,0,0.0
2175.0,2,5,77700.0,-20552.0,8,9,99985640.0
2175.0,0,5,77700.0,-20552.0,0,0,99985640.0
2175.0,2,5,77700.0,159286.40625,8,0,0.0
15.0,0,5,77700.0,-20552.0,8,0,0.0
2175.0,0,0,0.6000000238418579,-20552.0,8,0,0.0
2175.0,2,5,0.6000000238418579,108287.13202480353,8,9,99985640.0
15.0,2,0,0.6000000238418579,159286.40625,0,0,0.0
46.015964959561295,2,5,77700.0,-20552.0,8,9,0.0
15.0,0,0,77700.0,-20552.0,0,9,99985640.0
15.0,2,0,0.6000000238418579,-20552.0,0,0,99985640.0
15.0,2,0,20489.77342950704,-20552.0,8,9,0.0
2175.0,0,5,0.6000000238418579,-20552.0,0,0,0.0
15.0,2,0,0.6000000238418579,-20552.0,8,0,0.0
2175.0,0,0,0.6000000238418579,159286.40625,8,0,0.0
15.0,2,0,0.6000000238418579,-20552.0,8,9,0.0
15.0,0,5,0.6000000238418579,-20552.0,0,0,0.0
2175.0,2,5,77700.0,-20552.0,0,0,99985640.0
15.0,0,3,77700.0,-20552.0,0,9,0.0
15.0,0,5,0.6000000238418579,2588.154385401959,8,9,0.0
2175.0,0,5,77700.0,-20552.0,0,9,99985640.0
15.0,2,5,77700.0,-213.09515497034886,8,9,0.0
15.0,2,0,77700.0,-20552.0,8,0,0.0
15.0,0,5,77700.0,-20552.0,8,9,99985640.0
15.0,2,5,0.6000000238418579,159286.40625,0,9,0.0
15.0,2,0,77155.23134306382,159286.40625,0,0,0.0
15.0,2,5,0.6000000238418579,159286.40625,0,9,97508502.3298831
2175.0,0,5,77700.0,-20552.0,0,0,99350012.26749595
15.0,0,5,0.6000000238418579,-20548.214144997695,0,0,99952409.90309592
15.0,2,0,77700.0,-20552.0,0,0,0.0
653.0,2,5,77700.0,-20552.0,0,9,99985640.0
15.0,2,0,0.6000000238418579,-20552.0,0,0,99985640.0
15.0,2,5,77700.0,159286.40625,0,9,99811715.74701323
2175.0,2,0,14.600000381469727,-20552.0,8,9,0.0
2175.0,2,0,77700.0,-20552.0,8,0,99985640.0
15.0,2,0,77700.0,159286.40625,8,9,99985640.0
15.0,2,5,0.6000000238418579,159286.40625,0,0,0.0
15.0,0,0,0.6600232260816229,159286.40625,0,9,0.0
15.0,0,5,0.6000000238418579,-20552.0,8,0,99985640.0
15.0,0,0,77700.0,-20552.0,0,9,99985640.0
15.0,2,5,0.6000000238418579,-20552.0,0,9,0.0
2175.0,2,0,77700.0,159286.40625,0,9,0.0
15.0,2,5,0.6000000238418579,-20552.0,0,0,0.0
15.0,2,5,0.6000000238418579,159286.40625,0,9,99985640.0
15.0,2,5,77700.0,159286.40625,0,0,0.0
442.470626765469,2,0,77700.0,-20552.0,8,9,99985640.0
2175.0,2,5,0.6000000238418579,-20552.0,0,9,99985640.0
2175.0,0,0,0.6000000238418579,159286.40625,8,9,0.0
15.0,2,0,0.6000000238418579,-20552.0,0,9,0.0
2175.0,0,0,0.6000000238418579,159286.40625,8,9,0.0
15.0,2,0,22687.660650323218,159286.40625,8,0,0.0
2175.0,2,0,0.6000000238418579,84221.50640128137,8,9,99985640.0
2175.0,0,5,0.6000000238418579,159286.40625,8,0,0.0
15.0,0,5,77700.0,-20552.0,0,0,0.0
2175.0,2,5,0.6000000238418579,159286.40625,0,9,99985640.0
2175.0,2,5,77700.0,-20552.0,8,0,99985640.0
2175.0,2,5,77700.0,-20552.0,0,0,0.0
2175.0,0,5,77700.0,159286.40625,8,9,99985640.0
2175.0,2,5,77700.0,159286.40625,8,0,99985640.0
2175.0,0,5,0.6000000238418579,159286.40625,8,9,0.0
15.0,2,5,0.6000000238418579,-20552.0,8,9,0.0
2175.0,0,5,77700.0,-20552.0,0,0,0.0
2175.0,2,5,77700.0,-20552.0,8,0,99985640.0
2175.0,2,0,0.6000000238418579,159286.40625,0,0,99985640.0
15.0,2,5,0.6000000238418579,-20552.0,8,9,99985640.0
15.0,2,0,0.6000000238418579,-20552.0,8,9,99985640.0
2175.0,2,0,77700.0,159286.40625,8,0,0.0
2175.0,0,0,0.6000000238418579,-20552.0,8,9,0.0
15.0,2,0,0.6000000238418579,155629.89572115013,0,0,99985640.0
2154.2979010994636,2,5,77700.0,159286.40625,8,9,99985640.0
2175.0,0,5,0.6000000238418579,-20552.0,8,0,99985640.0
15.0,0,1,0.6000000238418579,159286.40625,8,0,99985640.0
15.0,0,5,77700.0,-20552.0,8,0,0.0
15.0,2,5,0.6000000238418579,-20552.0,0,9,0.0
2175.0,2,5,0.6000000238418579,159280.99423185585,8,0,0.0
2175.0,2,5,0.6000000238418579,1788.645489720942,8,9,0.0
15.046795162717201,0,5,0.6000000238418579,159286.40625,0,9,0.0
2175.0,0,0,77700.0,-20552.0,8,0,99985640.0
2175.0,0,0,0.6000000238418579,-20552.0,0,0,0.0
15.0,0,0,77700.0,-20552.0,0,9,99984307.12833168
15.0,2,5,0.6000000238418579,-20552.0,8,0,0.0
15.0,2,5,0.6000000238418579,159286.40625,8,0,0.0
15.0,0,0,77700.0,-20552.0,8,0,99985640.0
2175.0,0,5,0.6051812898994015,159286.40625,0,9,0.0
15.0,2,5,0.6000000238418579,-20552.0,8,9,99985640.0
2175.0,2,0,77700.0,159286.40625,0,0,0.0
2175.0,2,5,0.6000000238418579,-20552.0,0,9,99985640.0
15.0,2,0,77700.0,159286.40625,0,9,0.0
2175.0,0,0,77700.0,159286.40625,6,0,99985640.0
2175.0,2,5,77700.0,-20552.0,8,0,99985640.0
2175.0,0,0,77700.0,159286.40625,8,0,0.0
15.0,2,0,77700.0,159286.40625,0,9,78232536.32727708
2175.0,0,0,77700.0,-20552.0,0,0,0.0
2175.0,0,5,77700.0,159286.40625,0,9,0.0
15.0,0,0,0.6000000238418579,-20552.0,8,9,99954464.55303267
2175.0,0,5,77700.0,159286.40625,0,9,99985640.0
2175.0,2,5,0.6000000238418579,-20552.0,8,9,0.0
2175.0,2,5,77700.0,159286.40625,8,9,0.0
2175.0,0,0,0.6000000238418579,-20552.0,8,0,0.0
15.0,0,5,0.6000000238418579,159286.40625,8,0,99985640.0
15.0,0,0,0.6000000238418579,159286.40625,0,0,99985640.0
15.0,2,5,0.6000000238418579,-20552.0,0,0,0.0
2153.174254832238,2,0,77700.0,159286.40625,0,9,0.0
15.0,2,5,77700.0,159286.40625,0,0,99985640.0
2175.0,2,5,0.6000000238418579,159286.40625,0,0,0.0
22.09086330431164,0,0,77700.0,-20552.0,8,0,99985640.0
2175.0,0,0,77700.0,-20552.0,8,0,99985640.0
15.0,2,5,77700.0,-20552.0,0,0,0.0
15.0,2,0,0.6000000238418579,-20552.0,0,9,0.0
2175.0,0,0,0.6000000238418579,-20552.0,8,0,99985640.0
2175.0,0,5,0.6000000238418579,-20552.0,8,0,99985640.0
2175.0,2,0,77700.0,159286.40625,8,9,0.0
15.0,2,5,77700.0,159286.40625,0,9,81417913.11627895
2175.0,2,0,0.6000000238418579,-20552.0,8,0,0.0
2175.0,0,5,0.6000000238418579,-20552.0,8,0,0.0
15.0,0,0,0.6000000238418579,65685.28018177026,8,9,0.0
2175.0,2,0,0.6000000238418579,-20552.0,0,9,0.0
2175.0,0,0,77700.0,159286.40625,0,9,0.0
2175.0,0,0,77700.0,-20552.0,8,0,0.0
2175.0,2,5,77694.66458825764,-20552.0,8,9,0.0
2175.0,0,0,0.6000000238418579,16609.828414626612,0,9,0.0
2175.0,2,5,77700.0,159286.40625,8,9,0.0
15.0,2,0,0.6000000238418579,32905.27869335777,6,0,0.0
15.0,2,5,77700.0,159286.40625,0,9,0.0
2175.0,2,5,0.6000000238418579,-20552.0,0,0,99970864.0247183
2175.0,0,0,77700.0,-20552.0,8,9,0.0
15.0,2,0,0.6000000238418579,-20552.0,8,9,99985640.0
15.0,0,0,77700.0,-20552.0,8,9,0.0
15.0,0,0,0.6000000238418579,-20552.0,0,9,20147616.57406635
53.0197488922109,2,0,0.6000000238418579,-20552.0,0,0,0.0
15.0,2,5,77700.0,159286.40625,8,9,0.0
2175.0,0,5,77700.0,-20552.0,8,0,0.0
15.0,0,0,0.6000000238418579,-20552.0,8,9,0.0
15.0,2,5,77700.0,-20552.0,8,9,99985640.0
2175.0,2,5,77700.0,-8586.822383904639,8,9,99985640.0
15.0,2,5,77700.0,-20552.0,8,9,0.0
15.0,2,5,0.6000000238418579,-20552.0,0,0,0.0
2175.0,2,0,77700.0,-20552.0,0,9,0.0
15.0,0,5,0.6000000238418579,-20552.0,8,0,0.0
15.0,0,5,0.6000000238418579,-20552.0,0,9,0.0
2175.0,0,0,77700.0,159286.40625,8,9,0.0
2175.0,0,5,0.6000000238418579,-20552.0,8,9,99985640.0
2175.0,0,3,0.6000000238418579,-20552.0,8,0,0.0
2175.0,0,0,77700.0,41160.41206524187,0,0,99985640.0
15.0,2,0,0.6000000238418579,159286.40625,8,9,0.0
2175.0,0,5,77700.0,-20552.0,0,0,99985640.0
2175.0,0,5,77700.0,-20552.0,0,0,0.0
2175.0,2,5,77700.0,-20552.0,8,9,0.0
15.0,0,5,0.9488225173307314,159286.40625,8,9,0.0
15.0,0,5,77700.0,159286.40625,8,0,0.0
2175.0,2,0,0.6000000238418579,-20552.0,8,9,99985640.0
2175.0,2,5,0.6000000238418579,159286.40625,0,0,0.0
15.0,2,0,0.6000000238418579,44147.66510322592,8,9,0.0
287.3706270628817,0,5,0.6000000238418579,-20552.0,8,9,0.0
15.0,2,5,0.6000000238418579,159286.40625,8,0,0.0
2175.0,0,5,0.6000000238418579,159286.40625,0,9,91138901.93561919
2175.0,2,5,0.6000000238418579,159286.40625,8,0,0.0
2175.0,2,0,0.6000000238418579,159286.40625,8,9,0.0
1595.4109510149908,2,5,77700.0,-20552.0,8,9,99985640.0
15.0,0,5,77700.0,159286.40625,8,9,0.0
2175.0,2,0,77700.0,-20552.0,8,9,99985640.0
2175.0,2,5,0.6000000238418579,-20552.0,0,9,99985640.0
2022.0,2,0,77700.0,159286.40625,8,9,0.0
15.0,0,5,0.6000000238418579,-20552.0,8,0,99985640.0
15.0,0,0,0.6000000238418579,-20552.0,0,9,0.0
2175.0,2,5,0.6000000238418579,159286.40625,8,9,99985640.0
15.0,2,5,77700.0,-20552.0,0,9,0.0
2175.0,0,5,0.6000000238418579,-20552.0,0,9,0.0
2175.0,2,5,0.6000000238418579,159286.40625,7,9,0.0
24.830589074942864,2,0,77700.0,159286.40625,8,0,99985640.0
15.0,2,0,77700.0,159286.40625,0,0,99985640.0
2175.0,0,0,0.6000000238418579,159286.40625,8,0,0.0
2175.0,0,5,77700.0,-20552.0,0,9,99985640.0
15.0,2,0,77700.0,159286.40625,0,0,0.0
2175.0,2,0,13972.590482425867,-20552.0,0,0,0.0
2175.0,0,5,77700.0,-20552.0,8,0,97694574.73607352
15.0,0,0,0.6000000238418579,-20552.0,0,9,0.0
15.0,2,5,0.6000000238418579,-20552.0,0,9,0.0
2175.0,2,5,77700.0,-20552.0,0,0,99985640.0
15.0,2,0,77700.0,-20552.0,8,9,99985640.0
2053.0,2,5,0.6000000238418579,-20552.0,8,0,0.0
15.0,2,0,5331.001919702095,-20552.0,8,9,99985640.0
2175.0,0,5,77700.0,-20552.0,0,0,0.0
15.0,0,5,57751.75414122504,-20552.0,0,0,0.0
15.0,2,0,77700.0,-20552.0,0,9,99985640.0
15.0,2,0,77700.0,105448.22651314481,0,9,99985640.0
15.0,0,0,0.6000000238418579,-20552.0,0,9,0.0
15.0,2,5,71718.8463902675,-20552.0,0,0,0.0
15.0,0,5,0.6000000238418579,-20552.0,0,0,99985640.0
15.0,0,4,77700.0,-20552.0,8,9,99985640.0
2175.0,2,5,77700.0,-20552.0,0,0,0.0
2175.0,2,0,55108.84074993581,66753.05311635007,0,9,99985640.0
116.7850772985294,0,0,0.6000000238418579,-20552.0,0,9,0.0
15.0,0,5,77700.0,159286.40625,8,9,0.0
2175.0,2,5,77700.0,-20552.0,8,0,0.0
15.0,0,5,0.6000000238418579,159286.40625,8,9,0.0
129.0406034695846,0,5,77700.0,159286.40625,7,0,99985640.0
2175.0,2,5,77700.0,-20552.0,8,0,99985640.0
2175.0,0,5,77700.0,-20552.0,8,9,99985640.0
2175.0,2,5,12.032896733097934,159286.40625,0,0,0.0
2175.0,0,5,0.6000000238418579,-20552.0,0,9,99985422.125716
2175.0,0,5,0.6000000238418579,159286.40625,8,0,99985640.0
2175.0,2,5,77700.0,-20552.0,8,9,0.0
15.0,0,0,77700.0,-20552.0,8,0,0.0
15.0,0,5,0.6000000238418579,159286.40625,8,0,99985640.0
2175.0,0,5,77700.0,159286.40625,0,9,0.0
15.0,0,0,77700.0,-20552.0,8,9,99985640.0
2175.0,2,0,77700.0,159286.40625,0,0,0.0
15.0,2,0,0.6000000238418579,-20548.79614206818,0,9,0.0
15.0,0,5,77700.0,-20552.0,0,9,0.0
2175.0,2,0,0.6000000238418579,-20552.0,0,0,0.0
15.0,2,0,77700.0,159286.40625,0,9,0.0
15.0,0,5,77700.0,-20552.0,0,0,99985640.0
15.0,0,0,77700.0,-20552.0,8,0,99985640.0
2175.0,2,0,77700.0,-20552.0,0,9,0.0
295.1782433391925,0,5,0.6000000238418579,159286.40625,0,9,0.0
15.0,2,0,0.6000000238418579,153781.86297075756,0,9,99985640.0
2175.0,0,0,0.6000000238418579,-20552.0,8,9,0.0
2175.0,0,0,77700.0,159286.40625,8,9,0.0
15.0,0,0,0.6000000238418579,-20552.0,0,0,0.0
2175.0,2,5,77700.0,159286.40625,0,0,99985534.46960063
2175.0,2,5,77700.0,159286.40625,8,9,0.0
15.0,0,0,77695.8110010364,-450.0489391535326,0,0,0.0
2175.0,0,0,77700.0,-20552.0,0,0,0.0
15.0,0,5,77700.0,98152.96703156989,0,9,0.0
2175.0,0,0,77700.0,-20552.0,8,9,0.0
2175.0,2,5,0.6000000238418579,52963.48390080363,8,9,0.0
2175.0,0,0,77700.0,45033.69294250288,8,9,99985640.0
15.0,2,5,77700.0,-20552.0,0,9,99985640.0
2175.0,0,5,77700.0,-20552.0,0,3,99985640.0
2175.0,0,0,0.6034321709231454,-20552.0,8,0,71166082.67353955
2175.0,0,5,0.6000000238418579,159286.40625,8,0,99985640.0
15.0,0,4,77700.0,159286.40625,8,9,0.0
15.0,0,0,44931.584244688376,159286.40625,0,9,99985640.0
15.0,2,0,77700.0,159286.40625,0,9,0.0
15.0,2,5,0.6000000238418579,-20552.0,8,0,99985640.0
2175.0,0,0,0.6004366348768668,159286.40625,8,0,0.0
2175.0,2,0,77700.0,-20552.0,8,0,0.0
15.0,2,0,77700.0,159286.40625,0,0,0.0
15.1034291908547,0,5,0.6000000238418579,159286.40625,0,9,0.0
2175.0,0,0,77700.0,-20552.0,0,0,0.0
2175.0,2,0,7.004502255947791,159286.40625,2,0,99985640.0
2175.0,2,0,77700.0,67390.5118940449,8,0,0.0
15.0,2,0,77700.0,-20552.0,8,9,0.0
2175.0,0,0,0.6000000238418579,-20552.0,0,0,99985640.0
241.3489988371057,2,0,18578.137693482156,-20552.0,0,9,0.0
17.787737737852964,2,5,77700.0,159286.40625,8,9,0.0
402.1909144661654,0,4,0.6000000238418579,-20552.0,8,9,0.0
2175.0,2,5,0.6000000238418579,-20552.0,8,9,0.0
2175.0,0,5,77700.0,159286.40625,8,0,99985640.0
2175.0,2,0,0.6000000238418579,159286.40625,8,0,0.0
2175.0,2,5,0.6000000238418579,-20552.0,0,9,99985640.0
2175.0,2,5,0.6000000238418579,159286.40625,8,11,99985640.0
2175.0,0,5,77700.0,-20552.0,0,9,0.0
2175.0,2,5,77700.0,159286.40625,0,0,0.0
15.0,0,5,77700.0,159286.40625,8,9,0.0
15.0,2,0,0.6000000238418579,159286.40625,0,0,0.0
15.0,0,0,77700.0,-20552.0,8,9,99985640.0
2175.0,2,0,77700.0,-20552.0,0,0,0.0
1445.0,2,5,0.6000000238418579,-20552.0,0,9,0.0
15.0,2,0,0.6000000238418579,-20552.0,0,9,99985640.0
2175.0,0,5,77700.0,159286.40625,3,9,99985640.0
15.0,2,5,1055.8591472293951,-20552.0,8,0,0.0
15.137206036603217,2,5,77700.0,159286.40625,8,9,0.0
2175.0,0,5,77700.0,-20552.0,8,9,0.0
2175.0,2,0,77700.0,159286.40625,0,0,0.0
2175.0,0,0,0.6000000238418579,-20552.0,0,9,0.0
15.0,0,5,77700.0,-20552.0,8,9,99985640.0
2175.0,2,5,0.6000000238418579,159286.40625,8,9,0.0
15.0,0,5,0.6000000238418579,-20552.0,8,9,0.0
2175.0,0,5,77700.0,-20552.0,8,9,0.0
2175.0,2,5,77700.0,159254.91616197536,6,0,0.0
2175.0,2,0,77700.0,159286.40625,8,0,0.0
15.0,2,5,45.67648402815698,-20552.0,0,9,0.0
15.0,2,5,22494.036562759924,159286.40625,0,9,0.0
2175.0,2,0,0.6000000238418579,16017.116768153888,7,0,99985640.0
15.0,0,0,0.6000000238418579,-20552.0,0,0,0.0
15.0,2,5,0.6000000238418579,-20552.0,0,9,0.0
15.0,0,5,0.6000000238418579,159286.40625,0,0,0.0
2175.0,2,5,77700.0,159219.88778522774,8,0,0.0
2175.0,2,5,77700.0,-20552.0,0,0,99985640.0
15.0,0,5,0.6000000238418579,159286.40625,0,0,99985640.0
15.0,0,0,0.6000000238418579,-20552.0,0,9,99985640.0
2175.0,0,0,77700.0,-20552.0,8,9,0.0
15.0,0,0,77700.0,159286.40625,0,9,0.0
15.0,0,0,0.6000000238418579,159286.40625,0,9,99985640.0
2175.0,2,5,0.6000000238418579,-20552.0,0,9,99985640.0
15.0,0,0,77700.0,159286.40625,8,9,0.0
15.0,2,5,77700.0,-20552.0,0,9,99985640.0
15.0,0,5,77700.0,-20552.0,8,9,0.0
15.0,2,0,77700.0,-20552.0,8,9,99985640.0
15.0,0,0,0.6000000238418579,159286.40625,8,0,99985640.0
2175.0,2,5,30580.087177979258,-20552.0,8,9,99985640.0
2175.0,0,5,77700.0,159286.40625,0,0,0.0
15.0,2,0,0.6000000238418579,159286.40625,0,0,99985640.0
2175.0,0,5,0.6000000238418579,-20552.0,0,9,0.0
2175.0,0,0,77700.0,-20552.0,8,9,99985640.0
15.0,2,5,77700.0,-20552.0,8,9,99985640.0
2175.0,2,0,77700.0,43444.70183648745,8,9,99985640.0
922.9864551041923,2,5,0.6000000238418579,19235.65634533104,8,9,0.0
15.0,2,0,0.6000000238418579,-20552.0,8,0,99985640.0
15.0,2,5,0.6000000238418579,-20552.0,0,9,99985640.0
2175.0,2,0,77700.0,159286.40625,8,9,0.0
2175.0,0,5,0.6000000238418579,159286.40625,8,0,99985640.0
2175.0,0,0,0.6000000238418579,159282.53473578885,0,0,0.0
15.0,0,0,77700.0,159286.40625,0,0,99985640.0
15.0,2,5,77700.0,-20552.0,8,0,99985640.0
2175.0,0,0,77700.0,29001.333672519137,7,9,0.0
15.0,2,5,77700.0,-20552.0,8,0,99985640.0
2175.0,2,0,0.6000000238418579,-20552.0,8,0,0.0
15.0,2,5,77700.0,-20552.0,0,9,0.0
2175.0,2,5,77700.0,159286.40625,0,9,0.0
2175.0,0,5,0.9367044313329375,159286.40625,8,0,0.0
15.0,0,5,77700.0,-20552.0,8,9,0.0
2175.0,2,5,77700.0,-20552.0,0,0,0.0
2175.0,0,5,77700.0,159286.40625,0,0,0.0
2175.0,2,5,77700.0,159286.40625,0,0,99985640.0
15.0,0,5,77700.0,-20552.0,0,0,99985640.0
2175.0,0,4,77700.0,-20552.0,8,9,99838373.0987854
15.0,0,0,77700.0,-20552.0,8,0,0.0
2175.0,2,0,77700.0,159286.40625,0,0,0.0
15.0,2,0,0.6000000238418579,-20552.0,7,0,99985640.0
15.0,0,5,77700.0,24653.340479573944,0,9,99985640.0
2175.0,2,5,0.6000000238418579,-20552.0,8,9,99985640.0
15.0,0,0,77700.0,159286.40625,0,9,99985640.0
2175.0,0,4,77700.0,-20552.0,8,9,99985640.0
2175.0,2,0,0.6000000238418579,159264.15370669545,8,0,0.0
2175.0,2,0,0.6000000238418579,-20552.0,8,9,99985640.0
2175.0,2,5,77687.5348300072,159286.40625,8,9,99985640.0
2124.9969636589476,0,0,77700.0,-20552.0,8,0,99985640.0
15.0,0,0,77700.0,-20552.0,8,9,0.0
2175.0,0,5,2.419524105234453,-20552.0,0,0,0.0
2175.0,0,5,0.6000000238418579,-20552.0,0,9,99985640.0
439.71765082014605,0,5,77700.0,45423.26926908547,8,0,0.0
2175.0,2,0,77700.0,46175.86142136252,0,9,99985640.0
2175.0,2,5,77700.0,159286.40625,8,9,0.0
15.0,2,0,0.6000000238418579,-20552.0,8,9,99985640.0
2175.0,0,0,77700.0,159286.40625,0,9,99985640.0
15.0,2,1,0.6000000238418579,-19919.974560898547,8,0,99985640.0
15.0,0,1,77609.64145521514,159286.40625,0,9,0.0
15.0,2,5,0.6000000238418579,76840.3782382407,0,9,0.0
2175.0,2,0,77700.0,159286.40625,8,0,91171346.13858691
2175.0,2,5,77700.0,-20552.0,8,0,0.0
2175.0,2,5,77700.0,159286.40625,8,9,0.0
15.0,2,5,0.6000000238418579,159286.40625,0,9,0.0
2175.0,0,5,0.6000000238418579,158894.36908756872,8,0,99936453.7719112
2175.0,2,5,0.6000000238418579,57139.68095050738,8,0,0.0
15.0,0,5,0.6000000238418579,-20552.0,8,9,99985640.0
15.0,2,5,0.6000000238418579,-20552.0,0,0,0.0
2175.0,0,5,0.6000000238418579,-20552.0,8,0,0.0
15.0,0,0,77700.0,159286.40625,0,9,99985640.0
2175.0,2,0,77700.0,-20552.0,8,0,0.0
2175.0,0,0,77700.0,159286.40625,8,0,0.0
2175.0,0,0,77700.0,-20552.0,8,0,0.0
15.0,0,0,77700.0,-20552.0,8,0,99985640.0
2175.0,2,0,77700.0,-20552.0,8,0,99985640.0
245.1834258002349,2,0,77700.0,-20552.0,0,9,99985640.0
2175.0,0,5,0.6000000238418579,-20552.0,8,0,99985640.0
15.0,2,5,77700.0,-20552.0,0,0,0.0
15.0,2,5,0.6000000238418579,-20552.0,0,9,0.0
15.0,2,0,77700.0,5123.635761703527,0,9,46420511.6396042
15.0,0,0,0.6000000238418579,-20552.0,8,0,99985640.0
15.0,2,0,77700.0,-20552.0,8,0,0.0
2175.0,0,5,46002.04445923199,159286.40625,0,9,0.0
2175.0,0,0,77700.0,159286.40625,0,0,0.0
2175.0,0,5,0.6000000238418579,159286.40625,8,9,99985640.0
2175.0,2,5,77700.0,159286.40625,8,0,0.0
15.0,0,5,77700.0,11914.830135447972,0,0,99985640.0
2175.0,2,5,77700.0,159286.40625,0,0,0.0
15.0,0,5,77700.0,159286.40625,8,9,99984199.06321362
15.0,2,5,0.6000000238418579,-20552.0,8,9,99985640.0
2175.0,2,5,77700.0,-20552.0,8,9,99985640.0
15.0,0,5,17403.015156328333,159286.40625,0,0,99985640.0
15.0,0,5,77700.0,159286.40625,0,9,0.0
2175.0,2,5,77700.0,-20552.0,8,0,99985640.0
15.0,2,5,77700.0,-20552.0,8,0,99985640.0
15.0,2,5,0.6000000238418579,-20552.0,8,0,99985640.0
2175.0,2,5,77700.0,-20552.0,8,9,99985640.0
15.0,0,5,0.6000000238418579,-20552.0,8,0,99985640.0
2175.0,0,0,77700.0,159286.40625,8,9,99506221.29448472
15.0,2,0,77700.0,-20552.0,8,0,0.0
2175.0,0,0,0.6000000238418579,159286.40625,8,0,62142365.67129789
15.0,0,0,77640.93921622809,159286.40625,8,0,99985640.0
15.0,2,0,0.6000000238418579,159286.40625,8,9,0.0
2175.0,0,0,0.6000000238418579,159286.40625,8,0,99985640.0
2175.0,2,5,77700.0,-20552.0,0,9,0.0
15.0,0,5,14.26727297937909,159286.40625,8,9,0.0
2175.0,0,5,0.6000000238418579,-20552.0,8,9,0.0
2175.0,2,5,77700.0,159286.40625,8,9,99985640.0
688.2053066629544,0,0,77700.0,159286.40625,8,9,99787256.05386181
15.0,0,0,0.6000000238418579,-20552.0,0,0,0.0
15.0,0,0,77700.0,159286.40625,0,9,0.0
2175.0,2,0,77700.0,-20552.0,8,0,99985640.0
15.0,0,5,77700.0,159286.40625,0,9,0.0
2175.0,0,0,77700.0,-20552.0,8,0,86610267.77497964
2175.0,2,5,77700.0,159286.40625,0,0,99985640.0
2175.0,2,5,0.6000000238418579,-20552.0,0,0,99985640.0
2175.0,2,0,77700.0,159286.40625,0,0,99985640.0
15.0,2,5,77700.0,159286.40625,8,0,0.0
15.0,0,0,77700.0,-20552.0,0,9,99985640.0
15.0,2,5,77700.0,159286.40625,8,9,0.0
15.0,2,5,77700.0,159286.40625,0,0,0.0
15.0,2,0,0.6000000238418579,159286.40625,0,9,99985640.0
2175.0,0,5,77700.0,-20552.0,8,9,99985640.0
2175.0,0,0,77700.0,-20552.0,8,0,99985640.0
15.0,2,5,77700.0,159286.40625,0,0,99985640.0
2175.0,0,5,77700.0,-20552.0,8,0,0.0
15.0,2,0,0.6000000238418579,-20552.0,8,0,99985640.0
2175.0,0,0,0.6000000238418579,-20552.0,0,0,0.0
15.0,0,0,77700.0,-20552.0,8,0,0.0
2175.0,2,5,42019.17476495801,-20552.0,0,0,0.0
15.0,2,0,0.6000000238418579,159286.40625,8,9,99985640.0
15.0,2,5,0.6000000238418579,159286.40625,0,9,0.0
15.0,2,5,0.6000000238418579,-20552.0,8,9,0.0
15.0,2,5,0.6000000238418579,159286.40625,0,0,99985640.0
2175.0,0,5,77700.0,-20552.0,8,9,0.0
2175.0,2,5,77700.0,159286.40625,8,0,0.0
15.0,0,0,77700.0,-20552.0,0,0,99985262.13433185
15.0,2,5,0.6000000238418579,-20552.0,8,0,0.0
2175.0,2,5,77700.0,159286.40625,0,0,99985640.0
15.0,2,5,77700.0,159286.40625,0,0,99985640.0
15.0,0,0,77700.0,-20552.0,0,0,0.0
15.0,0,5,0.6000000238418579,94598.59025789592,8,0,99985640.0
2157.9030223457453,2,5,0.6000000238418579,-20552.0,0,0,48689497.2054901
15.0,2,0,0.6000000238418579,-20552.0,0,0,0.0
17.58922003666998,2,5,0.6000000238418579,159286.40625,0,0,99985640.0
15.0,2,5,77700.0,-20552.0,0,0,99985640.0
15.0,2,0,0.6000000238418579,-20552.0,0,0,0.0
15.0,2,5,0.6000000238418579,159286.40625,0,0,0.0
2175.0,2,5,77700.0,-20552.0,8,9,99985640.0
2175.0,0,5,77700.0,159286.40625,8,0,0.0
15.0,0,0,77700.0,159286.40625,0,0,99984985.6439318
2175.0,2,5,0.6000000238418579,159286.40625,0,0,0.0
15.0,0,5,77700.0,-20552.0,0,9,99985640.0
2175.0,2,5,77700.0,159286.40625,5,0,0.0
15.0,0,5,0.6000000238418579,29028.439331120422,8,9,99985640.0
2029.1252285538765,2,5,77700.0,159286.40625,0,9,0.0
15.0,2,5,0.6000000238418579,-20552.0,0,9,0.0
2175.0,0,5,0.6000000238418579,159286.40625,8,9,99985640.0
2175.0,0,0,77700.0,-20552.0,8,9,99985640.0
2175.0,2,0,77700.0,159286.40625,0,0,99985640.0
15.0,0,0,0.6000000238418579,-20552.0,8,9,99985640.0
2175.0,0,5,77700.0,-20552.0,0,3,0.0
2175.0,0,0,0.6000000238418579,-20552.0,8,9,0.0
15.0,0,5,0.6000000238418579,159286.40625,8,9,0.0
2175.0,2,4,77700.0,55760.787238579884,8,9,0.0
2175.0,0,5,0.6000000238418579,-20552.0,8,9,0.0
15.0,0,5,77700.0,-20552.0,8,0,0.0
2175.0,0,0,77700.0,-20552.0,0,9,0.0
2175.0,2,5,0.6000000238418579,159286.40625,0,9,99985640.0
15.0,2,5,0.6000000238418579,159263.53429917523,0,9,0.0
2175.0,2,0,77700.0,-20552.0,0,0,0.0
2175.0,2,5,77700.0,159286.40625,0,0,99985640.0
15.0,0,0,77700.0,-20552.0,0,9,0.0
2175.0,2,5,77700.0,-20552.0,8,9,0.0
15.0,2,0,77700.0,159286.40625,8,9,99985640.0
15.0,0,5,12334.065911733514,159286.40625,8,0,99985640.0
2175.0,2,5,77700.0,159286.40625,0,9,0.0
15.0,0,5,77700.0,159286.40625,8,0,99985640.0
2175.0,2,4,77700.0,-20552.0,0,0,0.0
15.0,0,5,0.6000000238418579,-20552.0,0,9,0.0
15.0,0,0,0.6000000238418579,-20552.0,8,0,99985640.0
15.0,0,5,77700.0,159286.40625,8,0,99985640.0
2175.0,2,0,77700.0,-20390.877089351583,8,9,99985640.0
2175.0,0,5,0.6000000238418579,159286.40625,8,10,0.0
2175.0,0,0,77700.0,159109.1423217833,8,9,0.0
2175.0,0,5,77634.23034410641,159286.40625,8,9,0.0
15.0,0,0,77700.0,159286.40625,0,9,43896335.60200589
15.0,2,5,77700.0,-20552.0,8,9,0.0
15.0,0,5,0.6000000238418579,-20552.0,8,0,0.0
15.0,0,0,14.600000381469727,-20552.0,8,0,0.0
15.0,2,5,77700.0,-20552.0,0,0,99985640.0
15.0,2,5,4.433111267549248,-20552.0,8,0,0.0
2175.0,2,5,0.6000000238418579,-20552.0,8,0,99985640.0
2175.0,2,5,5281.913988147563,159286.40625,0,9,0.0
2175.0,0,0,77700.0,-20552.0,8,0,0.0
15.0,0,4,77700.0,159286.40625,8,9,99985640.0
2175.0,0,5,77700.0,159286.40625,0,9,0.0
15.0,0,0,14.600000381469727,-20552.0,8,0,99985640.0
15.0,2,0,0.6000000238418579,-20552.0,0,0,0.0
15.0,2,5,100.0,159286.40625,8,0,99985640.0
15.0,2,5,77700.0,159286.40625,8,9,99985640.0
2175.0,2,5,77700.0,-20552.0,8,0,0.0
2175.0,2,5,0.6000000238418579,159286.40625,8,9,99985640.0
2175.0,2,5,77700.0,159165.66680793455,8,9,99985640.0
15.0,0,5,0.6000000238418579,159286.40625,8,9,0.0
15.0,0,5,0.6000000238418579,-20552.0,0,9,99985640.0
2175.0,2,5,0.6000000238418579,-20552.0,8,9,99985640.0
2175.0,0,0,77700.0,159286.40625,8,9,0.0
2175.0,2,0,0.6000000238418579,159286.40625,0,9,99985640.0
15.0,2,0,0.6000000238418579,-20552.0,8,0,99719579.09792055
2175.0,2,5,0.6000000238418579,159286.40625,8,9,0.0
15.0,2,3,0.6000000238418579,159286.40625,0,12,99985608.16498163
2175.0,2,0,77700.0,-20552.0,0,0,99985640.0
1911.8112021086229,0,5,77700.0,-20552.0,8,9,99985640.0
15.0,0,0,210.19897096426624,159286.40625,8,0,99985640.0
1347.0026107240828,2,5,15144.945449556088,159286.40625,0,0,99985640.0
15.0,2,5,77700.0,159286.40625,8,9,0.0
2175.0,2,0,77700.0,159286.40625,8,0,99985640.0
15.0,2,5,77700.0,159286.40625,0,9,0.0
15.0,0,5,0.6000000238418579,-20552.0,0,0,99985640.0
2175.0,0,5,0.6000000238418579,-20552.0,0,0,99985640.0
15.0,0,0,847.3706348418604,-20552.0,8,0,0.0
2175.0,0,5,77700.0,-20552.0,8,0,0.0
15.0,0,0,0.6000000238418579,121385.22220503054,8,0,99985640.0
2175.0,0,0,25661.54548192013,159286.40625,8,0,0.0
15.0,2,0,77700.0,-20552.0,8,9,0.0
353.7667880323794,2,5,77700.0,-20552.0,0,9,0.0
15.0,2,5,0.6000000238418579,159286.40625,0,0,0.0
2175.0,0,5,77700.0,-20552.0,0,0,99985640.0
15.0,0,5,0.6000000238418579,-20552.0,0,0,99985640.0
2175.0,2,5,77700.0,159286.40625,8,9,99985640.0
16.55703589291821,2,5,77700.0,159286.40625,8,0,99981510.55514619
2175.0,0,5,77700.0,-20552.0,8,0,0.0
15.0,0,0,0.6000000238418579,159281.29675539967,0,0,0.0
2175.0,2,5,0.6000000238418579,159286.40625,0,0,0.0
43.5082210962097,2,5,77700.0,159286.40625,8,0,0.0
15.0,2,5,77700.0,159286.40625,8,0,0.0
15.0,2,0,0.6000000238418579,-20552.0,8,9,99985640.0
15.0,2,5,77700.0,159286.40625,0,0,99985640.0
15.0,2,0,0.6000000238418579,159286.40625,8,0,0.0
2175.0,2,5,77700.0,-20552.0,0,9,0.0
15.0,2,5,0.6000000238418579,-20552.0,0,0,99985640.0
15.0,2,5,0.6000000238418579,159286.40625,0,0,0.0
2175.0,2,5,91.22993909550539,159286.40625,0,9,99985640.0
15.0,0,5,77700.0,-20552.0,8,9,99985640.0
15.0,0,5,77700.0,-20552.0,8,0,99985640.0
15.0,2,0,77700.0,-20552.0,0,0,99985640.0
478.2084083532667,0,5,77700.0,159286.40625,8,0,99985640.0
2175.0,0,5,0.6000000238418579,159286.40625,0,0,0.0
15.0,0,0,0.6000000238418579,-20552.0,8,9,0.0
15.0,0,5,0.6000000238418579,-20552.0,8,0,99985640.0
2175.0,2,5,0.6000000238418579,-20552.0,0,0,0.0
15.0,0,5,77700.0,-20552.0,8,0,99985640.0
15.0,0,5,77700.0,-20552.0,0,0,0.0
2175.0,2,5,77700.0,-20552.0,8,9,0.0
2175.0,2,5,77700.0,159286.40625,8,9,0.0
2175.0,0,5,77700.0,-20552.0,8,0,97744927.06416011
2175.0,0,0,77700.0,116765.4128836351,0,9,99985640.0
15.0,0,5,0.6000000238418579,-20552.0,8,9,0.0
15.0,2,0,77700.0,159286.40625,8,9,99985640.0
15.0,2,5,0.6000000238418579,-20552.0,0,0,99985640.0
2175.0,0,0,77700.0,-20552.0,0,9,0.0
15.0,2,0,0.6000000238418579,-20552.0,8,9,99985640.0
2175.0,2,0,0.6000000238418579,159286.40625,0,9,0.0
2175.0,0,5,0.6000000238418579,-20552.0,0,0,99985640.0
15.0,2,5,77654.41726256716,-20552.0,0,0,0.0
2175.0,2,0,77700.0,-20552.0,0,0,0.0
1476.0,0,5,77700.0,159286.40625,0,9,0.0
2175.0,2,5,0.6000000238418579,159286.40625,8,9,99985640.0
15.0,2,5,0.6000000238418579,-20552.0,8,9,99985640.0
2175.0,0,5,58023.94754956939,159286.40625,0,0,0.0
15.0,0,0,77700.0,159286.40625,0,9,0.0
2175.0,0,0,0.6000000238418579,-20552.0,0,0,99985640.0
15.0,0,0,77700.0,-20552.0,8,9,0.0
15.0,0,0,0.6000000238418579,-20552.0,8,0,99985640.0
15.0,2,0,77700.0,-20552.0,0,9,99985640.0
2175.0,2,5,0.6000000238418579,159286.40625,0,9,99985640.0
2175.0,2,5,77700.0,159286.40625,8,0,0.0
15.0,2,5,77299.08260726444,-20552.0,8,9,99985640.0
2175.0,2,3,77700.0,-20552.0,0,9,99985640.0
103.40126261311424,0,5,0.6000000238418579,-20552.0,0,0,0.0
2175.0,2,5,77700.0,159286.40625,8,9,0.0
2175.0,2,5,77700.0,159286.40625,7,0,0.0
15.0,0,0,77700.0,-20552.0,8,9,99985640.0
2175.0,2,5,77700.0,-20552.0,0,9,0.0
2175.0,2,5,77700.0,-20552.0,0,0,0.0
2175.0,2,0,77700.0,159286.40625,8,9,0.0
2175.0,2,0,77700.0,-20552.0,0,0,99985640.0
15.0,2,5,77700.0,159286.40625,8,9,99985640.0
2175.0,0,0,48110.371469722784,159286.40625,8,0,99985640.0
15.0,2,5,0.6000000238418579,159286.40625,0,0,99985640.0
2175.0,0,5,0.6000000238418579,159286.40625,8,0,0.0
15.0,0,5,77700.0,-20552.0,0,9,0.0
15.0,0,5,77700.0,-20552.0,8,9,0.0
2175.0,0,5,77700.0,159286.40625,8,0,0.0
15.0,2,4,0.6000000238418579,159286.40625,8,0,99985640.0
2175.0,2,5,77700.0,-20552.0,8,0,99985600.00582002
2175.0,0,0,0.6000000238418579,-20552.0,8,9,99985640.0
2175.0,0,5,1.754816355547915,159286.40625,8,9,0.0
2153.9494418069094,0,0,77700.0,-20552.0,8,9,0.0
15.0,0,5,77700.0,-20552.0,8,9,99985640.0
15.0,2,5,0.6000000238418579,159286.40625,0,9,99985640.0
2175.0,2,5,0.6000000238418579,-20552.0,8,0,0.0
15.0,0,5,77700.0,159286.40625,8,9,99985640.0
15.0,0,0,0.6000000238418579,-20552.0,0,0,99985640.0
2175.0,2,0,77700.0,-20552.0,0,0,99985640.0
15.0,0,5,77700.0,159286.40625,8,0,99985640.0
15.0,2,5,0.6000000238418579,159286.40625,8,9,0.0
15.0,2,0,0.6000000238418579,159286.40625,0,9,0.0
2175.0,0,0,77700.0,-20552.0,0,9,0.0
15.0,2,0,77380.35497232249,159286.40625,0,9,99985640.0
2175.0,2,5,0.6004553983105623,-20552.0,0,9,0.0
2175.0,0,5,55545.58548564908,159286.40625,8,0,0.0
2175.0,2,5,0.6000000238418579,159286.40625,8,9,0.0
15.0,0,0,0.6000000238418579,-20552.0,0,9,99985640.0
15.0,2,5,77700.0,-20552.0,0,9,99985640.0
2175.0,2,5,77700.0,159286.40625,0,0,0.0
15.0,0,5,14.600000381469727,-20552.0,0,0,0.0
15.0,0,0,0.6019798311211358,-20552.0,0,0,99985640.0
15.0,2,5,0.6000000238418579,-8389.749664454277,8,9,99985640.0
2175.0,0,0,0.6248139568460627,-20552.0,8,0,99985640.0
2175.0,0,5,77700.0,159286.40625,0,0,99985640.0
2175.0,0,5,77700.0,-20552.0,0,0,99985640.0
2175.0,0,5,0.6000000238418579,159286.40625,0,0,0.0
15.0,0,0,77700.0,-20552.0,0,9,0.0
2079.201063840505,2,0,77700.0,159273.03870296731,8,0,0.0
15.004802708597175,0,0,0.6000000238418579,83731.31365896777,8,0,99985640.0
15.0,2,5,77700.0,59998.62613038804,0,9,0.0
2175.0,2,5,0.6000000238418579,-20552.0,8,0,99985640.0
15.0,2,0,77700.0,159286.40625,0,9,99985640.0
2175.0,0,5,77700.0,159286.40625,0,9,0.0
15.0,2,0,77700.0,-20552.0,0,0,0.0
2175.0,2,0,77700.0,159286.40625,0,0,99985640.0
15.0,0,0,77700.0,-20552.0,8,0,99985640.0
15.0,0,0,77700.0,-20552.0,8,0,0.0
15.0,2,5,77700.0,122549.41291351333,8,0,0.0
2175.0,0,5,77700.0,-20552.0,0,9,0.0
2175.0,2,5,0.6000000238418579,159286.40625,0,9,0.0
15.0,0,0,0.6000000238418579,-20552.0,0,9,0.0
15.0,0,0,77700.0,159286.40625,8,0,99985640.0
2175.0,0,0,0.6000000238418579,159286.40625,8,0,99985640.0
15.0,0,5,77700.0,-20552.0,8,0,99985640.0
1818.514531348367,0,0,0.6000000238418579,159286.40625,0,0,0.0
2175.0,2,0,77700.0,-20552.0,8,9,99985640.0
2175.0,2,0,75295.51548167104,159286.40625,8,9,0.0
2175.0,0,5,77700.0,-20552.0,0,9,0.0
2175.0,0,5,0.6000000238418579,-20552.0,8,9,99985640.0
601.8012648795338,2,0,26750.231133896785,-20552.0,8,9,0.0
2175.0,0,0,77700.0,159286.40625,8,9,99985640.0
15.0,2,4,0.6000000238418579,159286.40625,0,0,99985640.0
2175.0,2,0,0.6000000238418579,-20552.0,0,0,99985640.0
2175.0,2,5,77700.0,159286.40625,8,0,0.0
2175.0,0,0,77700.0,159286.40625,8,0,0.0
15.028032195472111,0,5,77683.63341732815,-20552.0,0,0,99985640.0
2175.0,0,0,1.0194110928991535,135920.47234119335,8,0,0.0
2175.0,2,0,0.6000000238418579,159286.40625,8,9,0.0
15.0,0,5,77700.0,-20552.0,0,9,0.0
2175.0,0,0,77700.0,-20552.0,8,9,0.0
2175.0,2,0,77700.0,159286.40625,8,9,0.0
2175.0,0,5,0.6000000238418579,-20552.0,0,0,99985640.0
15.0,0,5,77700.0,-20552.0,8,0,0.0
2175.0,2,5,77700.0,-20552.0,8,9,99985640.0
2175.0,2,0,0.6000000238418579,159286.40625,8,0,0.0
2175.0,2,5,77700.0,-20552.0,0,9,0.0
2175.0,0,4,0.6000000238418579,-20552.0,8,0,0.0
1355.0166570507286,2,5,77700.0,159286.40625,0,9,0.0
2175.0,0,5,0.6000000238418579,159286.40625,0,9,0.0
15.0,0,0,0.6000000238418579,159286.40625,0,9,99985640.0
2077.3745526252937,0,5,0.6000000238418579,-20552.0,0,9,0.0
15.0,0,0,77700.0,159286.40625,8,9,0.0
2175.0,0,5,77700.0,-20552.0,0,9,99985640.0
1353.9626415166088,0,0,77700.0,-20552.0,8,0,0.0
1811.2297109297338,0,5,77700.0,159286.40625,0,0,0.0
2175.0,2,0,77700.0,-20552.0,8,0,0.0
2175.0,0,0,0.6000000238418579,-20552.0,8,9,0.0
15.0,0,0,0.6000000238418579,-20552.0,8,9,0.0
15.0,0,5,0.6000000238418579,-20552.0,0,9,99985640.0
15.0,2,5,77700.0,-20552.0,8,9,99985640.0
2175.0,0,5,77700.0,-20552.0,8,0,0.0
16.72961431999396,2,5,0.6000000238418579,159286.40625,0,9,0.0
15.0,0,0,77694.21547128147,159286.40625,8,0,0.0
15.0,2,5,0.6000000238418579,-20552.0,8,0,99985640.0
2175.0,0,0,77700.0,159286.40625,0,9,0.0
15.0,0,5,0.6000000238418579,-20552.0,8,9,99985640.0
15.0,0,0,0.6000000238418579,-20552.0,8,9,0.0
15.0,0,0,0.6000000238418579,159286.40625,8,0,0.0
2175.0,0,4,77700.0,-20552.0,0,9,99985640.0
15.0,0,5,77700.0,-20303.385348683893,0,0,99985640.0
15.0,0,0,77700.0,159286.40625,0,0,0.0
2175.0,0,0,77700.0,-20552.0,0,0,99985640.0
15.0,0,0,0.6000000238418579,-20552.0,8,9,0.0
15.0,2,0,77700.0,-20552.0,0,9,0.0
1662.9732411493176,0,5,0.6000000238418579,-20552.0,8,9,99985640.0
15.0,0,5,77694.20478153143,159286.40625,0,0,99985104.1785016
2175.0,2,5,77700.0,101782.70964264568,0,0,0.0
15.0,2,0,77700.0,159286.40625,0,0,0.0
15.0,0,0,77700.0,159286.40625,7,9,99985640.0
15.0,2,5,0.6000000238418579,159286.40625,0,0,0.0
2175.0,0,5,0.6000000238418579,159286.40625,8,0,0.0
15.0,2,0,77700.0,13367.866014257752,8,0,0.0
2175.0,2,5,77700.0,159286.40625,8,9,0.0
15.0,0,0,0.6000000238418579,159286.40625,0,9,0.0
2175.0,0,5,0.6000000238418579,-20552.0,8,0,0.0
15.0,2,0,0.6000000238418579,159286.40625,0,9,0.0
15.0,2,0,77458.81427880627,-20552.0,0,0,99985640.0
15.0,0,5,0.6000000238418579,-20552.0,8,9,99985640.0
2175.0,2,5,0.6000000238418579,159286.40625,0,0,99985640.0
2175.0,2,5,77700.0,159286.40625,0,0,0.0
2052.339935097368,0,0,0.6000000238418579,159286.40625,8,0,0.0
2175.0,0,5,1318.5239367797433,-20552.0,0,9,97840379.7731578
2175.0,2,5,0.6000000238418579,159286.40625,0,0,99985640.0
15.0,2,0,77700.0,-20552.0,0,9,0.0
2175.0,2,4,77700.0,159286.40625,0,0,0.0
2175.0,0,0,0.6000000238418579,-20552.0,0,0,0.0
2175.0,0,5,0.6000000238418579,-20552.0,0,0,0.0
15.0,2,5,77700.0,159286.40625,0,0,0.0
2175.0,0,5,0.6000000238418579,159286.40625,0,9,99985640.0
15.0,2,0,77700.0,-20552.0,8,9,99946725.44942078
1937.3930357314425,0,0,77700.0,159286.40625,8,0,99985640.0
2175.0,0,5,77700.0,159286.40625,8,9,0.0
15.0,2,5,77700.0,-20552.0,0,0,99985640.0
15.0,2,0,77700.0,40540.59477578527,0,9,0.0
2175.0,2,0,77700.0,159286.40625,0,0,0.0
15.0,2,5,0.6000000238418579,-20552.0,0,0,99985640.0
15.0,2,0,3.2150296334675414,-20552.0,8,0,0.0
15.0,0,5,0.6000000238418579,-20552.0,8,9,0.0
2175.0,0,5,77700.0,-20552.0,8,9,99985640.0
15.0,2,5,77674.73547885392,159286.40625,0,0,99984299.12843196
2175.0,2,0,77700.0,-20552.0,0,9,0.0
2175.0,0,0,77700.0,159286.40625,0,0,0.0
15.0,0,5,0.6000000238418579,159286.40625,0,9,99985640.0
2175.0,2,5,0.6000000238418579,-20552.0,0,0,0.0
15.0,0,0,0.6000000238418579,159286.40625,8,0,0.0
15.0,2,0,0.6000000238418579,-20552.0,8,0,99985640.0
15.0,2,0,77700.0,15758.58121943005,8,0,99985640.0
15.0,0,4,0.6000000238418579,159286.40625,8,9,99985640.0
2151.616311078828,2,0,77700.0,159286.40625,8,0,0.0
15.0,2,5,77700.0,-20552.0,0,9,0.0
2175.0,0,1,77700.0,159286.40625,8,9,0.0
15.0,0,5,0.6000000238418579,-20552.0,0,0,99985640.0
15.0,0,5,0.6000000238418579,-20552.0,0,0,0.0
15.011598997296396,2,5,0.6000000238418579,-20552.0,0,9,99985640.0
15.0,2,5,0.6000000238418579,159286.40625,8,9,99985640.0
2175.0,0,5,0.6000000238418579,-20552.0,8,9,0.0
15.0,2,5,0.6000000238418579,159286.40625,8,9,0.0
15.0,0,5,0.6000000238418579,-20552.0,0,9,99985640.0
15.0,2,5,0.6000000238418579,136747.04263166795,0,9,99985640.0
2175.0,0,0,77700.0,-20552.0,0,0,0.0
15.041298228482324,0,0,0.6000000238418579,159286.40625,8,9,99985640.0
2175.0,0,5,77700.0,-20552.0,8,9,0.0
15.0,2,0,77700.0,159286.40625,8,9,99985640.0
1584.9505679500883,2,5,77700.0,-20552.0,0,9,0.0
15.0,2,0,77700.0,-20552.0,8,0,99985640.0
15.0,0,0,77700.0,159286.40625,8,0,99985640.0
2175.0,0,5,0.6000000238418579,-20552.0,0,9,0.0
15.0,0,0,77700.0,159286.40625,8,0,99985640.0
15.0,0,0,77700.0,-20552.0,0,0,44938654.99309221
15.0,0,5,77700.0,159286.40625,0,9,0.0
15.0,0,0,0.6000000238418579,159286.40625,0,9,99985640.0
15.0,0,0,77700.0,159286.40625,0,9,99985640.0
2175.0,2,0,77695.45076916058,-20552.0,8,0,99985640.0
15.0,0,5,0.6000000238418579,159286.40625,0,9,0.0
15.0,2,0,77700.0,159286.40625,0,9,99985640.0
15.0,2,5,71672.27573283041,59389.73241919961,8,0,0.0
2175.0,0,0,0.6000000238418579,-20552.0,0,0,0.0
15.0,0,0,0.6000000238418579,159286.40625,8,0,99985640.0
2108.316173989461,0,0,0.6000000238418579,159286.40625,8,9,99985640.0
15.0,0,5,77700.0,-20552.0,0,0,0.0
2175.0,0,5,11.026934567829962,-20552.0,8,9,0.0
15.0,0,5,77700.0,159286.40625,0,9,99985640.0
2175.0,0,5,77700.0,159286.40625,0,0,0.0
15.0,2,0,0.6000000238418579,159286.40625,8,0,0.0
15.0,0,5,77700.0,159286.40625,8,0,0.0
2175.0,2,5,0.6000000238418579,159286.40625,8,0,0.0
15.0,2,0,0.6000000238418579,-20552.0,0,0,99985640.0
15.0,0,0,0.6000000238418579,-20552.0,8,9,99985640.0
2175.0,0,0,0.6000000238418579,-20552.0,8,9,0.0
2175.0,2,0,77700.0,159286.40625,0,9,0.0
2175.0,2,5,0.6000000238418579,-20552.0,0,0,99985640.0
2175.0,2,5,77700.0,159286.40625,8,0,0.0
292.6542442624512,2,5,77700.0,-20552.0,8,9,0.0
39.20341461127667,2,0,77700.0,-20552.0,0,0,0.0
15.0,2,5,0.6000000238418579,159286.40625,0,9,99985640.0
2175.0,0,5,77700.0,-20552.0,0,0,99985640.0
15.0,2,5,77700.0,159286.40625,8,9,33857605.800354406
15.0,0,5,77700.0,159286.40625,0,9,99985640.0
2175.0,0,5,77700.0,-20552.0,8,9,99985640.0
2175.0,0,5,0.6000000238418579,159286.40625,0,0,99985640.0
15.0,0,5,77700.0,39997.98954748479,8,9,99985640.0
15.0,0,0,77700.0,159286.40625,0,0,0.0
15.0,2,0,77700.0,159267.08366566923,8,9,99985640.0
15.0,2,0,0.6009420548428958,-20552.0,8,9,99985640.0
15.0,2,4,77700.0,-20552.0,8,0,0.0
15.544222564291521,0,0,45607.73712544517,-20552.0,0,9,0.0
15.0,0,5,0.6000000238418579,159286.40625,0,0,0.0
2175.0,0,0,77700.0,159286.40625,8,9,99985640.0
32.740232922487685,0,5,0.6000000238418579,159286.40625,8,9,0.0
2175.0,2,5,77700.0,159286.40625,0,0,0.0
2175.0,0,5,0.6019664372089827,159286.40625,8,0,0.0
15.0,2,0,77700.0,159286.40625,8,0,99985640.0
2175.0,0,5,0.6000000238418579,159286.40625,0,0,0.0
15.0,0,0,0.6000000238418579,159286.40625,0,0,99985640.0
2175.0,2,5,0.6000000238418579,-20552.0,8,9,99985640.0
2175.0,0,5,77700.0,-20552.0,8,9,99985640.0
2175.0,2,5,77700.0,-20552.0,0,0,99985640.0
15.0,0,5,77700.0,159286.40625,8,9,0.0
15.0,2,5,77700.0,-717.6505682381347,8,9,0.0
15.0,2,0,0.6000000238418579,159286.40625,8,9,0.0
20.727880127977237,0,5,77700.0,159286.40625,0,0,99985640.0
2175.0,2,0,77700.0,-20552.0,0,0,99985640.0
2175.0,0,0,0.6000000238418579,159286.40625,8,0,99985640.0
2175.0,2,0,0.6000000238418579,-20552.0,0,9,99985640.0
15.0,2,5,0.6000000238418579,-20552.0,8,0,99985640.0
15.0,2,0,0.6000000238418579,159286.40625,8,0,0.0
15.0,2,0,77700.0,-20552.0,0,0,0.0
2175.0,2,5,77700.0,-20552.0,0,0,60830421.5479135
2175.0,0,5,77700.0,-20552.0,0,0,99985640.0
2175.0,2,5,77700.0,159286.40625,8,3,0.0
778.628222986714,0,5,77700.0,159286.40625,0,0,99985640.0
15.0,2,5,77700.0,159286.40625,0,0,0.0
15.0,2,5,77700.0,-20552.0,8,9,99985640.0
2175.0,2,0,77700.0,-20552.0,8,9,0.0
2175.0,0,0,0.6000000238418579,-20552.0,8,9,0.0
2175.0,0,5,0.6000000238418579,159286.40625,0,0,99985640.0
15.0,0,0,77700.0,159286.40625,0,9,0.0
15.0,0,0,0.6000000238418579,-20552.0,8,9,0.0
2175.0,2,0,77700.0,159286.40625,8,9,0.0
15.0,2,5,77700.0,159286.40625,8,0,0.0
2175.0,0,5,0.6000000238418579,159286.40625,8,9,99985640.0
2175.0,0,4,77700.0,-20552.0,8,0,99985640.0
15.0,0,5,0.6000000238418579,159286.40625,0,0,96006387.51722021
2175.0,0,5,77700.0,159286.40625,0,9,0.0
2175.0,2,5,77700.0,159286.40625,0,0,99985640.0
15.0,2,4,77700.0,52088.12432097667,8,0,99985640.0
2175.0,2,0,77700.0,-20552.0,8,0,0.0
2175.0,2,5,77700.0,-20552.0,0,9,0.0
15.0,0,5,3229.8603636204443,-20552.0,0,9,99985640.0
2175.0,0,0,77700.0,-20552.0,0,9,0.0
2175.0,2,0,77700.0,-20552.0,8,0,0.0
15.0,0,0,77700.0,159286.40625,8,9,0.0
15.0,2,5,77700.0,-20552.0,0,0,99985640.0
2175.0,2,5,77700.0,159286.40625,8,0,0.0
2175.0,2,5,77700.0,159286.40625,0,9,99985640.0
15.0,2,5,77700.0,-20552.0,0,0,99985640.0
2175.0,2,5,77700.0,-20552.0,8,9,0.0
2175.0,0,5,0.6004374189466735,-20552.0,0,0,0.0
15.0,0,5,1200.0,-20552.0,8,9,0.0
15.0,0,0,77700.0,-20552.0,8,9,99985640.0
504.3357749557973,2,0,77700.0,-20552.0,0,0,0.0
15.0,2,0,77700.0,159286.40625,8,9,99985640.0
2175.0,0,0,77700.0,159286.40625,0,9,0.0
15.0,0,5,77700.0,159286.40625,0,9,0.0
2175.0,2,0,0.6000000238418579,159286.40625,0,0,0.0
15.0,2,5,77700.0,159286.40625,8,9,99985640.0
15.0,0,5,0.6000000238418579,-20552.0,8,0,99985640.0
15.0,2,4,1080.2766355530273,-20552.0,8,0,0.0
2175.0,2,5,77700.0,-20552.0,0,0,0.0
15.0,0,0,0.6000000238418579,159286.40625,0,9,99985640.0
2175.0,0,0,0.6000000238418579,159286.40625,8,0,0.0
2175.0,0,5,77700.0,-20552.0,8,9,0.0
2175.0,2,0,14951.278875034746,-20544.09648872039,8,9,0.0
252.52844639830755,2,5,0.6000000238418579,159286.40625,7,9,99985640.0
15.0,0,0,77700.0,-20552.0,8,0,99985640.0
15.0,2,0,77700.0,159286.40625,0,9,0.0
15.0,2,5,0.6000000238418579,159286.40625,8,9,0.0
15.0,0,5,77700.0,-20552.0,0,9,0.0
15.0,2,5,77700.0,159286.40625,8,0,0.0
2175.0,2,5,0.6000000238418579,-20552.0,0,9,0.0
2175.0,2,4,77700.0,-20552.0,8,9,99985640.0
15.0,0,5,77700.0,-20552.0,0,0,99985640.0
2175.0,0,5,77700.0,-20552.0,8,9,0.0
2175.0,2,0,77700.0,-20552.0,8,0,0.0
15.0,2,5,0.6000000238418579,-20552.0,0,0,99985640.0
15.0,2,5,9035.220160137818,159286.40625,8,0,99985640.0
15.0,0,0,0.6000000238418579,-20552.0,0,9,0.0
15.0,0,5,0.6000000238418579,159286.40625,8,0,99985640.0
2175.0,0,5,77700.0,-20552.0,8,0,0.0
15.0,0,0,77700.0,159286.40625,8,0,0.0
2175.0,0,5,77700.0,-20552.0,0,0,0.0
22.629083689132575,0,5,0.6000000238418579,-20552.0,8,0,99985640.0
15.0,0,0,77700.0,159286.40625,8,0,0.0
15.0,2,0,77700.0,-20552.0,0,0,0.0
2175.0,2,0,0.6000000238418579,-20552.0,0,9,0.0
2175.0,2,0,77700.0,-20552.0,0,0,99985640.0
15.0,2,0,0.6000000238418579,-20552.0,0,0,99985640.0
2175.0,0,0,77700.0,-20552.0,0,9,99985640.0
2175.0,0,5,0.6000000238418579,159286.40625,8,0,99985640.0
2175.0,0,0,77700.0,-20552.0,8,9,0.0
15.0,0,0,77700.0,-20552.0,0,9,0.0
15.0,0,5,77700.0,-20552.0,8,0,99985640.0
2175.0,0,5,77700.0,-20552.0,0,9,0.0
2175.0,2,0,77700.0,-20552.0,0,9,99985640.0
2175.0,2,5,0.6000000238418579,159286.40625,8,9,99985640.0
15.0,0,0,0.6000000238418579,-20552.0,0,9,99985640.0
2175.0,0,5,77700.0,-20552.0,0,0,0.0
15.0,0,5,0.6000000238418579,-20552.0,0,9,0.0
15.0,0,0,77700.0,-20552.0,0,9,0.0
2175.0,0,0,77700.0,-20552.0,0,9,99985640.0
15.0,0,0,0.6000000238418579,159286.40625,8,9,0.0
15.0,0,4,0.6000000238418579,159286.40625,0,0,0.0
2175.0,0,5,0.6000000238418579,159286.40625,0,9,0.0
2175.0,0,5,77698.52399209636,-20552.0,8,9,99985640.0
15.0,2,1,77700.0,159286.40625,0,6,99985640.0
15.0,2,0,77700.0,-20552.0,0,9,99985640.0
15.0,2,0,77700.0,-20552.0,0,9,99985640.0
2175.0,0,5,0.6000000238418579,159286.40625,0,9,99985640.0
2175.0,2,5,0.9295245958408943,-20552.0,8,9,0.0
15.0,0,5,77700.0,-20552.0,8,9,0.0
2175.0,0,0,77700.0,-20552.0,0,0,0.0
2175.0,2,0,77700.0,-20552.0,8,9,99985640.0
2175.0,2,5,77700.0,159286.40625,0,9,0.0
2175.0,0,5,0.6000000238418579,159286.40625,8,9,0.0
15.0,2,0,77700.0,-20552.0,8,9,0.0
