trans_date,trans_type,operation,amount,balance,k_symbol,bank,account
1833,2,4,11200.0,41898.9,0,0,0
756,2,1,1287.0,18167.3,1,3,41393333
362,2,4,1120.0,12744.3,0,0,0
1185,2,4,29600.0,61754.9,0,0,0
1572,0,2,4764.0,23795.2,2,12,80643486
2022,0,0,150.9,32222.1,7,0,0
1853,2,4,7400.0,-1139.8,0,0,0
1979,0,3,500.0,19117.3,0,0,0
957,2,4,14.6,38618.5,6,0,0
930,2,4,7800.0,37106.2,0,0,0
1481,0,3,24319.0,60298.1,0,0,0
1565,0,0,145.0,35463.3,7,0,0
834,2,4,14.6,27100.4,6,0,0
758,0,2,2956.0,14979.8,0,3,46188896
1900,0,0,81.0,20744.9,7,0,0
1414,0,0,157.2,35441.6,7,0,0
1039,2,4,3600.0,47336.0,0,0,0
1176,0,2,2902.0,22943.3,0,8,4666555
1110,0,0,98.6,15418.2,7,0,0
1821,2,1,263.0,39595.8,3,8,20428276
2022,0,0,184.0,45813.1,7,0,0
1626,2,4,14.6,43892.3,6,0,0
1788,2,4,4200.0,55507.8,0,0,0
1699,2,1,3835.0,54034.8,5,2,18348533
1776,2,4,5700.0,66552.6,0,0,0
1148,0,3,15208.0,35684.0,0,0,0
1535,2,4,14.6,46740.7,6,0,0
1467,2,4,5400.0,94515.4,0,0,0
2127,2,1,4129.0,66932.8,5,3,9654927
1235,2,4,4080.0,44750.8,0,0,0
2089,2,1,1444.0,15914.8,5,11,3712326
1914,2,1,3452.0,25724.1,5,13,78167122
1810,2,4,14.6,29573.6,6,0,0
1662,0,3,9376.0,41498.1,0,0,0
1761,2,4,3680.0,25114.9,0,0,0
1469,2,5,1800.0,48931.0,0,0,0
1239,0,3,6716.0,40780.9,0,0,0
1057,0,2,5885.0,34347.3,2,7,52298969
1053,0,3,21913.5,66727.2,0,0,0
1606,2,1,3844.0,31828.8,5,5,87907689
1693,2,4,18600.0,45601.1,0,0,0
1323,2,4,360.0,17886.3,0,0,0
1633,2,1,2881.0,22134.5,1,1,76028048
1354,0,3,3000.0,27228.7,0,0,0
1476,2,4,30.0,49528.0,6,0,0
1535,0,0,125.8,27513.9,7,0,0
1806,2,4,560.0,23939.2,0,0,0
1504,0,0,178.8,50228.0,7,0,0
1640,0,3,5355.0,25507.1,0,0,0
1749,0,0,287.9,71735.4,7,0,0
1231,2,4,14.6,66276.9,6,0,0
605,2,4,10900.0,36197.8,0,0,0
1779,0,0,120.0,27774.8,7,0,0
1812,2,4,5000.0,21774.2,0,0,0
1913,2,1,1210.0,28650.4,5,3,50436025
1735,0,3,10000.0,15783.6,0,0,0
1831,0,3,5100.0,18654.8,0,0,0
2053,2,4,14.6,27915.4,6,0,0
1092,2,4,8400.0,47879.1,0,0,0
1726,2,1,4035.0,73164.6,5,5,92903273
1571,2,1,2780.0,15147.3,5,10,95479797
993,2,1,3937.0,27306.0,5,11,90201395
1467,2,4,1200.0,25618.4,0,0,0
1489,2,4,15800.0,45831.1,0,0,0
350,2,4,1440.0,26669.2,0,0,0
1023,0,2,35742.0,69277.2,0,5,36552822
933,0,3,24309.0,62991.3,0,0,0
1544,2,1,1207.0,13592.1,5,9,91464036
1384,2,4,14.6,49160.3,6,0,0
597,2,1,152.0,27279.1,3,5,47741246
1163,2,4,1200.0,26082.4,0,0,0
610,1,4,16729.0,48784.5,0,0,0
844,2,1,3261.0,13803.9,5,3,63280850
1620,2,4,2300.0,32625.6,0,0,0
1267,2,1,1321.0,22366.9,1,3,96697401
1788,0,3,17073.0,47613.5,0,0,0
1121,0,2,3469.0,23143.7,0,5,60511863
1072,2,4,15700.0,32683.4,0,0,0
1361,2,1,3892.0,62601.5,5,6,33047658
1110,0,0,60.6,-2804.2,7,0,0
1079,0,0,34.7,11824.1,7,0,0
1699,1,4,22392.0,62848.7,0,0,0
1099,2,4,400.0,20476.1,0,0,0
1511,2,4,800.0,21251.5,0,0,0
2095,2,1,3400.5,66629.6,8,9,9464615
1841,0,0,53.3,13097.2,7,0,0
1450,2,4,1600.0,34628.8,0,0,0
2083,0,0,66.6,16368.9,7,0,0
1781,2,5,1000.0,52692.4,0,0,0
372,2,4,900.0,23729.1,0,0,0
1254,2,4,18000.0,15535.7,0,0,0
1879,2,1,9687.0,32058.4,5,13,41427993
1936,2,4,400.0,14947.6,0,0,0
1261,2,4,14.6,40528.4,6,0,0
1237,2,5,3600.0,23492.7,0,0,0
2022,0,0,132.3,31250.2,7,0,0
1905,2,1,6089.0,16863.6,3,13,45149773
1831,0,3,9025.0,84773.8,0,0,0
2029,0,2,3393.0,46735.8,0,11,85023396
1329,2,4,2640.0,44448.1,0,0,0
1688,0,0,189.4,49996.5,7,0,0
1848,2,1,2492.0,27181.3,5,3,60161107
742,0,3,21645.0,52704.3,0,0,0
1749,0,0,110.5,26441.8,7,0,0
2175,0,0,295.1,47703.3,7,0,0
2158,0,2,5054.0,28094.3,2,1,84573280
1729,2,4,1300.0,24634.5,0,0,0
1999,2,4,2900.0,43793.2,0,0,0
603,2,1,7591.0,36773.7,5,13,56959491
1567,2,4,5600.0,17119.8,0,0,0
1657,2,4,14.6,14394.8,6,0,0
2038,2,4,13600.0,14536.3,0,0,0
1810,0,0,378.6,98526.0,7,0,0
1018,2,4,14.6,35174.3,6,0,0
1991,2,4,14.6,68560.8,6,0,0
1461,2,4,2300.0,29953.1,0,0,0
1930,0,0,60.4,10216.1,7,0,0
602,2,1,4694.0,25124.5,1,11,1495051
1621,0,3,17010.0,58860.1,0,0,0
907,0,2,30818.0,63116.3,0,6,84885888
1459,0,3,500.0,67468.5,0,0,0
1447,2,4,2700.0,65927.2,0,0,0
1516,2,1,708.0,41386.5,8,2,88153653
694,2,1,9454.0,59344.9,5,3,67286312
1327,2,4,26400.0,52139.6,0,0,0
1869,2,4,14.6,27690.2,6,0,0
1966,0,2,50696.0,82297.4,0,13,58887272
1688,2,4,14.6,14157.8,6,0,0
1504,0,0,304.8,81212.8,7,0,0
745,2,4,14.6,35504.7,6,0,0
1212,2,4,5400.0,31887.8,0,0,0
535,2,1,1619.0,42116.1,1,6,85654091
265,0,3,23381.0,68976.4,0,0,0
1486,2,1,127.0,25379.1,1,10,98634075
2067,2,4,2800.0,36849.3,0,0,0
265,2,1,6492.0,30754.9,5,8,75135111
2022,2,4,14.6,64511.7,6,0,0
1535,2,4,14.6,21623.2,6,0,0
1824,2,1,4640.0,31289.8,5,11,65183514
1253,2,4,18600.0,53696.8,0,0,0
1018,2,4,30.0,39127.1,6,0,0
1087,2,4,2100.0,16369.6,0,0,0
695,2,1,4542.0,48298.4,8,13,92012846
937,2,1,1628.0,27724.6,5,13,46045607
1789,0,3,29184.0,86100.5,0,0,0
773,0,0,154.3,36022.0,7,0,0
801,2,4,21800.0,55611.0,0,0,0
2067,2,4,3300.0,23523.0,0,0,0
957,2,4,14.6,45107.5,6,0,0
1334,2,4,3400.0,24599.4,0,0,0
256,2,4,26900.0,49562.7,0,0,0
2097,2,1,1087.0,62811.7,3,8,51855623
2040,2,4,21900.0,90507.0,0,0,0
2061,0,2,37890.0,99060.3,0,8,41836589
1703,0,3,21576.0,79597.3,0,0,0
843,2,4,3500.0,33498.5,0,0,0
730,2,4,5200.0,19475.2,0,0,0
1428,2,1,118.0,62527.5,3,6,42836803
1362,0,3,28911.0,32836.0,0,0,0
1425,0,3,17811.0,51132.2,0,0,0
1878,2,4,400.0,43632.6,0,0,0
1384,0,0,10.6,7907.6,7,0,0
1694,2,1,2780.0,11585.3,5,10,95479797
1749,2,4,14.6,18422.6,6,0,0
963,2,1,1924.0,23614.4,5,2,91776167
2096,2,4,25200.0,19275.2,0,0,0
1509,2,1,3869.0,37854.6,5,2,83267962
1793,2,4,20900.0,51297.6,0,0,0
2053,2,4,36800.0,79312.4,0,0,0
1353,2,4,30.0,27863.7,6,0,0
1661,2,4,20100.0,34176.3,0,0,0
2053,2,4,14.6,12792.8,6,0,0
1323,0,0,136.8,29849.1,7,0,0
1182,2,1,1168.0,43880.1,5,3,6431270
1254,2,4,30100.0,49647.8,0,0,0
1772,2,4,1320.0,36544.1,0,0,0
1718,0,0,208.4,47691.9,7,0,0
1428,2,4,8100.0,73420.8,0,0,0
1533,2,4,900.0,21562.0,0,0,0
2169,2,4,22400.0,78219.4,0,0,0
653,2,4,14.6,36499.0,6,0,0
1971,2,4,61800.0,75032.5,0,0,0
1573,2,1,502.0,41859.0,5,4,19993174
1414,2,4,14.6,26400.7,6,0,0
1289,2,4,5600.0,20417.1,0,0,0
1949,2,4,8100.0,20472.4,0,0,0
1353,0,0,140.5,34294.4,7,0,0
1932,2,4,5400.0,14598.6,0,0,0
1579,0,3,36553.0,147448.6,0,0,0
2154,2,4,27400.0,38337.4,0,0,0
1850,0,3,1900.0,17780.1,0,0,0
1974,2,1,3781.0,39779.2,5,11,28111076
1110,2,4,14.6,30602.4,6,0,0
2114,2,4,14.6,14675.5,6,0,0
1841,2,4,14.6,41294.5,6,0,0
1785,2,1,137.0,61534.0,3,10,34692824
500,2,4,14.6,19577.3,6,0,0
1109,0,3,48841.0,82980.4,0,0,0
1657,2,4,14.6,49011.6,6,0,0
1967,0,3,3600.0,55351.1,0,0,0
1825,2,4,1320.0,40317.6,0,0,0
2157,2,1,82.0,29708.5,1,11,19039827
1628,2,4,4600.0,31245.3,5,0,0
1056,0,2,56835.0,82727.8,0,8,41836589
733,0,3,8186.0,29888.0,0,0,0
1817,2,4,810.0,14273.5,0,0,0
980,2,4,57500.0,55936.0,0,0,0
2126,2,1,4676.0,58030.7,3,4,36498862
561,2,4,14.6,59287.2,6,0,0
1822,2,1,7440.5,45114.3,8,2,69176065
1900,0,0,75.7,15412.2,7,0,0
950,0,3,1900.0,30870.9,0,0,0
1509,0,3,32086.0,93215.8,0,0,0
1961,2,4,14.6,81159.1,6,0,0
1816,2,1,1580.0,37218.4,1,5,9999049
697,2,4,1100.0,30671.2,0,0,0
1148,2,1,3489.0,45788.7,1,11,29040438
1966,2,1,1547.0,23047.7,5,10,47490662
1848,0,3,22650.0,68028.9,0,0,0
1902,2,5,1800.0,43584.3,0,0,0
1515,0,3,4393.0,42399.3,0,0,0
1148,2,1,1317.0,11060.7,1,1,66884094
1961,2,4,14.6,33051.1,6,0,0
1991,2,4,14.6,79478.5,6,0,0
1391,0,2,5836.0,31060.9,2,7,39158690
1749,0,0,362.2,91309.6,7,0,0
1027,0,3,500.0,500.0,0,0,0
1699,2,1,11657.0,45351.5,5,4,32954842
1124,0,2,44749.0,74610.8,0,5,80269753
1810,0,0,109.4,31794.5,7,0,0
745,0,0,99.8,20096.8,7,0,0
1657,2,4,14.6,42068.7,6,0,0
2033,0,2,5896.0,24340.7,2,11,71632808
1841,0,0,102.4,25534.8,7,0,0
483,2,1,9.0,79647.9,1,11,30289006
2175,0,0,322.2,88862.1,7,0,0
1231,0,0,100.5,25154.3,7,0,0
1847,2,1,3799.0,46085.2,5,9,19417429
1779,0,0,178.5,43944.2,7,0,0
1983,0,3,18600.0,56200.2,0,0,0
1930,0,0,83.3,20116.0,7,0,0
1900,0,0,106.8,27508.3,7,0,0
1476,0,0,271.6,65134.4,7,0,0
1261,2,4,14.6,24682.2,6,0,0
2059,0,3,20673.0,106431.6,0,0,0
1374,0,3,22339.0,75209.3,0,0,0
1465,2,4,700.0,37426.3,0,0,0
1535,2,4,14.6,37227.1,6,0,0
1335,2,1,1915.0,11466.6,5,4,72995984
1718,0,0,230.1,56242.8,7,0,0
1073,2,4,11300.0,43685.1,0,0,0
2083,0,0,105.4,85809.7,7,0,0
532,2,4,3360.0,22506.1,0,0,0
1930,0,0,246.4,59609.8,7,0,0
1930,0,0,83.6,20277.5,7,0,0
2011,2,4,17700.0,38263.7,0,0,0
865,0,0,107.2,26808.5,7,0,0
987,0,0,134.7,31466.2,7,0,0
714,2,4,14.6,34542.9,6,0,0
1565,2,4,14.6,52198.9,6,0,0
1323,0,0,117.4,29242.6,7,0,0
1935,2,1,463.0,26642.4,3,5,25759440
1758,0,3,15121.0,42404.6,0,0,0
2144,0,0,261.9,57972.7,7,0,0
1688,0,0,153.6,38982.8,7,0,0
2022,0,0,234.0,64226.9,7,0,0
1451,0,2,10124.0,41808.8,0,4,98249238
469,2,4,14.6,27828.8,6,0,0
956,0,3,7400.0,18102.5,0,0,0
1029,2,4,400.0,18629.5,0,0,0
1900,2,4,14.6,27171.2,6,0,0
1925,2,4,16500.0,53980.9,0,0,0
1906,0,2,29880.0,100535.5,0,13,86406272
1876,0,2,3764.0,17653.0,0,11,1255870
1231,2,4,100.0,22573.1,6,0,0
1985,2,4,5280.0,15481.6,0,0,0
1749,0,0,114.5,28731.6,7,0,0
1900,0,0,114.0,28548.7,7,0,0
1916,2,4,3200.0,29262.9,0,0,0
1489,0,3,26530.0,81848.2,0,0,0
1323,2,4,14.6,25238.5,6,0,0
1883,0,2,3378.0,20290.7,0,1,97203635
1718,0,0,224.2,56230.7,7,0,0
1200,2,4,14.6,17920.5,6,0,0
1808,0,3,23509.0,24409.0,0,0,0
1998,0,3,11368.0,47975.5,0,0,0
1493,0,3,500.0,20600.0,0,0,0
1507,2,4,5040.0,22359.3,0,0,0
1384,2,4,14.6,20945.3,6,0,0
907,0,3,4600.0,27600.0,0,0,0
1244,2,1,392.0,41651.5,5,10,38680678
1637,0,3,19386.0,68197.9,0,0,0
1150,2,1,1522.0,19974.9,1,3,45131552
524,1,4,6996.0,22982.4,0,0,0
968,2,1,2329.0,25412.9,5,12,37676316
1895,2,4,14800.0,38531.0,0,0,0
1718,2,4,14.6,49287.1,6,0,0
1058,2,4,5400.0,33825.2,0,0,0
1153,0,3,24439.0,49595.4,0,0,0
1943,2,4,7200.0,16133.5,0,0,0
2114,0,0,71.1,18006.9,7,0,0
2095,2,1,3448.0,54055.9,5,9,53213423
478,2,1,1302.0,23371.5,3,1,90722965
683,0,0,322.5,39974.9,7,0,0
506,0,3,30766.5,71121.5,0,0,0
2004,2,4,1520.0,13415.4,0,0,0
1912,0,3,14100.0,22391.1,0,0,0
1657,2,4,30.0,33634.5,6,0,0
174,2,1,2728.0,23288.6,5,13,29599017
1626,0,0,140.2,17069.1,7,0,0
1323,0,0,59.4,15836.5,7,0,0
1890,0,3,31215.0,51644.7,0,0,0
2125,2,4,13800.0,33008.5,0,0,0
1900,2,4,14.6,21890.9,6,0,0
1937,0,3,13049.0,49812.9,0,0,0
2163,0,3,17620.0,74199.6,0,0,0
1872,0,3,47207.0,73760.3,0,0,0
745,0,0,70.5,13496.3,7,0,0
1061,0,2,16856.0,47814.8,0,2,4289520
1139,0,0,175.2,40059.4,7,0,0
2149,2,1,2040.0,18082.3,5,1,21871125
1695,2,4,32200.0,68890.8,0,0,0
1844,2,4,5880.0,30768.9,0,0,0
1815,2,4,900.0,51455.3,0,0,0
1961,0,0,157.0,41951.7,7,0,0
1876,0,2,4760.0,19717.8,2,2,26803970
1668,0,3,7200.0,51483.3,0,0,0
647,2,4,2000.0,28420.1,0,0,0
1841,2,4,14.6,20965.6,6,0,0
1139,0,0,63.2,16116.0,7,0,0
1930,0,0,73.3,14239.5,7,0,0
1841,2,4,14.6,42685.9,6,0,0
809,2,1,224.0,25162.9,5,9,4900444
1515,0,3,36098.0,59712.8,0,0,0
804,0,0,170.4,47235.3,7,0,0
1971,2,1,1978.0,19739.5,1,12,26200568
1761,2,1,105.0,26166.6,1,13,12989753
1445,2,4,14.6,32965.8,6,0,0
1573,2,1,3487.0,81012.4,5,13,20354813
1626,2,4,14.6,44862.0,6,0,0
2032,2,1,1494.0,32243.9,5,7,70536905
1451,0,3,14407.0,43741.2,0,0,0
1596,0,0,94.6,22486.1,7,0,0
209,0,2,19106.0,56570.0,0,11,13876933
1719,1,4,4999.0,36792.5,0,0,0
2065,2,1,511.0,99520.1,3,4,15961814
1637,2,1,912.0,46269.2,5,8,14523250
1541,0,2,6075.0,13050.0,2,9,47982800
1689,2,4,5000.0,14308.3,0,0,0
227,2,4,14.6,26447.9,6,0,0
1243,0,2,3494.0,23216.7,0,5,89189946
1384,0,0,138.4,32544.1,7,0,0
288,2,4,14.6,46615.4,6,0,0
2144,0,0,319.3,76117.1,7,0,0
906,2,1,2774.0,33720.2,5,10,68375611
1785,2,1,3275.0,16121.6,5,5,84733837
1292,0,0,110.4,28148.5,7,0,0
2175,0,0,108.0,23168.3,7,0,0
1587,0,3,35609.0,96459.1,0,0,0
1274,0,2,5531.0,26282.5,2,5,7849169
1999,0,2,2974.0,17964.9,0,12,38920897
509,2,4,8200.0,32994.8,0,0,0
1759,2,1,578.0,11375.0,1,13,16720837
745,2,4,14.6,29098.2,6,0,0
1779,0,0,104.5,26068.3,7,0,0
1459,2,4,4200.0,40276.3,0,0,0
1160,0,3,1200.0,23754.0,0,0,0
1749,2,4,14.6,78596.5,6,0,0
1583,2,4,21900.0,55087.6,0,0,0
895,2,4,14.6,22633.6,6,0,0
1565,2,4,14.6,73950.7,6,0,0
931,2,1,2285.0,13070.1,5,3,34919470
661,2,1,4111.0,41776.2,1,7,7310396
1657,2,4,14.6,23885.0,6,0,0
1384,2,4,14.6,54835.0,6,0,0
1669,2,4,5400.0,70081.3,0,0,0
1384,2,4,14.6,8533.8,6,0,0
1816,2,4,2640.0,21903.0,0,0,0
444,2,1,9493.0,48600.6,5,3,98678969
1460,2,5,1200.0,30212.1,0,0,0
1664,2,1,4885.0,12456.6,5,12,36372977
2064,2,4,2200.0,95013.1,5,0,0
2144,2,4,14.6,14645.9,6,0,0
510,0,2,57164.0,78663.6,0,9,77844226
2083,2,4,14.6,21748.3,6,0,0
2150,2,1,4664.0,61330.8,5,11,37215685
408,0,0,105.8,28331.0,7,0,0
1000,2,4,8600.0,70234.6,0,0,0
1900,2,4,14.6,20954.5,6,0,0
856,2,4,2700.0,28316.2,0,0,0
1779,2,4,14.6,22467.4,6,0,0
1662,2,1,1285.0,22406.7,5,3,87448715
351,0,3,500.0,500.0,0,0,0
1718,0,0,104.9,22891.3,7,0,0
1333,2,1,1388.0,56900.8,1,9,99909179
1504,0,0,57.7,14667.9,7,0,0
1596,2,4,14.6,29426.4,6,0,0
2062,2,1,643.0,57694.5,5,12,32746297
874,2,1,1991.0,25296.6,5,11,95629697
2095,2,1,1756.0,42915.2,8,8,46252030
1337,1,4,19347.0,55891.8,0,0,0
2066,2,1,988.0,14139.8,0,13,23543101
1110,0,0,81.3,25158.6,7,0,0
1535,2,4,14.6,19351.2,6,0,0
2028,2,1,129.0,46683.5,1,6,20009470
2002,0,3,11200.0,31932.9,0,0,0
1139,0,0,88.7,19710.1,7,0,0
2001,0,3,35138.0,86986.1,0,0,0
1639,2,1,2013.0,33222.0,5,7,51578915
1208,0,3,8844.0,45091.0,0,0,0
987,2,4,14.6,43555.8,6,0,0
1543,2,1,2846.0,9627.0,5,3,27696168
1847,0,2,6075.0,30964.2,2,9,47982800
1048,0,0,5.2,2446.7,7,0,0
1091,2,4,1800.0,22179.1,0,0,0
360,2,1,13208.0,17327.4,5,12,58510798
1109,2,4,3800.0,35021.3,0,0,0
2095,2,4,6700.0,33937.8,0,0,0
660,2,1,3106.0,20741.6,5,4,89983695
1577,2,4,10100.0,17350.8,0,0,0
1895,0,3,9644.0,75224.9,0,0,0
622,0,0,247.0,46443.0,7,0,0
2022,0,0,361.6,79788.0,7,0,0
1328,2,1,2898.0,35873.6,1,1,88160776
1238,0,3,19573.5,52478.8,0,0,0
749,0,3,2300.0,30633.1,0,0,0
739,2,4,2080.0,17809.7,0,0,0
1950,2,4,10300.0,54015.1,0,0,0
2053,2,4,3900.0,13145.2,0,0,0
1450,2,1,355.0,42838.5,1,10,56174659
1110,0,0,26.2,1926.1,7,0,0
1529,0,3,21695.0,57646.2,0,0,0
1869,2,4,14.6,48858.6,6,0,0
1445,2,4,14.6,29427.0,6,0,0
1079,0,0,220.3,55989.7,7,0,0
1626,0,0,217.5,60740.6,7,0,0
957,0,0,111.4,26636.2,7,0,0
2001,2,1,671.0,16782.2,1,10,28254646
1991,0,0,148.0,31713.0,7,0,0
1963,2,4,6600.0,38309.6,0,0,0
1930,0,0,296.8,79512.6,7,0,0
1617,2,4,2600.0,4914.6,5,0,0
1996,0,3,46693.0,129825.5,0,0,0
873,2,4,800.0,19640.0,0,0,0
891,2,4,2040.0,31722.5,0,0,0
719,0,3,48128.0,64951.4,0,0,0
804,0,0,24.7,15311.6,7,0,0
1062,2,1,3570.0,21162.4,5,8,41120845
474,2,1,413.0,24999.6,1,13,66767722
1384,0,0,158.0,39553.4,7,0,0
964,0,3,19968.0,40725.0,0,0,0
798,0,3,13900.0,23099.2,0,0,0
972,2,4,21400.0,56124.8,0,0,0
2083,2,4,14.6,44249.1,6,0,0
2022,2,4,14.6,41796.0,6,0,0
1446,2,4,18700.0,43024.8,0,0,0
745,2,4,14.6,12208.1,6,0,0
1984,2,4,12200.0,16800.0,0,0,0
1785,2,1,3943.0,31466.5,5,11,24647236
1779,2,4,14.6,45372.4,6,0,0
1938,0,3,23446.0,61138.6,0,0,0
1605,1,4,15890.0,36051.2,0,0,0
1702,0,3,18146.0,41195.2,0,0,0
1930,2,4,14.6,37681.4,6,0,0
1415,2,4,550.0,20650.5,0,0,0
420,0,3,43396.0,67463.2,0,0,0
1810,0,0,271.1,52618.3,7,0,0
1179,2,1,6358.0,25288.4,5,7,74623369
1579,0,2,2909.0,31463.4,0,6,13290429
1420,0,3,37991.0,88802.1,0,0,0
895,0,0,204.1,51084.6,7,0,0
1145,2,1,957.0,23669.8,1,8,607473
1944,2,1,356.0,60728.3,3,6,25988853
1610,2,1,3403.0,57211.5,1,5,54032
804,2,4,14.6,19221.5,6,0,0
1882,0,3,15236.0,46471.6,0,0,0
1594,2,4,28400.0,84025.6,0,0,0
1596,0,0,94.8,19812.4,7,0,0
1920,2,4,8600.0,23902.1,0,0,0
1835,2,4,2000.0,24964.5,0,0,0
2114,0,0,67.6,15692.2,7,0,0
1083,2,4,2640.0,17718.0,0,0,0
1965,2,4,5350.0,20071.8,0,0,0
1730,2,1,3713.0,75077.2,5,8,23646956
1948,2,4,5800.0,34205.3,0,0,0
1688,0,0,163.8,41960.8,7,0,0
1445,0,0,63.2,11775.0,7,0,0
1704,2,5,900.0,65852.6,0,0,0
1930,0,0,243.2,49789.3,7,0,0
1979,2,4,13200.0,64373.2,0,0,0
329,0,3,6200.0,14588.5,0,0,0
1749,0,0,136.3,32878.4,7,0,0
1900,2,4,14.6,52855.5,6,0,0
1474,2,4,1350.0,24504.3,0,0,0
1445,0,0,117.6,27901.3,7,0,0
2053,0,0,117.9,28929.9,7,0,0
500,0,0,103.9,33922.4,7,0,0
658,0,3,32507.0,109536.8,0,0,0
1515,0,2,4696.0,5096.0,2,9,54123032
1096,2,4,8700.0,30200.5,0,0,0
602,2,4,14700.0,43822.3,0,0,0
1760,0,2,5776.0,27897.9,2,9,49979138
1997,2,1,3666.0,26074.5,5,7,76685434
1753,0,3,900.0,900.0,0,0,0
2074,0,3,36932.0,71496.5,0,0,0
1779,0,0,285.1,65679.6,7,0,0
1779,2,4,14.6,17365.8,6,0,0
288,2,4,14.6,21786.6,6,0,0
1683,2,4,17400.0,30397.6,0,0,0
1476,2,4,14.6,12706.5,6,0,0
1571,2,1,3068.0,29533.9,5,10,53192520
1218,2,4,3000.0,28570.1,0,0,0
1018,0,0,335.4,83903.6,7,0,0
1634,0,2,3371.0,18756.9,0,5,64889794
2140,2,4,2900.0,35537.5,0,0,0
1924,2,4,10500.0,47436.5,0,0,0
2089,2,1,1042.0,35539.4,3,5,7093429
1946,2,4,7600.0,10197.8,0,0,0
1521,2,4,1320.0,39609.9,0,0,0
1900,2,4,14.6,52875.3,6,0,0
1197,2,4,900.0,25315.5,0,0,0
1834,2,4,12000.0,59641.5,0,0,0
1686,2,4,8100.0,14681.7,0,0,0
1733,0,3,1200.0,36244.0,0,0,0
2134,2,4,6000.0,20940.2,0,0,0
955,0,3,39452.0,61510.4,0,0,0
1292,0,0,197.6,48143.5,7,0,0
1445,0,0,139.4,37532.5,7,0,0
622,2,4,14.6,27197.1,6,0,0
1542,2,1,3829.0,18935.2,5,10,62647694
1852,2,1,254.0,11058.1,1,1,90330576
244,2,4,800.0,26329.4,0,0,0
1094,2,4,2240.0,30823.6,0,0,0
653,0,0,110.4,25735.3,7,0,0
2152,2,4,1800.0,38478.5,0,0,0
355,2,1,2212.0,32355.5,5,10,30570674
1476,2,4,14.6,27564.5,6,0,0
948,2,4,1200.0,25444.4,0,0,0
2114,0,0,180.5,38642.8,7,0,0
1858,2,4,4320.0,32318.1,0,0,0
1565,0,0,216.5,49806.6,7,0,0
270,2,4,19500.0,46083.5,0,0,0
1608,2,1,4581.0,22236.6,5,10,9433424
910,2,4,15000.0,34876.2,0,0,0
1657,0,0,129.3,32715.4,7,0,0
505,2,1,1748.0,41621.0,1,10,12887466
804,2,4,14.6,30619.8,6,0,0
1018,0,0,134.8,33419.4,7,0,0
1352,2,4,19700.0,40683.3,0,0,0
1827,2,4,11800.0,53426.5,0,0,0
1596,0,0,144.9,38299.6,7,0,0
689,2,1,177.0,26370.4,3,10,86506151
1353,2,4,14.6,43280.0,6,0,0
773,0,0,96.5,26592.1,7,0,0
1827,2,4,16400.0,45435.4,0,0,0
1108,0,3,700.0,700.0,0,0,0
1563,2,4,4200.0,45575.1,0,0,0
212,0,3,6900.0,18337.0,0,0,0
1841,0,0,72.5,14348.9,7,0,0
1668,0,2,3151.0,36651.3,0,13,74529486
1445,2,4,14.6,28143.8,6,0,0
872,1,4,22150.0,32382.2,0,0,0
1900,0,0,251.7,58904.3,7,0,0
500,0,0,211.7,46545.5,7,0,0
2144,2,4,14.6,21112.1,6,0,0
1414,2,4,14.6,25223.9,6,0,0
1153,0,3,10417.0,34590.7,0,0,0
1631,0,3,6588.0,46518.2,0,0,0
2144,0,0,241.6,62439.6,7,0,0
1489,2,4,21400.0,38228.1,0,0,0
705,2,4,23800.0,49277.5,0,0,0
308,2,4,15300.0,38022.4,0,0,0
1298,2,1,1697.0,21838.3,5,13,70699482
1602,2,4,13000.0,16013.2,0,0,0
2033,2,1,2506.0,24720.0,5,2,8085334
1231,0,0,31.6,14982.2,7,0,0
1239,2,4,3930.0,26906.1,0,0,0
926,2,4,14.6,19129.3,6,0,0
299,2,1,9716.0,62510.3,5,1,72762232
2144,0,0,113.7,29035.9,7,0,0
1708,2,4,6600.0,93912.5,0,0,0
2061,2,1,5546.0,12563.3,5,6,3428757
926,0,0,109.8,27921.5,7,0,0
756,0,2,46312.0,73650.4,0,3,68641763
1732,2,1,1698.0,20619.9,1,12,18512994
2089,2,1,8181.0,41327.3,5,8,72668206
509,0,3,25970.0,54115.3,0,0,0
1725,0,3,22143.0,62521.1,0,0,0
1718,2,4,14.6,28811.8,6,0,0
848,2,1,2107.0,20130.3,5,12,79798763
1756,2,1,982.0,20710.7,5,10,30481368
1991,2,4,14.6,28373.4,6,0,0
2003,2,1,3810.0,34117.2,8,11,59188014
777,2,4,22500.0,56309.3,0,0,0
1701,1,4,6378.0,21706.9,0,0,0
1749,0,0,257.9,63647.7,7,0,0
903,2,1,3311.0,59273.4,1,11,17594236
1935,0,3,17571.0,38611.5,0,0,0
2114,0,0,204.4,49388.9,7,0,0
1823,2,4,1500.0,40848.4,0,0,0
1110,2,4,14.6,29955.0,6,0,0
1084,2,1,7824.0,44481.5,5,13,27985441
1084,0,3,19935.0,67412.6,0,0,0
2073,2,4,3900.0,89145.5,0,0,0
1880,2,4,7400.0,38206.4,0,0,0
1139,0,0,127.6,33931.8,7,0,0
1667,2,1,9044.0,43916.6,5,4,33019089
1749,0,0,200.2,46919.4,7,0,0
1425,2,1,1.0,27777.2,5,10,7648384
2022,0,0,52.1,12660.2,7,0,0
1231,0,0,237.7,48900.4,7,0,0
592,2,4,14.6,43267.0,6,0,0
1811,1,4,10258.0,44975.0,0,0,0
1626,0,0,108.0,26624.8,7,0,0
1697,2,4,8200.0,30176.9,0,0,0
1152,2,1,51.0,27498.6,1,12,32302445
1743,2,4,9100.0,54161.0,0,0,0
2175,0,0,224.7,51971.2,7,0,0
1973,2,1,4201.2,6933.1,8,7,45444989
900,2,1,3024.0,24603.8,5,9,52212673
721,0,2,36430.0,74543.1,0,10,47793597
1105,2,4,500.0,16560.6,0,0,0
1974,2,1,6785.0,22906.3,5,7,64175748
1231,0,0,258.0,60567.3,7,0,0
2126,2,1,1944.0,53957.8,5,8,83157652
1930,2,4,14.6,41861.4,6,0,0
1921,2,4,3300.0,80562.0,0,0,0
1231,2,4,14.6,60376.5,6,0,0
1323,2,4,14.6,38046.4,6,0,0
957,2,4,14.6,31959.9,6,0,0
683,0,0,166.3,35423.5,7,0,0
142,0,2,3242.0,16474.7,0,10,42988401
1565,2,4,14.6,26028.9,6,0,0
907,2,4,12300.0,35108.6,0,0,0
1526,2,4,1020.0,17262.2,0,0,0
2009,0,3,1300.0,71044.2,0,0,0
866,0,3,300.0,300.0,0,0,0
1604,0,3,37372.0,69095.4,0,0,0
1779,0,0,124.0,35875.8,7,0,0
116,2,1,1474.0,48432.0,1,8,32659602
1430,2,4,870.0,25566.2,0,0,0
1231,2,4,1230.0,27502.4,0,0,0
1626,2,4,14.6,37520.5,6,0,0
1810,0,0,141.6,35250.5,7,0,0
1940,0,3,8957.0,44720.3,0,0,0
1596,2,4,14.6,15483.0,6,0,0
1458,2,4,1100.0,24365.0,0,0,0
424,2,4,1400.0,21100.0,0,0,0
1726,2,1,4737.0,21819.4,1,4,92438989
1445,2,4,14.6,29678.1,6,0,0
2153,2,1,214.0,38018.7,5,5,54412794
725,2,4,870.0,21339.4,0,0,0
1149,0,2,4721.0,14032.1,2,9,21938950
1165,2,4,12600.0,48628.3,0,0,0
1148,2,1,1463.0,81344.2,3,7,83404469
1261,0,0,213.9,41780.5,7,0,0
880,2,4,5880.0,54308.6,0,0,0
1792,2,4,2400.0,17613.6,0,0,0
778,0,3,2300.0,28625.7,0,0,0
2124,0,3,24280.0,66783.7,0,0,0
813,0,3,23646.0,46349.8,0,0,0
1975,0,2,5049.0,26935.7,2,4,20870089
1486,2,1,6308.0,24404.7,3,12,47772210
1991,0,0,283.7,26816.3,7,0,0
1111,2,4,4300.0,19833.4,0,0,0
1603,0,3,23485.5,53303.7,0,0,0
1991,2,4,14.6,41720.7,6,0,0
1261,2,4,14.6,43771.8,6,0,0
1609,2,1,49.0,30161.8,3,10,3298998
1681,2,4,24200.0,28780.4,0,0,0
1607,2,1,6258.0,36055.9,5,11,10384375
773,2,4,14.6,18796.9,6,0,0
690,2,1,2694.0,23277.6,5,1,43843287
1026,0,3,23973.0,64406.5,0,0,0
1414,2,4,14.6,32696.4,6,0,0
326,2,1,317.0,27125.8,5,2,17364889
548,2,4,10800.0,42537.8,0,0,0
1726,2,4,3300.0,27561.6,0,0,0
1937,2,1,3349.0,17332.7,1,9,662106
1880,2,1,2601.0,41135.7,5,13,76434039
1763,0,2,3249.0,17212.8,0,5,98464202
1245,2,1,483.0,18003.9,1,5,76135319
1295,2,4,8200.0,26090.4,0,0,0
288,0,0,89.3,26224.8,7,0,0
1626,0,0,153.3,31653.6,7,0,0
2027,0,3,14301.0,36222.0,0,0,0
870,0,3,23311.5,48983.2,0,0,0
1490,0,3,23959.0,54677.7,0,0,0
1930,0,0,188.6,43157.1,7,0,0
1384,0,0,147.6,32032.2,7,0,0
1657,0,0,168.0,41683.4,7,0,0
1353,2,4,14.6,27299.6,6,0,0
1401,2,4,2300.0,40394.6,0,0,0
1485,0,3,20684.0,39458.3,0,0,0
1969,2,1,2200.0,13636.7,5,10,81761723
1210,2,4,22400.0,97117.3,0,0,0
1900,2,4,14.6,49113.9,6,0,0
1200,2,4,14.6,47554.0,6,0,0
1835,2,5,2100.0,55600.8,0,0,0
1504,2,4,14.6,22815.0,6,0,0
1841,2,4,14.6,22406.7,6,0,0
1825,2,4,180.0,17420.5,0,0,0
739,2,4,1500.0,25060.7,0,0,0
1091,2,4,400.0,18121.2,0,0,0
790,2,4,4920.0,22026.0,0,0,0
1395,2,1,6258.0,96949.4,5,11,10384375
1941,2,1,251.0,19095.3,0,4,1312548
1533,2,4,1000.0,32368.1,0,0,0
2022,0,0,138.7,27008.2,7,0,0
1779,0,0,255.0,63712.7,7,0,0
1845,0,3,5100.0,48088.5,0,0,0
1855,0,3,100.0,58381.3,0,0,0
1883,2,1,207.0,24069.6,1,10,62039023
294,2,1,1168.0,40200.9,1,7,37566691
110,0,3,23638.0,59336.1,0,0,0
1018,0,0,105.8,25964.2,7,0,0
745,2,4,14.6,25380.2,6,0,0
1093,2,1,1615.0,33921.6,5,7,86481719
875,0,3,26970.0,52694.2,0,0,0
1766,2,4,3300.0,50006.6,0,0,0
1688,0,0,141.6,38395.3,7,0,0
957,2,4,14.6,36348.4,6,0,0
653,0,0,190.0,53073.3,7,0,0
1930,0,0,304.9,72192.0,7,0,0
1048,0,0,4.8,34829.8,7,0,0
1961,0,0,241.7,43210.5,7,0,0
1275,2,1,3834.0,22973.5,5,11,35646599
2003,0,3,9650.0,30067.5,0,0,0
1907,0,3,4911.0,32893.7,0,0,0
1058,2,4,3000.0,71412.9,0,0,0
408,0,0,53.7,13535.6,7,0,0
1427,2,1,1476.0,24870.3,1,12,11205697
745,0,0,233.6,48073.1,7,0,0
1212,2,1,1783.2,31025.4,8,8,74436640
1749,2,4,14.6,43880.6,6,0,0
1360,2,1,5542.0,34091.6,1,12,28735864
1930,2,4,14.6,20071.6,6,0,0
1333,2,1,3498.0,44303.2,5,11,78556829
1987,2,4,9700.0,53289.4,0,0,0
960,2,4,5100.0,49193.5,0,0,0
1548,2,1,2684.0,17597.1,5,1,35709709
1561,2,4,3300.0,66750.9,0,0,0
2144,2,4,14.6,18783.5,6,0,0
861,2,4,23800.0,46281.7,0,0,0
418,2,1,8127.0,29609.1,5,12,75165712
1701,2,4,8200.0,50875.2,0,0,0
1670,2,1,6968.0,22236.5,5,1,77842962
1487,0,3,14790.0,34698.6,0,0,0
1626,0,0,138.7,29351.3,7,0,0
2022,2,4,14.6,25697.1,6,0,0
1699,2,1,171.0,91642.9,1,2,47398275
1510,2,1,2988.0,17704.5,5,6,13971645
1846,2,1,264.0,19254.0,0,6,28461408
783,0,2,6157.0,28474.8,2,6,80579667
889,2,4,5820.0,13470.5,0,0,0
1445,0,0,54.8,11668.8,7,0,0
1875,2,1,3230.0,10928.6,5,5,18161338
196,0,0,27.2,18433.1,7,0,0
1200,2,4,30.0,41168.3,6,0,0
2029,2,1,1869.0,51301.4,3,12,57666754
834,2,4,14.6,46826.0,6,0,0
1884,0,3,1000.0,44877.9,0,0,0
759,0,3,21231.0,54964.1,0,0,0
1231,0,0,92.3,25436.8,7,0,0
1810,2,4,14.6,30647.0,6,0,0
483,2,4,30500.0,56503.5,0,0,0
1786,2,1,1894.0,23980.8,5,2,72661483
1912,2,1,1683.0,43974.5,5,8,12794989
355,0,2,6060.0,29816.1,2,6,9670401
1494,1,4,8229.0,26235.0,0,0,0
1763,2,1,2243.0,29383.6,5,4,61714267
2022,2,4,14.6,35721.9,6,0,0
1731,2,4,15100.0,53709.0,0,0,0
1414,2,4,14.6,43876.8,6,0,0
1356,0,3,8591.0,49684.5,0,0,0
1448,2,4,8700.0,32299.1,0,0,0
714,0,0,65.5,15896.3,7,0,0
1869,2,4,14.6,16383.9,6,0,0
895,0,0,85.5,18755.6,7,0,0
1514,2,1,656.0,18278.2,5,8,10448074
1459,2,4,360.0,14894.0,0,0,0
2046,0,3,7200.0,30775.0,0,0,0
597,0,2,13201.0,32449.7,0,9,26475405
1362,2,4,8000.0,45030.0,0,0,0
1272,2,1,655.0,16765.8,3,2,41006070
1273,2,4,720.0,16201.3,0,0,0
1825,2,4,1440.0,60486.7,0,0,0
919,2,4,1920.0,28647.3,0,0,0
1090,0,2,4918.0,21522.1,2,3,67591565
474,2,1,133.0,26995.7,1,3,54634529
882,2,4,22240.0,21886.7,0,0,0
1336,0,2,3456.0,16375.7,0,2,81058329
1983,2,4,7250.0,25174.6,0,0,0
1270,2,1,363.0,99749.1,3,11,61662065
2022,0,0,301.4,71712.7,7,0,0
640,0,3,48376.0,97379.3,0,0,0
2067,2,1,2505.0,22196.4,5,10,55160808
2093,0,3,6776.0,25724.7,0,0,0
1810,0,0,128.9,30411.9,7,0,0
1932,2,4,2100.0,30639.8,0,0,0
257,2,4,14.6,45608.5,6,0,0
773,0,0,39.5,20433.5,7,0,0
2114,2,4,30.0,910.5,6,0,0
1754,0,3,23347.0,89770.5,0,0,0
1775,0,3,43275.0,75418.3,0,0,0
1130,2,4,1410.0,21458.2,0,0,0
1986,2,4,20800.0,63698.7,0,0,0
1395,2,1,3257.0,25627.7,5,4,53911006
557,2,4,12000.0,39159.1,0,0,0
2059,0,2,4951.0,30365.9,2,11,26536172
1841,0,0,150.0,24438.6,7,0,0
1779,2,4,14.6,48375.2,6,0,0
1882,2,1,5742.0,54866.1,5,10,1695228
1535,0,0,205.2,46567.4,7,0,0
1323,0,0,76.6,24628.5,7,0,0
1027,0,3,13766.0,42108.3,0,0,0
2144,0,0,107.5,26029.2,7,0,0
1414,2,4,14.6,16167.4,6,0,0
1930,0,0,80.4,15350.3,7,0,0
1688,2,4,14.6,22597.5,6,0,0
709,2,4,2240.0,51379.1,0,0,0
1827,2,4,960.0,31018.8,0,0,0
1946,2,4,4500.0,34375.3,0,0,0
2022,0,0,89.4,20110.1,7,0,0
671,2,4,4920.0,32505.8,0,0,0
1909,2,1,1794.0,30709.8,5,3,22016549
1689,2,4,480.0,18957.3,0,0,0
2093,2,1,3877.0,23685.1,5,6,81498741
1352,0,3,3100.0,23649.0,0,0,0
2013,2,4,4080.0,31380.6,0,0,0
2114,2,4,14.6,9356.1,6,0,0
1515,2,4,3040.0,13975.5,0,0,0
1048,0,0,243.0,70968.4,7,0,0
1791,2,5,1300.0,77904.8,0,0,0
1151,2,4,1000.0,22738.8,0,0,0
2022,2,4,14.6,63736.4,6,0,0
1079,0,0,239.2,67252.5,7,0,0
1323,0,0,385.8,90176.4,7,0,0
1261,2,4,100.0,28651.3,6,0,0
1261,0,0,116.4,30411.6,7,0,0
1930,0,0,159.5,37156.3,7,0,0
2053,0,0,441.9,89427.8,7,0,0
1489,2,1,5742.0,67019.1,5,10,1695228
2151,0,3,600.0,65662.4,0,0,0
1626,2,4,14.6,43759.4,6,0,0
2091,2,1,1835.0,26741.5,1,9,30830097
1582,2,4,2200.0,45918.5,0,0,0
1618,0,3,10865.0,21457.5,0,0,0
1208,2,1,3223.0,21755.3,5,10,47185248
1516,2,1,1969.0,13777.0,5,2,63955408
1367,0,3,16369.0,36485.4,0,0,0
952,2,4,200.0,27912.9,0,0,0
1639,2,1,6970.0,8023.5,3,12,92272942
773,0,0,186.3,37158.9,7,0,0
443,1,4,7891.0,9927.3,0,0,0
2114,0,0,96.3,23447.2,7,0,0
1453,0,2,3212.0,19434.2,0,9,46276778
1395,0,3,5322.0,35529.1,0,0,0
971,0,2,23035.0,44602.2,0,4,39485311
1353,0,0,150.2,43753.4,7,0,0
2022,0,0,56.0,14025.1,7,0,0
2078,2,4,7100.0,11920.4,0,0,0
1943,2,1,2684.0,21713.3,5,1,35709709
1655,2,4,1000.0,37986.0,0,0,0
1170,2,4,14.6,67506.7,6,0,0
280,2,4,37500.0,66067.0,0,0,0
2097,2,1,7896.0,87178.8,5,7,13424891
1542,0,2,27343.0,77987.1,0,10,61475825
605,2,1,2687.0,66404.3,5,8,13841212
1731,0,3,14878.0,23342.3,0,0,0
752,0,3,8164.0,26869.1,0,0,0
1779,0,0,96.1,24225.3,7,0,0
1723,2,1,62.0,34823.2,1,11,15932035
1079,0,0,90.9,21711.8,7,0,0
196,0,0,189.3,44815.6,7,0,0
257,0,0,149.8,27792.1,7,0,0
2122,0,3,10389.0,71007.4,0,0,0
1900,0,0,134.2,33931.4,7,0,0
872,0,3,11498.0,32283.6,0,0,0
999,2,1,157.0,28749.9,3,5,85222345
622,0,0,131.5,33280.2,7,0,0
1244,0,3,1400.0,20211.1,0,0,0
2150,2,1,6948.0,62240.5,5,12,99955695
1087,2,1,29.0,33340.2,1,2,26807791
1756,0,2,36430.0,73913.5,0,10,47793597
1596,1,4,5594.0,75627.7,0,0,0
1431,2,4,4800.0,30121.0,0,0,0
2158,0,3,32856.0,81012.4,0,0,0
1144,2,1,2410.0,24013.1,1,12,4672742
1688,2,4,14.6,54718.2,6,0,0
1231,0,0,75.5,27386.6,7,0,0
1730,2,1,2515.0,59448.7,5,8,24967217
1237,2,1,13711.0,34012.7,5,5,12003517
2090,2,1,7454.0,21203.5,5,5,15116119
2111,1,4,10013.0,23764.4,0,0,0
2083,2,4,3800.0,19708.3,0,0,0
2068,2,4,14100.0,45885.9,0,0,0
1975,2,1,4231.0,17540.0,5,2,53045350
2083,0,0,76.7,17883.8,7,0,0
1900,2,4,14.6,25825.5,6,0,0
1143,2,4,24800.0,54217.4,0,0,0
1816,0,3,4896.0,61782.3,0,0,0
1939,2,1,2271.0,41111.8,5,4,53632640
2030,2,1,659.0,33718.6,3,12,68231224
834,2,4,14.6,15630.7,6,0,0
1323,2,4,14.6,24614.6,6,0,0
208,0,3,17478.0,37804.1,0,0,0
1476,2,4,14.6,16094.9,6,0,0
375,2,4,1300.0,55356.9,0,0,0
196,2,4,14.6,40406.8,6,0,0
1976,2,4,1500.0,13472.9,0,0,0
1117,2,4,6600.0,27598.5,0,0,0
1930,2,4,14.6,14175.9,6,0,0
2040,0,3,1700.0,35666.5,0,0,0
865,2,4,14.6,37781.1,6,0,0
2004,2,1,2251.0,13890.6,1,1,28422999
1900,2,4,14.6,76043.4,6,0,0
2158,2,1,2201.0,14673.5,1,5,21271294
834,2,4,16900.0,44191.2,0,0,0
2051,2,4,10200.0,53758.0,0,0,0
1335,2,4,2300.0,37241.8,0,0,0
892,0,3,2500.0,30081.0,0,0,0
1927,2,4,4500.0,49037.8,0,0,0
1810,2,4,30.0,32749.4,6,0,0
1782,2,4,420.0,13817.3,0,0,0
1961,0,0,316.0,74399.8,7,0,0
2175,0,0,204.1,51689.3,7,0,0
1023,0,2,14918.0,48974.8,0,7,79855638
1913,2,4,3400.0,22858.2,0,0,0
1172,2,4,2400.0,21374.5,0,0,0
1718,2,4,14.6,46430.3,6,0,0
601,2,1,4773.0,34030.4,5,4,26513684
2083,0,0,185.7,45518.3,7,0,0
1397,2,1,1361.0,32086.8,3,9,4520500
2114,2,4,14.6,43718.3,6,0,0
720,2,1,66.0,28393.7,5,1,20696419
1340,2,4,17500.0,44383.6,0,0,0
1810,0,0,259.6,66750.3,7,0,0
1647,2,4,1900.0,42473.3,0,0,0
1758,0,2,3101.0,28897.9,0,7,3592759
2158,0,3,1900.0,16048.8,0,0,0
1734,2,4,2200.0,56625.7,0,0,0
950,2,4,2100.0,24676.8,0,0,0
1782,2,4,4200.0,11179.2,0,0,0
1688,2,4,14.6,43323.7,6,0,0
1200,2,4,14.6,22752.9,6,0,0
2072,0,3,6000.0,57246.7,0,0,0
1820,2,4,1600.0,51640.6,0,0,0
2144,2,4,14.6,77922.7,6,0,0
2093,2,4,41900.0,80153.7,0,0,0
1841,2,4,14.6,21257.4,6,0,0
1818,0,3,14076.0,80789.0,0,0,0
2120,2,1,709.0,48026.9,5,11,67909365
2114,2,4,14.6,50834.9,6,0,0
718,2,4,1320.0,42945.1,0,0,0
1810,0,0,205.1,53156.0,7,0,0
358,2,4,2320.0,14880.3,0,0,0
1565,0,0,292.3,42592.9,7,0,0
1396,2,1,68.0,30429.7,3,3,62852764
756,2,1,1953.0,12169.5,5,6,64831554
1278,0,3,1700.0,28657.9,0,0,0
628,0,2,40486.0,95778.4,0,5,7372451
2067,2,1,232.0,14970.3,5,2,2758771
1425,2,4,3400.0,29357.0,0,0,0
1939,2,4,5520.0,17477.1,0,0,0
1936,0,3,400.0,62043.2,0,0,0
1991,0,0,346.9,90319.2,7,0,0
834,0,0,52.7,18003.7,7,0,0
1841,0,0,99.2,19085.7,7,0,0
1573,0,3,13291.0,13591.0,0,0,0
1459,2,1,6249.0,48115.4,5,13,58973252
2117,2,4,3900.0,17095.1,0,0,0
1810,0,0,145.7,35545.4,7,0,0
1245,0,3,200.0,38459.8,0,0,0
2083,2,4,14.6,26790.3,6,0,0
1596,0,0,184.2,45009.8,7,0,0
1023,0,3,1900.0,39089.6,0,0,0
683,2,4,14.6,23194.7,6,0,0
1640,2,1,7601.0,36659.8,5,7,26473224
1575,2,4,8400.0,4190.3,0,0,0
1455,2,4,4800.0,47096.1,0,0,0
1841,0,0,54.1,12434.7,7,0,0
1476,0,0,60.5,12685.9,7,0,0
2002,2,1,3423.0,11974.7,5,13,33194816
1277,2,5,2400.0,59664.7,0,0,0
1472,2,4,2000.0,25997.2,0,0,0
479,1,4,4051.0,48345.4,0,0,0
1504,2,4,14.6,68970.5,6,0,0
1348,2,4,31200.0,37808.2,0,0,0
1565,0,0,63.3,14884.4,7,0,0
2053,0,0,18.0,4363.5,7,0,0
1930,2,4,14.6,22642.0,6,0,0
2061,2,1,3520.0,28997.2,5,8,47369968
1942,2,1,3093.0,17109.6,5,6,47621411
1227,2,4,500.0,32534.4,0,0,0
262,0,2,4636.0,5436.0,2,11,15336639
1900,0,0,164.5,40539.8,7,0,0
2107,2,4,16700.0,19569.3,0,0,0
1749,2,4,14.6,31552.4,6,0,0
1513,0,3,14933.0,40719.2,0,0,0
1609,2,1,859.0,17869.8,1,10,34597045
1080,2,4,8700.0,53896.3,0,0,0
1793,2,5,800.0,89431.3,0,0,0
1395,2,1,2122.0,25283.7,5,8,91693257
1036,0,3,1700.0,41662.3,0,0,0
365,0,3,1500.0,41040.2,0,0,0
739,2,4,800.0,20058.9,0,0,0
1991,0,0,80.6,19258.9,7,0,0
1535,0,0,79.9,26093.3,7,0,0
818,2,4,2040.0,66181.2,0,0,0
1834,2,4,480.0,20839.5,0,0,0
1118,2,4,500.0,37809.0,0,0,0
1282,2,4,19400.0,35820.9,0,0,0
1077,2,4,10700.0,39892.2,0,0,0
230,0,3,8500.0,13360.0,0,0,0
1841,2,4,14.6,17233.5,6,0,0
1961,0,0,184.5,35060.7,7,0,0
1449,1,4,8939.0,52537.3,0,0,0
1092,2,4,14400.0,43893.3,0,0,0
1576,0,2,39531.0,59853.4,0,10,74940770
1144,0,3,6502.0,20245.6,0,0,0
815,2,1,2140.0,101899.4,1,12,41707503
1883,2,4,5160.0,28769.8,0,0,0
1596,0,0,247.8,69539.3,7,0,0
1610,2,4,18720.0,15759.9,0,0,0
1210,0,3,10114.0,29060.4,0,0,0
2149,2,1,3024.0,23420.3,5,9,52212673
1814,2,4,35200.0,66106.0,0,0,0
957,0,0,129.8,30101.1,7,0,0
1848,2,1,5194.0,28896.4,5,5,16977686
1718,0,0,75.5,19045.0,7,0,0
1851,0,2,4435.0,24611.9,2,9,42227661
1490,2,1,426.0,15600.6,5,8,21928644
1476,2,4,6600.0,16333.3,0,0,0
1304,0,3,12194.0,25749.4,0,0,0
1362,2,1,2607.0,22428.1,1,12,80508869
1200,0,0,25.0,20040.0,7,0,0
1175,0,2,26736.0,27136.0,0,5,18398535
1841,0,0,199.7,47270.7,7,0,0
1810,0,0,95.9,23171.2,7,0,0
1515,2,1,1506.0,41432.8,1,11,59266370
363,0,3,12894.0,45664.4,0,0,0
1261,0,0,166.2,37014.4,7,0,0
1565,2,4,14.6,23201.9,6,0,0
1961,0,0,188.4,45253.5,7,0,0
1635,2,1,6810.0,29244.6,5,9,11262268
1565,0,0,78.3,20942.0,7,0,0
1131,2,4,64100.0,53730.9,0,0,0
1810,0,0,190.3,72650.6,7,0,0
1657,2,4,14.6,43187.3,6,0,0
773,0,0,46.2,14921.9,7,0,0
728,2,4,1680.0,15444.6,0,0,0
437,2,4,12800.0,45422.6,0,0,0
1968,2,1,34.0,64327.0,1,9,69750815
1504,0,0,230.6,55283.6,7,0,0
1458,2,4,810.0,14636.8,0,0,0
192,2,4,11800.0,32408.1,0,0,0
633,2,4,8100.0,32674.2,0,0,0
1935,2,1,5260.0,42771.4,5,8,78745192
2114,2,4,200.0,15637.4,0,0,0
1255,2,4,5200.0,26718.7,0,0,0
1841,2,4,14.6,45334.7,6,0,0
808,2,4,8900.0,47568.3,0,0,0
1445,0,0,64.7,16023.0,7,0,0
141,0,3,500.0,500.0,0,0,0
1971,2,1,127.0,29055.3,1,10,98634075
1337,0,2,34430.0,98982.2,0,8,60737144
1390,2,1,3189.0,28082.9,5,7,75157016
714,2,4,14.6,22657.4,6,0,0
999,2,1,5700.3,27325.0,8,10,35646581
2034,2,1,4744.0,53475.1,3,3,19441080
1810,0,0,147.0,30551.1,7,0,0
1663,2,1,1637.0,8936.8,1,10,31071788
1323,2,4,14.6,23215.5,6,0,0
970,2,1,2248.0,75448.2,5,2,83092337
1194,0,3,30639.0,83868.7,0,0,0
1833,2,4,3900.0,96277.6,0,0,0
1841,0,0,92.7,14683.3,7,0,0
2001,2,4,11100.0,45693.8,0,0,0
1638,2,1,7636.0,6971.1,8,4,45261365
1535,0,0,78.9,20756.0,7,0,0
2160,2,4,8500.0,63670.8,0,0,0
2026,0,3,13380.0,72609.6,0,0,0
2043,2,4,6700.0,82335.1,0,0,0
1427,2,4,100.0,31650.3,0,0,0
1535,0,0,143.4,51099.3,7,0,0
1823,2,4,600.0,32614.8,0,0,0
1367,2,4,12000.0,32462.2,0,0,0
2005,2,1,4607.0,16713.5,1,1,14122963
1755,2,4,34000.0,65880.9,0,0,0
2053,0,0,87.0,18408.9,7,0,0
2053,2,4,14.6,12956.4,6,0,0
2053,0,3,30147.0,115926.9,0,0,0
1991,0,0,175.1,44657.3,7,0,0
1875,2,1,7022.0,42665.5,1,6,35131472
1657,0,0,214.6,57904.5,7,0,0
1869,2,4,14.6,38339.1,6,0,0
1999,2,4,39800.0,40183.4,0,0,0
1504,0,0,147.3,36078.1,7,0,0
1875,2,4,9900.0,-12886.7,0,0,0
1853,2,1,974.0,45668.9,5,8,66005611
2066,0,2,5899.0,20615.9,2,7,29009521
1231,0,0,91.2,22552.3,7,0,0
1596,2,4,14.6,25757.1,6,0,0
1596,2,4,14.6,18250.1,6,0,0
1631,2,1,3.0,36411.9,3,10,83123987
1476,0,0,140.4,15232.6,7,0,0
1657,2,4,14.6,48970.4,6,0,0
1150,0,3,7360.0,21936.4,0,0,0
1384,0,3,39151.0,159286.4,0,0,0
667,2,1,3009.0,18320.2,5,3,94832020
1125,0,3,29438.0,35492.3,0,0,0
1791,0,3,18064.5,42436.8,0,0,0
413,2,1,538.0,30951.5,1,8,83567636
1270,2,1,3285.0,18071.3,5,6,36175376
1683,2,4,2600.0,22834.2,0,0,0
620,0,3,8807.0,92739.8,0,0,0
2039,1,4,9411.0,31579.7,0,0,0
1934,2,4,1200.0,16824.3,0,0,0
1930,2,4,30.0,77320.7,6,0,0
1640,2,1,1169.0,16298.8,5,6,96231013
210,2,4,3600.0,61813.2,0,0,0
2120,2,4,1800.0,24094.9,0,0,0
1811,2,5,1800.0,60099.9,0,0,0
1606,1,4,6676.0,57464.6,0,0,0
1226,1,4,6467.0,67403.6,0,0,0
865,0,3,33322.0,73649.2,0,0,0
658,2,1,5245.0,58902.0,5,11,71221321
1231,0,0,156.6,73010.3,7,0,0
1812,2,4,1400.0,47891.9,0,0,0
135,0,0,287.5,97022.3,7,0,0
1371,2,4,8300.0,53228.8,0,0,0
475,0,3,1600.0,24159.3,0,0,0
1110,0,0,163.1,28939.7,7,0,0
1941,2,4,4440.0,31621.1,0,0,0
1912,2,1,931.0,46433.1,1,2,97181409
2083,0,0,128.6,25648.7,7,0,0
1756,2,1,20.0,27885.2,3,7,47094911
1163,2,4,7000.0,38302.0,0,0,0
804,0,0,96.8,23615.2,7,0,0
445,2,1,7567.0,19429.2,1,5,49652427
1688,2,4,14.6,39587.8,6,0,0
1789,2,1,776.0,52058.1,1,9,61091714
997,2,4,15500.0,102560.0,0,0,0
1657,0,0,164.5,59864.2,7,0,0
892,2,4,11600.0,22577.9,0,0,0
51,0,3,13110.0,13510.0,0,0,0
1518,2,1,694.0,31592.8,5,3,12642550
1703,2,4,4700.0,34035.8,0,0,0
1579,2,1,780.0,35567.7,5,9,12963968
1504,0,0,52.3,13320.7,7,0,0
1364,2,1,2141.0,10550.6,0,3,18685001
1879,2,1,12531.0,30853.6,1,4,24649799
227,0,0,205.4,42263.8,7,0,0
665,2,4,3600.0,27937.5,0,0,0
1900,0,0,323.1,83655.6,7,0,0
1975,0,3,6496.0,59836.7,0,0,0
1447,2,4,480.0,28256.3,0,0,0
1535,0,0,103.6,22456.9,7,0,0
935,2,4,2700.0,57310.1,0,0,0
1787,2,1,247.0,93678.4,3,12,78589880
570,2,1,2637.0,21784.7,1,1,12512219
530,0,0,111.7,20190.7,7,0,0
2022,2,4,14.6,24113.2,6,0,0
1239,2,1,6446.0,41730.5,5,1,70839428
530,0,0,92.0,36905.0,7,0,0
1817,2,4,4800.0,96541.2,0,0,0
1430,2,4,2300.0,45544.9,0,0,0
453,2,1,3009.0,23566.7,5,3,94832020
1335,2,1,1712.0,17149.6,5,5,49249744
1323,2,4,14.6,37231.1,6,0,0
1682,2,4,1500.0,21862.0,0,0,0
1535,2,4,14.6,45184.6,6,0,0
1422,2,1,3964.0,21108.1,5,3,82399522
905,0,3,8000.0,18020.7,0,0,0
1386,2,4,11600.0,21727.4,0,0,0
776,0,3,6398.0,56843.6,0,0,0
1101,2,4,3900.0,10692.0,0,0,0
1150,2,1,4885.0,47955.2,1,6,46831309
1391,0,3,39547.0,135382.7,0,0,0
2054,0,3,400.0,31019.4,0,0,0
1025,2,4,12500.0,6839.1,5,0,0
1881,2,1,2774.0,20576.3,5,10,18965119
1323,0,0,112.3,27553.4,7,0,0
1626,0,0,146.8,23871.8,7,0,0
1961,2,4,14.6,19742.3,6,0,0
1789,2,1,1773.0,35244.0,1,7,65591120
1643,2,4,11200.0,20926.1,0,0,0
993,0,3,23638.0,73573.5,0,0,0
1758,2,1,3711.0,49165.3,5,9,32653641
1689,2,4,15500.0,58479.2,0,0,0
1760,2,1,2144.0,26742.8,1,7,62003463
2169,2,4,1200.0,22072.1,0,0,0
1573,2,1,8940.0,40890.5,5,11,67060506
318,2,4,14.6,35237.1,6,0,0
1519,2,4,5800.0,31848.3,0,0,0
870,2,4,15700.0,25558.0,0,0,0
2144,0,0,207.7,50762.3,7,0,0
530,2,4,14.6,13761.4,6,0,0
749,2,4,10500.0,59283.8,0,0,0
1908,0,2,38167.0,56886.3,0,5,51305174
1589,2,4,1500.0,32615.9,0,0,0
1504,0,0,150.7,38630.5,7,0,0
1429,0,3,500.0,25984.2,0,0,0
1025,0,3,3900.0,17336.8,0,0,0
484,0,3,41075.0,89013.7,0,0,0
689,2,1,141.0,33456.5,3,3,83359431
2119,2,5,1200.0,77127.1,0,0,0
1664,2,4,5880.0,19566.0,0,0,0
1721,0,3,18185.0,62992.8,0,0,0
2113,2,4,2200.0,42070.3,0,0,0
465,2,4,2800.0,24763.4,0,0,0
1539,1,4,23856.0,67117.0,0,0,0
1823,0,3,21431.0,74147.3,0,0,0
1418,2,4,7000.0,70815.9,0,0,0
1549,2,1,426.0,19545.9,5,8,21928644
1837,0,3,3400.0,30537.8,0,0,0
1398,2,1,4149.0,48437.6,5,10,69178992
1718,0,0,93.4,21847.8,7,0,0
1080,2,4,1080.0,31543.6,0,0,0
1535,0,0,222.2,56750.7,7,0,0
1840,2,4,8200.0,13364.0,0,0,0
1452,2,1,3354.0,33854.6,5,12,54261672
1489,1,4,16781.0,75970.1,0,0,0
1079,0,0,138.1,32110.5,7,0,0
895,2,4,14.6,27096.6,6,0,0
1296,2,4,600.0,24391.9,0,0,0
1846,2,4,900.0,31575.2,0,0,0
1900,0,0,74.3,19399.9,7,0,0
1901,2,4,7500.0,36595.6,0,0,0
2088,2,1,3254.0,18083.4,5,6,24701452
1384,0,0,225.7,76307.0,7,0,0
888,2,4,29300.0,13603.9,0,0,0
2048,2,4,2700.0,11622.8,0,0,0
2128,2,1,5615.0,13472.5,5,10,66906124
1602,0,2,5106.0,31224.8,2,13,16341048
1596,0,0,69.0,16871.8,7,0,0
1722,2,4,2600.0,26300.4,0,0,0
1718,0,0,126.5,31085.2,7,0,0
1571,0,2,6918.0,14036.0,2,5,66863059
1018,0,0,174.9,33892.5,7,0,0
1937,2,1,1930.0,19853.4,5,6,52041840
2144,2,4,14.6,45943.6,6,0,0
1877,2,1,430.0,58428.1,3,5,58432865
1488,2,1,2118.0,15618.6,5,11,56898051
393,2,1,2907.0,49908.6,3,9,23320967
804,2,4,14.6,20052.0,6,0,0
1801,2,4,4100.0,54192.8,0,0,0
1942,2,1,4393.8,93394.2,8,12,43853229
388,2,1,2204.0,13500.9,0,6,70317125
1553,0,3,600.0,26451.9,0,0,0
1596,0,0,125.1,31938.9,7,0,0
1690,2,4,2100.0,23175.7,0,0,0
573,2,1,4301.0,25184.2,1,7,96111678
1535,0,0,62.6,14086.8,7,0,0
2103,2,4,6100.0,39897.0,0,0,0
1852,0,3,17465.0,38744.8,0,0,0
1699,0,2,3390.0,21558.2,0,1,570375
1947,0,3,47362.0,92861.9,0,0,0
1943,2,4,1350.0,17880.1,0,0,0
714,2,4,14.6,15561.1,6,0,0
1668,2,4,600.0,36847.7,0,0,0
771,2,4,1520.0,17353.6,0,0,0
1727,0,2,6432.0,21542.9,2,12,45791804
2128,2,1,2471.0,53424.9,5,10,36944615
1205,2,4,43500.0,96677.6,0,0,0
1961,2,4,14.6,48579.7,6,0,0
1732,0,3,20567.0,59667.4,0,0,0
1627,1,4,18432.0,110142.1,0,0,0
2127,0,3,14300.0,32229.6,0,0,0
1688,2,4,14.6,30103.9,6,0,0
1292,0,0,112.9,27708.5,7,0,0
1466,2,4,7600.0,36858.3,0,0,0
630,2,1,502.0,41840.0,5,4,19993174
1360,2,1,7524.0,46239.7,5,6,58785599
327,0,2,20664.0,56832.5,0,10,92881422
1170,2,4,14.6,45843.6,6,0,0
1600,2,4,10200.0,26314.6,0,0,0
1445,0,0,65.5,13683.6,7,0,0
1640,0,3,12509.0,27724.8,0,0,0
1693,2,1,12.0,21611.9,3,7,36082929
603,0,3,18908.0,42558.3,0,0,0
2080,2,4,20100.0,71855.3,0,0,0
1657,0,0,234.1,53755.3,7,0,0
1784,2,4,6500.0,30431.5,0,0,0
1292,2,4,14.6,56824.4,6,0,0
1657,2,4,30.0,42793.3,6,0,0
1961,0,0,145.1,25898.7,7,0,0
393,0,3,15914.0,39277.3,0,0,0
1450,2,1,236.0,15905.0,0,5,87259512
1211,0,2,3147.0,16980.5,0,12,62861180
786,2,4,200.0,21516.4,0,0,0
891,2,4,3600.0,46355.5,0,0,0
262,2,1,7266.0,13898.5,5,9,13943797
1979,2,4,8200.0,11717.3,0,0,0
1336,1,4,11964.0,55658.6,0,0,0
1178,2,1,5120.0,24341.7,5,9,92529356
1665,0,3,16933.0,41429.2,0,0,0
1476,0,0,120.4,24183.8,7,0,0
230,0,3,1900.0,19964.2,0,0,0
2151,0,2,4821.0,25147.0,2,12,86025642
1231,2,4,14.6,50203.4,6,0,0
1323,2,4,14.6,33683.1,6,0,0
1200,2,4,14.6,22085.5,6,0,0
569,2,1,7887.0,20210.2,5,11,69087219
1468,2,4,2520.0,58395.0,0,0,0
530,0,0,168.0,41510.4,7,0,0
2124,0,3,18946.0,53679.0,0,0,0
393,0,2,11237.0,32391.0,0,2,4289520
956,0,3,38119.0,38419.0,0,0,0
714,0,0,106.3,23601.2,7,0,0
1912,2,1,1951.0,77483.2,8,3,399
1930,2,4,1400.0,25914.7,0,0,0
1779,2,4,14.6,17381.1,6,0,0
1475,0,3,400.0,13118.2,0,0,0
2066,2,1,6086.0,16412.4,5,3,79027634
1645,2,4,4500.0,44863.6,0,0,0
1638,2,1,5129.5,34466.8,8,5,28541732
1023,0,3,11548.0,34651.0,0,0,0
1878,2,4,6100.0,20229.4,0,0,0
1085,0,2,3300.0,4100.0,0,11,19261747
1991,0,0,82.3,20595.8,7,0,0
675,2,4,1440.0,48604.0,0,0,0
1626,0,0,169.1,38423.5,7,0,0
1695,0,3,8630.0,26400.1,0,0,0
635,2,1,2120.0,28972.1,5,9,79819476
745,2,4,14.6,22814.0,6,0,0
762,0,3,400.0,20085.9,0,0,0
1966,0,2,5046.0,23830.4,2,10,44406443
1535,0,0,85.5,21027.2,7,0,0
1930,0,0,189.7,37365.5,7,0,0
1090,0,3,12537.0,44330.6,0,0,0
895,2,4,14.6,36334.6,6,0,0
1476,2,4,14.6,14667.9,6,0,0
2083,0,0,266.6,54467.7,7,0,0
569,2,1,2493.0,74221.2,3,2,2489036
987,2,4,14.6,78561.6,6,0,0
896,2,4,2880.0,39378.4,0,0,0
2053,0,0,115.5,28836.1,7,0,0
1793,0,3,700.0,15438.5,0,0,0
1353,0,0,248.0,60769.4,7,0,0
1079,0,0,146.0,33442.5,7,0,0
1596,0,0,136.1,34341.4,7,0,0
2053,0,0,72.6,18829.4,7,0,0
1869,2,4,14.6,32901.6,6,0,0
1145,2,1,4381.0,10820.3,5,10,13122338
2127,2,1,21.0,10873.0,1,13,77722441
1343,2,4,3920.0,18672.5,0,0,0
822,0,3,6879.0,75848.4,0,0,0
365,2,4,2000.0,20587.4,0,0,0
847,0,2,5718.0,24625.1,2,11,45134812
2083,2,4,30.0,32689.9,6,0,0
2022,2,4,14.6,13217.1,6,0,0
1898,1,4,12247.0,73201.7,0,0,0
2175,0,0,131.0,32351.7,7,0,0
1052,2,4,9600.0,5844.9,0,0,0
2083,0,0,67.2,16687.1,7,0,0
1913,2,4,3600.0,20445.0,0,0,0
804,0,0,203.9,52805.8,7,0,0
1935,2,1,3242.0,21905.2,5,7,85706555
1510,0,3,20662.0,58617.3,0,0,0
992,0,3,5015.0,37699.5,0,0,0
1312,0,3,3500.0,24576.2,0,0,0
1139,0,0,141.6,34627.7,7,0,0
1275,0,3,16160.0,81280.3,0,0,0
1718,0,0,208.5,51849.8,7,0,0
1398,2,1,3816.0,76140.1,5,6,63791805
1323,2,4,14.6,30063.2,6,0,0
952,2,4,3800.0,30336.3,0,0,0
1504,2,4,14.6,19072.1,6,0,0
1913,2,1,747.0,56608.8,1,7,53443789
1657,2,4,14.6,27925.0,6,0,0
1936,1,4,7049.0,61336.7,0,0,0
1935,2,4,1200.0,18499.7,0,0,0
1486,0,3,10976.0,32285.3,0,0,0
1436,2,4,2400.0,53355.1,0,0,0
1879,0,3,14758.0,48396.0,0,0,0
1596,0,0,38.6,24490.7,7,0,0
1839,2,4,2040.0,15733.1,0,0,0
937,2,4,6100.0,23904.5,0,0,0
1261,0,0,62.8,15449.4,7,0,0
909,0,2,23035.0,61037.6,0,4,39485311
1390,0,3,8535.0,40175.2,0,0,0
926,0,0,126.4,27878.3,7,0,0
1504,0,0,152.6,36754.6,7,0,0
1818,1,4,16870.0,33455.6,0,0,0
926,2,4,14.6,38710.2,6,0,0
2144,0,0,81.6,18994.3,7,0,0
1816,2,4,1800.0,40939.1,0,0,0
561,0,0,65.2,15605.3,7,0,0
1731,2,1,390.0,28004.7,1,8,7009309
1991,2,4,100.0,123280.0,6,0,0
2053,0,0,279.7,68178.3,7,0,0
1640,0,2,3292.0,18751.8,0,11,5928922
1635,0,3,4819.0,17448.7,0,0,0
1110,2,4,30.0,24820.2,6,0,0
745,0,0,187.6,38628.8,7,0,0
1899,2,4,700.0,25051.5,0,0,0
1725,0,3,22119.0,72439.9,0,0,0
1935,0,3,16457.0,58411.4,0,0,0
2155,2,4,19200.0,91711.6,0,0,0
1550,2,4,1120.0,15286.5,0,0,0
2049,2,4,19900.0,59005.3,0,0,0
535,2,1,5807.0,31707.6,5,7,20774019
1451,2,4,3120.0,60113.5,0,0,0
1991,0,0,173.1,28617.5,7,0,0
1974,2,1,5791.0,26009.0,5,7,60921382
1430,2,4,3900.0,32583.7,0,0,0
1841,0,0,252.9,29900.8,7,0,0
1487,2,4,13700.0,51900.5,0,0,0
1679,2,4,11600.0,45407.9,0,0,0
1824,0,2,42608.0,71215.8,0,8,26026225
1982,2,4,28960.0,62529.4,0,0,0
1631,0,3,15984.0,49348.2,0,0,0
2060,2,4,22800.0,97960.6,0,0,0
1322,2,4,18000.0,56259.3,0,0,0
640,0,3,6600.0,17909.7,0,0,0
1018,2,4,14.6,42373.2,6,0,0
1597,2,4,11900.0,43661.9,0,0,0
1333,2,1,1242.0,26336.4,1,1,55569523
1263,2,4,3700.0,28661.6,0,0,0
1476,0,0,107.6,42357.4,7,0,0
415,0,3,20950.0,63119.2,0,0,0
1534,0,3,14378.0,100445.4,0,0,0
1018,0,0,70.2,17579.2,7,0,0
2022,0,0,105.3,21974.2,7,0,0
1612,2,4,30000.0,34157.4,0,0,0
1110,2,4,14.6,24661.0,6,0,0
1239,2,4,2640.0,43982.8,0,0,0
714,0,0,225.7,68358.9,7,0,0
2031,2,4,1800.0,28307.3,0,0,0
530,0,0,224.4,84483.6,7,0,0
1335,2,4,3700.0,31221.4,0,0,0
1018,2,4,14.6,59664.3,6,0,0
1079,2,4,14.6,36238.6,6,0,0
1810,2,4,14.6,11460.3,6,0,0
2112,0,3,10002.0,75803.3,0,0,0
1245,2,4,77700.0,-929.1,0,0,0
1565,2,4,14.6,23227.2,6,0,0
2058,2,4,15300.0,43674.3,0,0,0
1971,2,4,13500.0,46564.2,0,0,0
469,2,4,14.6,18312.8,6,0,0
1991,2,4,14.6,17929.4,6,0,0
1698,0,3,33421.0,88079.2,0,0,0
1511,2,1,2180.0,14704.8,0,10,2693307
1841,0,0,95.4,16552.5,7,0,0
1589,2,4,16300.0,21432.4,0,0,0
1384,0,0,158.9,32851.3,7,0,0
736,2,4,15800.0,44790.2,0,0,0
2027,0,2,49519.0,91348.1,0,11,84626191
1018,2,4,14.6,38831.9,6,0,0
2144,0,0,150.3,38754.1,7,0,0
1626,0,0,213.7,36321.3,7,0,0
1666,0,2,3993.0,36471.0,0,3,48930692
1420,2,1,3599.0,25374.2,5,6,69196706
1090,2,1,5728.0,51933.3,1,2,24443286
1048,2,4,14.6,32628.4,6,0,0
1150,2,1,2230.0,20423.7,5,10,62110066
888,2,4,20000.0,44486.2,0,0,0
1966,2,4,2500.0,17567.0,0,0,0
2093,0,3,15543.0,82062.0,0,0,0
1383,2,4,9800.0,31508.6,0,0,0
1900,2,4,14.6,25010.2,6,0,0
1975,0,3,12621.0,37152.1,0,0,0
1298,0,2,5692.0,24338.9,2,4,51558619
1967,2,4,4500.0,34593.5,0,0,0
473,2,4,5400.0,27244.9,0,0,0
1397,2,4,1300.0,18402.0,0,0,0
1699,2,1,4052.0,43187.6,5,8,11773330
2088,2,1,294.0,21756.7,5,9,38624727
1697,0,2,6547.0,20980.4,2,3,54870903
1701,2,4,3120.0,18089.4,0,0,0
412,0,3,18805.0,57005.8,0,0,0
1732,2,4,4600.0,41580.2,0,0,0
1565,0,0,98.6,39522.4,7,0,0
1580,2,4,19600.0,67381.5,0,0,0
865,0,0,223.7,56494.6,7,0,0
2083,0,0,99.4,25379.5,7,0,0
787,2,4,2500.0,22696.1,0,0,0
1540,0,2,6830.0,26367.9,2,3,82285320
574,0,3,16592.0,54538.7,0,0,0
1476,2,4,14.6,21934.6,6,0,0
773,0,0,99.4,24431.9,7,0,0
1759,1,4,20473.0,60694.4,0,0,0
1445,0,0,90.7,19656.3,7,0,0
1626,0,0,211.5,41801.8,7,0,0
1638,0,2,6029.0,22294.8,2,8,10931772
1358,2,4,1300.0,25781.5,0,0,0
139,0,3,5000.0,23979.1,0,0,0
653,0,0,83.2,23329.1,7,0,0
2080,2,4,360.0,45577.0,0,0,0
865,2,4,14.6,66909.7,6,0,0
1035,2,4,13200.0,44601.0,0,0,0
329,2,1,2398.0,20612.0,5,8,48820698
1419,2,4,39300.0,70131.0,0,0,0
327,0,2,67070.0,67470.0,0,6,76316427
1810,2,4,14.6,35095.2,6,0,0
1824,2,4,2640.0,48434.4,0,0,0
1261,0,0,134.5,26519.1,7,0,0
653,2,4,1680.0,70946.6,0,0,0
1605,2,4,19900.0,24126.9,0,0,0
1596,2,4,14.6,48304.7,6,0,0
865,2,4,14.6,39793.7,6,0,0
1930,0,0,325.7,78067.1,7,0,0
227,2,4,14.6,25667.3,6,0,0
1489,2,4,3000.0,45082.2,0,0,0
2097,2,1,4231.0,18113.1,5,2,53045350
2127,0,3,22852.0,61824.9,0,0,0
1718,2,4,14.6,100561.0,6,0,0
957,0,0,185.3,46245.1,7,0,0
1607,0,3,3000.0,67306.3,0,0,0
2155,2,1,9071.0,34620.7,5,10,23677683
1091,2,4,2500.0,50672.0,0,0,0
1936,2,1,5240.0,25517.2,5,3,23213660
1906,2,1,230.0,16539.4,1,2,64393782
179,0,3,12138.0,33395.8,0,0,0
1816,0,2,6923.0,25475.5,2,7,7631910
1243,2,1,2855.0,20767.3,5,1,43066799
418,2,4,4000.0,14135.5,0,0,0
822,1,4,10459.0,38338.3,0,0,0
600,2,1,5483.0,41063.4,1,3,30920487
1688,2,4,14.6,13517.6,6,0,0
1880,2,1,4073.0,40468.3,1,12,59156989
1760,2,1,101.0,52571.6,1,4,57943856
1517,2,1,2058.0,26978.7,5,3,63081496
917,2,4,800.0,18473.0,0,0,0
1148,2,1,8862.0,47263.1,5,12,30340635
1954,2,4,720.0,26521.9,0,0,0
1652,1,4,18247.0,42072.4,0,0,0
1453,2,1,1788.0,12375.0,1,1,58324587
592,0,0,94.9,23700.2,7,0,0
1414,2,4,14.6,34640.1,6,0,0
1698,0,3,16261.0,57891.2,0,0,0
1384,0,0,70.7,15759.7,7,0,0
2028,2,4,60800.0,64531.4,0,0,0
1736,2,4,6000.0,30948.7,0,0,0
1300,0,3,19156.0,20256.0,0,0,0
1576,2,1,2051.0,23461.9,5,1,41812431
1718,0,0,97.5,21838.4,7,0,0
1079,0,0,209.8,53300.6,7,0,0
1335,2,1,3159.0,49132.4,8,10,11352903
1869,0,0,82.1,20312.1,7,0,0
1175,2,1,2.0,23544.8,5,6,58698618
2029,2,1,803.0,32854.8,3,8,40185999
1913,2,4,30300.0,86695.3,0,0,0
2022,2,4,14.6,20551.1,6,0,0
1869,2,4,14.6,23350.0,6,0,0
2032,2,1,9848.0,39943.4,5,10,3664666
2122,2,4,11300.0,62441.0,0,0,0
2000,2,4,12800.0,61558.9,0,0,0
678,2,4,15900.0,43549.7,0,0,0
1240,0,3,7753.5,34914.0,0,0,0
318,0,0,142.7,36049.2,7,0,0
1601,2,4,32200.0,105319.2,0,0,0
1749,0,0,183.0,40821.1,7,0,0
895,2,4,14.6,14164.9,6,0,0
1688,0,0,85.1,21417.0,7,0,0
811,2,1,3034.0,18497.0,5,13,69585042
1184,2,1,1319.0,58423.6,1,11,64973693
963,0,2,6388.0,39888.9,2,13,91520028
1392,0,2,5271.0,20800.4,2,5,9426391
1907,2,1,9747.0,40141.5,5,7,28076833
1869,0,0,129.8,32799.7,7,0,0
2144,0,0,187.6,44239.0,7,0,0
1476,2,4,30.0,15233.5,6,0,0
1395,0,3,26672.0,49783.5,0,0,0
1089,2,4,3360.0,25012.1,0,0,0
559,0,3,2800.0,26240.8,0,0,0
2055,0,3,41940.0,81548.1,0,0,0
1566,2,4,4800.0,33871.9,0,0,0
1230,2,4,16300.0,45668.4,0,0,0
694,2,1,7312.0,60752.6,5,13,70292973
1930,0,0,332.1,60152.0,7,0,0
1886,0,3,1400.0,22571.1,0,0,0
1430,2,4,2600.0,13841.6,0,0,0
1911,2,1,853.0,48510.3,1,6,79480331
902,2,1,3081.0,39130.2,5,3,64765941
1992,2,4,1300.0,21363.8,0,0,0
698,2,4,3600.0,66248.2,0,0,0
625,2,4,18800.0,48576.8,0,0,0
1353,2,4,14.6,36089.2,6,0,0
500,0,0,92.4,21353.7,7,0,0
2172,0,3,6664.0,104250.1,0,0,0
1086,0,2,40569.0,80473.1,0,10,59639334
2053,2,4,14.6,25545.5,6,0,0
1596,2,4,14.6,35737.1,6,0,0
1213,0,3,10539.0,44698.6,0,0,0
1200,2,4,14.6,46760.8,6,0,0
957,0,0,161.7,36185.2,7,0,0
1323,2,4,100.0,29670.0,6,0,0
780,0,2,6153.0,28753.3,2,7,42469984
834,2,4,14.6,19932.9,6,0,0
2000,2,1,2200.0,38957.3,1,9,48024463
1729,0,3,200.0,200.0,0,0,0
2153,2,1,3987.0,49711.3,5,7,64758032
2028,2,1,1946.0,18695.4,5,4,42774206
1476,2,4,14.6,22561.0,6,0,0
1323,2,4,14.6,26703.0,6,0,0
968,0,3,12644.0,43958.2,0,0,0
816,2,1,3312.0,38274.4,8,12,16481298
471,1,4,11527.0,34699.6,0,0,0
962,0,2,4718.0,39883.2,2,8,98568486
1730,2,1,1910.0,28337.2,5,11,93629043
1205,2,1,3566.0,21999.8,5,11,24262804
1699,2,4,2640.0,52316.0,0,0,0
1056,2,4,5600.0,30122.1,0,0,0
1822,2,4,2100.0,44579.5,0,0,0
1565,2,4,14.6,45302.7,6,0,0
1817,2,1,5601.0,22759.5,5,7,47298574
1957,2,4,3100.0,39480.9,0,0,0
1543,2,1,2273.0,23794.2,5,3,80010622
1243,0,3,18291.0,30806.9,0,0,0
802,0,3,49337.0,71744.9,0,0,0
1810,0,0,335.3,79994.0,7,0,0
1001,2,1,358.0,20794.8,5,7,19413084
913,2,4,3100.0,24617.6,0,0,0
934,2,1,1540.0,27759.5,5,5,9330445
840,0,3,14626.0,53161.8,0,0,0
2144,2,4,30.0,63114.2,6,0,0
781,2,1,2359.0,26328.3,5,12,92258166
1048,0,0,210.8,49257.8,7,0,0
1231,0,0,69.6,25554.0,7,0,0
306,0,3,700.0,25809.6,0,0,0
1831,2,4,1920.0,31611.0,0,0,0
1231,0,0,99.4,24818.2,7,0,0
1884,0,3,31774.0,99784.0,0,0,0
1200,2,4,14.6,23944.4,6,0,0
1974,0,3,500.0,30341.3,0,0,0
227,0,0,96.1,25333.6,7,0,0
875,2,4,1700.0,32839.0,0,0,0
1841,0,0,202.6,34442.0,7,0,0
1718,0,0,102.4,21295.7,7,0,0
1943,0,2,3451.0,24703.8,0,3,1879376
1942,2,1,935.0,19435.0,8,9,98730998
1972,2,1,3827.0,48993.2,1,4,90691631
1880,2,4,2700.0,21643.5,0,0,0
1810,2,4,14.6,43524.8,6,0,0
872,1,4,20935.0,55505.8,0,0,0
1031,2,1,2844.0,34049.0,5,7,4635501
1914,2,1,2660.0,31022.9,5,2,7729125
2022,2,4,14.6,38345.2,6,0,0
1991,2,4,14.6,39614.1,6,0,0
1249,2,4,34800.0,59407.7,0,0,0
683,0,0,79.3,18204.5,7,0,0
349,0,0,155.3,40187.9,7,0,0
1620,2,4,24700.0,56213.7,0,0,0
1688,2,4,14.6,30265.0,6,0,0
1601,2,4,11600.0,17739.2,0,0,0
294,0,2,29880.0,77149.9,0,13,86406272
1575,2,4,21800.0,55177.5,0,0,0
1452,0,3,9252.0,28906.2,0,0,0
1574,2,4,11200.0,42315.6,0,0,0
1900,2,4,14.6,31918.2,6,0,0
1971,0,3,37045.5,45673.3,0,0,0
1810,0,0,196.4,35953.4,7,0,0
2054,0,3,24111.0,50479.3,0,0,0
571,2,1,3261.0,11242.1,5,3,63280850
2064,2,1,4918.0,23991.8,5,9,24663144
2022,2,4,14.6,-2957.1,6,0,0
383,1,4,22987.0,19853.7,0,0,0
1330,0,2,6860.0,43363.5,2,6,73615145
1571,0,2,3316.0,22203.3,0,2,57925736
1882,2,1,3662.0,32648.5,5,8,71033382
1000,2,1,450.0,31882.9,5,2,54645806
1054,2,1,302.0,37520.6,5,1,10808188
1900,0,0,81.6,21151.0,7,0,0
599,0,3,22119.0,71936.8,0,0,0
1596,0,0,77.0,17594.5,7,0,0
314,0,3,500.0,500.0,0,0,0
1365,2,1,471.0,14711.2,1,1,52242457
592,2,4,14.6,17637.4,6,0,0
1334,0,3,11874.0,42476.5,0,0,0
1675,2,4,18100.0,28922.9,0,0,0
295,0,3,21038.0,62051.3,0,0,0
2053,2,4,14.6,28338.5,6,0,0
509,2,1,59.0,50373.1,1,3,82538950
1565,2,4,14.6,38322.1,6,0,0
1483,0,3,7600.0,45068.5,0,0,0
919,2,4,800.0,29208.4,0,0,0
417,2,1,8279.0,46817.0,5,13,4480547
1323,2,4,14.6,29310.7,6,0,0
257,2,4,14.6,37557.6,6,0,0
1410,1,4,6004.0,35203.4,0,0,0
987,0,0,124.8,25329.0,7,0,0
1688,0,0,149.7,35237.4,7,0,0
1217,2,4,6300.0,58090.7,0,0,0
1093,0,3,23376.0,52087.4,0,0,0
1426,2,1,3736.0,26849.0,5,2,22182691
1504,2,4,14.6,21556.2,6,0,0
2114,2,4,14.6,28763.3,6,0,0
1509,2,1,3434.0,33208.9,5,4,64944064
1476,0,0,124.4,26989.1,7,0,0
1459,2,1,2660.0,44343.9,5,2,7729125
192,0,3,800.0,800.0,0,0,0
1810,0,0,224.9,60741.0,7,0,0
756,2,4,3480.0,17825.9,0,0,0
1762,2,1,467.0,23025.3,1,13,6307900
1779,0,0,140.0,33488.0,7,0,0
2053,0,0,159.4,38377.8,7,0,0
1854,0,2,4805.0,21536.8,2,9,17410958
592,2,4,14.6,27135.1,6,0,0
2092,2,1,3190.0,23564.0,5,1,13537359
1841,2,4,14.6,25501.4,6,0,0
1484,0,3,15272.0,33284.4,0,0,0
1715,2,4,3300.0,28538.3,0,0,0
1669,0,3,25208.0,49395.6,0,0,0
1085,0,3,13304.0,53174.7,0,0,0
1180,0,2,3048.0,18067.0,0,11,96342283
1930,2,4,14.6,43471.3,6,0,0
512,2,1,1817.3,30629.9,8,8,95520770
634,2,1,813.0,45986.6,5,11,31342697
1579,2,1,3826.0,22079.6,5,2,52769649
931,2,4,18400.0,41088.5,0,0,0
1638,0,3,2200.0,28831.8,0,0,0
2088,2,4,12900.0,29003.3,0,0,0
1535,0,0,222.2,55701.0,7,0,0
2155,0,2,6677.0,35171.6,2,1,15285545
1930,2,4,14.6,50056.4,6,0,0
1755,2,1,3041.0,24735.1,5,12,49779665
944,0,3,800.0,800.0,0,0,0
1869,0,0,115.3,19782.5,7,0,0
2053,2,4,14.6,64012.0,6,0,0
730,0,3,3100.0,18184.6,0,0,0
2125,2,1,39.0,19484.0,1,11,79388266
2091,2,1,9128.0,20062.9,5,10,41519075
1936,2,1,4543.0,73531.5,5,3,47699880
2143,2,4,11700.0,22152.8,0,0,0
1018,0,0,98.9,23931.0,7,0,0
1913,2,1,2512.0,37268.9,5,11,82773095
338,2,4,300.0,24328.6,0,0,0
1018,2,4,14.6,18861.9,6,0,0
1394,2,1,127.0,30543.5,1,10,98634075
1389,2,1,930.0,13923.5,1,11,64184588
513,0,2,5600.0,30305.5,2,12,93394022
714,0,0,207.1,47204.0,7,0,0
957,0,0,108.0,24918.9,7,0,0
1445,2,4,14.6,59592.1,6,0,0
543,0,2,44110.0,82153.9,0,2,3822422
349,0,0,189.7,38726.9,7,0,0
1833,2,4,3900.0,9909.0,0,0,0
842,2,4,240.0,24471.5,0,0,0
364,2,4,3600.0,4898.4,0,0,0
2175,0,0,292.3,69167.0,7,0,0
1141,2,4,16600.0,38857.9,0,0,0
1930,0,0,124.6,30754.9,7,0,0
635,2,4,7000.0,32894.8,0,0,0
1900,0,0,234.4,50049.1,7,0,0
1123,2,1,1629.0,29817.9,1,4,54826593
1292,0,0,98.5,23486.0,7,0,0
394,0,2,5672.0,22294.6,2,8,74414402
2022,2,4,14.6,14010.5,6,0,0
1535,2,4,2100.0,6972.2,0,0,0
1292,2,4,14.6,16639.3,6,0,0
1930,2,4,14.6,18803.6,6,0,0
1815,2,1,1350.0,49423.1,1,13,45163714
1092,2,4,7800.0,39848.9,0,0,0
1207,2,1,2572.0,28272.8,3,11,28014308
1603,0,2,23571.0,41636.1,0,4,98203420
920,2,4,4100.0,22949.7,0,0,0
1688,0,0,13.5,3703.0,7,0,0
1110,0,0,71.9,20367.5,7,0,0
1779,2,4,14.6,16976.9,6,0,0
1657,2,4,14.6,41306.7,6,0,0
1943,0,3,1100.0,49976.4,0,0,0
1797,2,4,4680.0,56377.3,0,0,0
1261,0,0,215.9,45686.6,7,0,0
1513,2,4,6300.0,26972.8,0,0,0
816,2,1,8740.0,30075.1,5,8,64789080
1977,2,4,16320.0,37582.1,0,0,0
1688,2,4,14.6,19012.9,6,0,0
895,0,0,180.7,20513.4,7,0,0
1613,2,4,25500.0,79890.5,0,0,0
1079,0,0,268.1,83700.5,7,0,0
1916,2,4,1360.0,27681.5,0,0,0
1869,0,0,138.3,34215.5,7,0,0
1453,0,2,46199.0,100215.5,0,6,39209967
1440,2,4,28700.0,35098.7,0,0,0
1476,0,0,134.9,32103.4,7,0,0
1128,2,4,800.0,42957.1,0,0,0
714,0,0,289.4,86206.9,7,0,0
1693,0,2,6086.0,24602.2,2,8,51712715
1762,2,1,2652.0,71793.8,5,9,14427155
603,2,1,1614.0,23961.8,5,7,21977925
932,2,1,8262.0,39301.3,5,11,95626550
773,0,0,28.0,10118.9,7,0,0
350,2,4,23100.0,59539.8,0,0,0
370,0,3,3100.0,26478.6,0,0,0
110,0,2,6934.0,21002.0,2,9,33148783
1110,0,0,60.5,21946.2,7,0,0
1749,2,4,14.6,21255.3,6,0,0
1178,2,1,4208.0,27435.2,1,13,90052854
1808,2,4,6000.0,30636.9,0,0,0
1571,2,1,660.0,16297.3,0,6,50073719
577,0,3,24587.0,113026.3,0,0,0
1657,0,0,67.5,14153.7,7,0,0
1048,0,0,19.6,11919.6,7,0,0
2144,2,4,14.6,18549.4,6,0,0
2025,0,3,22400.0,71538.0,0,0,0
1118,2,4,5100.0,10138.9,5,0,0
1353,0,0,167.4,39608.1,7,0,0
2053,0,0,52.3,12971.0,7,0,0
1961,2,4,14.6,15967.1,6,0,0
2114,2,4,14.6,18610.9,6,0,0
592,0,0,202.2,49832.4,7,0,0
1020,2,4,19200.0,93849.0,0,0,0
500,0,0,204.5,76643.5,7,0,0
1242,2,1,1737.0,68093.6,5,6,60141891
1938,2,1,2390.0,39296.0,5,10,21181220
1760,0,3,8006.0,15690.3,0,0,0
2005,0,3,13436.0,40496.7,0,0,0
726,2,1,487.0,19414.6,0,6,29826498
953,2,4,4400.0,47409.4,0,0,0
1402,2,4,600.0,24342.0,0,0,0
481,2,4,4440.0,41078.6,0,0,0
1810,0,0,65.5,8137.8,7,0,0
2030,2,1,5949.0,89770.9,1,3,43014037
412,2,4,900.0,24045.4,0,0,0
1889,0,3,8200.0,17345.9,0,0,0
1688,0,0,139.4,33245.3,7,0,0
1760,2,1,5110.0,40980.5,5,3,51975733
1810,2,4,14.6,32819.4,6,0,0
2022,2,4,14.6,44172.4,6,0,0
825,2,4,48300.0,65005.9,0,0,0
385,2,4,3400.0,23348.3,0,0,0
1208,2,1,511.0,20355.1,3,6,40627336
714,2,4,14.6,35475.7,6,0,0
318,0,0,133.1,31869.8,7,0,0
781,0,2,10707.0,24969.8,0,1,58915007
753,0,3,13562.0,28973.7,0,0,0
1488,2,1,606.0,19070.7,5,1,60457706
1476,0,0,97.3,18148.0,7,0,0
1942,0,3,6220.0,27244.0,0,0,0
1936,2,1,2984.0,16354.3,5,1,19831466
513,2,4,13800.0,40267.2,0,0,0
604,2,1,3292.0,29834.8,5,13,85804390
540,2,1,6748.0,53215.3,5,7,2995044
1779,2,4,14.6,38274.9,6,0,0
1724,0,3,15308.0,67057.7,0,0,0
2094,2,1,3096.0,30663.9,5,8,80561762
500,0,0,40.4,14844.4,7,0,0
1789,0,2,6364.0,35797.6,2,1,70277392
1813,2,4,1560.0,41126.6,0,0,0
1292,0,0,329.6,81162.8,7,0,0
965,2,1,2430.0,44127.2,5,8,15451962
2041,2,4,600.0,15057.0,0,0,0
1180,0,3,15447.0,32712.5,0,0,0
1608,2,1,2504.8,45951.6,8,1,69538569
1961,2,4,14.6,18983.0,6,0,0
1364,0,3,24608.0,45239.6,0,0,0
804,2,4,14.6,49307.9,6,0,0
348,2,4,58900.0,64513.0,0,0,0
2002,2,1,138.0,75399.6,1,8,78649419
1626,0,0,48.8,6152.3,7,0,0
926,0,0,194.3,45434.9,7,0,0
1973,2,1,986.0,52480.1,3,8,53952217
2065,2,4,10000.0,48298.9,0,0,0
1596,2,4,14.6,38348.2,6,0,0
1376,0,3,200.0,22695.2,0,0,0
2150,2,1,599.0,22239.6,1,13,11521917
1961,2,4,14.6,46931.3,6,0,0
2000,2,1,2301.0,16125.2,5,9,41176962
1961,2,4,100.0,53894.2,6,0,0
1457,0,3,23143.0,62634.5,0,0,0
1862,2,4,11400.0,22589.8,0,0,0
363,0,3,12138.0,22613.8,0,0,0
2126,2,1,1812.0,28897.2,5,13,23132455
480,2,1,5110.0,29307.5,5,3,51975733
1450,0,3,15714.0,54995.3,0,0,0
1313,2,4,28000.0,71276.5,0,0,0
318,0,0,244.9,60502.3,7,0,0
474,2,1,8504.0,21912.0,5,9,88157391
1815,2,1,325.0,61531.4,1,2,10650349
1991,0,0,112.7,61713.5,7,0,0
513,0,3,10438.0,36574.0,0,0,0
1869,0,0,193.2,46579.6,7,0,0
1595,0,3,8817.0,70764.6,0,0,0
1546,0,3,11172.0,45215.7,0,0,0
227,2,4,14.6,21409.2,6,0,0
318,2,4,14.6,22513.4,6,0,0
1730,2,1,7806.0,53613.1,5,10,24160874
2149,2,4,3000.0,58608.6,0,0,0
926,0,0,6.9,17200.9,7,0,0
1846,2,4,1920.0,24489.5,0,0,0
1663,2,1,268.0,30344.2,1,10,1738054
1966,0,3,3500.0,62876.9,0,0,0
500,0,0,120.7,31463.4,7,0,0
1787,2,4,3040.0,70405.5,0,0,0
1323,0,0,103.7,25639.0,7,0,0
1991,2,4,14.6,17183.5,6,0,0
1786,2,4,210.0,20369.6,0,0,0
2014,0,3,5100.0,41400.5,0,0,0
2093,0,2,44410.0,111606.8,0,11,87755894
241,2,1,8462.0,41927.1,5,1,89460461
1810,0,0,235.9,58076.8,7,0,0
895,0,0,151.1,25013.3,7,0,0
1841,0,0,60.8,9818.6,7,0,0
1336,0,2,6974.0,25399.2,2,8,44360274
1969,0,2,4456.0,25371.6,2,5,8272439
1596,2,4,30.0,59594.1,6,0,0
1139,0,0,66.0,16437.0,7,0,0
1732,2,1,1808.0,30521.0,1,5,30505544
2059,2,1,9317.0,18442.3,1,13,54900079
1907,0,3,22224.0,73038.2,0,0,0
1848,0,3,9800.0,31431.6,0,0,0
839,0,3,6881.0,29927.8,0,0,0
1170,0,3,2500.0,30674.3,0,0,0
2126,2,1,3783.0,14933.2,5,13,98815863
1100,0,3,10603.0,52139.4,0,0,0
1210,2,4,7100.0,36907.0,1,0,0
1496,2,4,22200.0,131204.0,0,0,0
1971,2,1,10886.0,47827.2,5,4,57291018
1975,2,1,47.0,18845.4,1,5,75616937
895,0,0,88.0,19205.3,7,0,0
1841,0,0,135.1,30008.2,7,0,0
1689,2,4,3240.0,35140.7,0,0,0
1961,2,4,14.6,24570.3,6,0,0
1718,2,4,14.6,107331.3,6,0,0
1942,0,3,19549.0,41424.3,0,0,0
1504,2,4,14.6,40115.0,6,0,0
1079,2,4,14.6,27182.5,6,0,0
957,2,4,14.6,33231.1,6,0,0
1882,1,4,21222.0,16467.9,0,0,0
2056,2,4,44800.0,43444.5,0,0,0
1236,2,4,2040.0,23786.5,0,0,0
1243,0,3,36961.0,41554.2,0,0,0
1257,2,4,31400.0,57822.6,0,0,0
1362,0,3,11466.0,48846.9,0,0,0
1840,0,3,12000.0,36972.3,0,0,0
935,2,1,3859.0,37310.3,1,9,69614529
1905,2,1,415.0,31721.4,1,11,18222165
1565,0,0,182.8,27576.9,7,0,0
1498,2,4,21900.0,31168.9,0,0,0
2124,2,1,3317.0,44765.9,5,10,12971461
1666,0,3,23179.0,93102.8,0,0,0
1384,2,4,14.6,32128.1,6,0,0
585,2,4,7600.0,39820.4,0,0,0
2114,2,4,14.6,21649.2,6,0,0
1231,2,4,14.6,27951.1,6,0,0
1565,2,4,14.6,15362.0,6,0,0
1048,0,0,112.6,26464.8,7,0,0
1626,0,0,110.5,25786.6,7,0,0
1970,2,4,39600.0,43205.0,0,0,0
2000,2,1,2096.0,13349.6,5,10,16428494
1961,2,4,14.6,68049.8,6,0,0
1810,2,4,14.6,27505.2,6,0,0
1837,2,4,600.0,36462.5,0,0,0
1244,2,4,18560.0,68006.9,0,0,0
1729,0,3,8110.0,26458.3,0,0,0
1509,0,3,23347.0,90144.3,0,0,0
1424,2,1,2210.0,20188.3,0,4,22294932
1736,2,4,14100.0,73773.7,0,0,0
964,2,4,4300.0,35818.5,0,0,0
1596,0,0,119.1,29377.5,7,0,0
1457,2,1,1939.0,25642.7,5,7,41758221
2125,2,4,3600.0,38055.9,0,0,0
622,2,4,14.6,52672.8,6,0,0
362,2,4,960.0,28012.4,0,0,0
299,0,3,19039.0,55363.1,0,0,0
1292,0,0,154.8,36436.1,7,0,0
1974,2,1,9105.0,46999.0,5,6,9010935
1090,0,2,3099.0,12332.5,0,1,51605224
879,2,4,4200.0,22341.7,0,0,0
708,2,4,1100.0,36774.5,0,0,0
1827,2,4,560.0,17968.5,0,0,0
379,2,4,560.0,17392.3,0,0,0
1916,2,4,12400.0,33000.5,0,0,0
1718,0,0,265.6,61794.5,7,0,0
940,2,4,19800.0,46733.8,0,0,0
1657,0,0,63.1,17388.4,7,0,0
1272,0,2,6211.0,38132.5,2,5,14005995
1749,2,4,14.6,32407.7,6,0,0
633,2,1,3264.0,29501.4,5,12,46227514
1543,2,1,5185.0,48807.5,5,9,9167498
1817,2,1,2028.0,27815.8,5,1,25160008
497,0,3,6958.0,24374.7,0,0,0
1170,0,0,168.5,43450.5,7,0,0
1657,0,0,15.9,6867.5,7,0,0
307,0,3,1900.0,25051.3,0,0,0
695,2,1,5900.0,23047.3,8,11,80658405
2022,2,4,14.6,74819.8,6,0,0
1879,0,3,22946.0,61751.5,0,0,0
1961,2,4,14.6,32565.0,6,0,0
1381,0,3,34889.0,64357.0,0,0,0
1607,0,3,38517.0,56993.1,0,0,0
1144,0,2,31648.0,74235.5,0,4,8007508
1779,0,0,332.8,88132.0,7,0,0
1478,2,4,2400.0,15094.5,0,0,0
1657,0,0,79.1,23696.0,7,0,0
196,2,4,14.6,46170.0,6,0,0
993,0,3,16318.0,65922.4,0,0,0
1987,2,4,5700.0,18719.6,0,0,0
1409,2,4,6800.0,38214.0,0,0,0
1346,0,3,32619.0,82519.0,0,0,0
1869,0,0,106.6,24517.0,7,0,0
1356,2,4,1440.0,24108.6,0,0,0
2083,0,0,135.2,23871.2,7,0,0
1056,2,1,6904.0,25847.0,5,11,29374742
1565,0,0,92.8,22609.3,7,0,0
412,1,4,13748.0,24420.7,0,0,0
2167,2,5,3000.0,52108.7,0,0,0
1141,2,5,2800.0,21695.3,0,0,0
2144,0,0,131.5,30749.2,7,0,0
2053,0,0,260.5,64930.0,7,0,0
1337,2,1,2403.0,49151.6,5,6,45403152
1243,2,4,23900.0,62692.3,0,0,0
1609,2,1,3239.0,29609.5,5,1,34252166
1930,0,0,280.5,85548.0,7,0,0
632,2,1,2582.0,25193.7,5,10,79359864
1688,2,4,14.6,29753.6,6,0,0
1314,1,4,5582.0,18488.7,0,0,0
1846,2,1,169.0,16682.6,3,1,23086488
1088,2,4,1100.0,48542.0,0,0,0
1722,2,4,400.0,44521.3,0,0,0
1490,0,3,17556.0,29062.8,0,0,0
1657,0,0,298.5,65517.5,7,0,0
1540,2,1,5245.0,55619.8,5,11,71221321
1943,0,3,12129.0,47992.9,0,0,0
1095,2,4,8900.0,46394.4,0,0,0
1696,0,3,4543.0,35589.0,0,0,0
227,0,0,11.0,16389.0,7,0,0
1321,2,4,15600.0,57750.9,0,0,0
1565,0,0,201.1,48158.0,7,0,0
1996,2,1,3068.0,24659.8,5,9,93325268
1700,2,1,667.0,16899.3,1,11,42386043
1718,2,4,14.6,80698.7,6,0,0
1940,0,3,14758.0,51373.1,0,0,0
1811,2,4,3480.0,15847.8,0,0,0
2119,2,1,997.0,63372.8,1,4,24978786
1985,2,4,1800.0,46970.6,0,0,0
1693,0,3,19807.0,45536.5,0,0,0
561,0,0,103.0,25039.4,7,0,0
1546,2,1,6531.0,37042.2,5,6,70977097
2053,2,4,14.6,40805.6,6,0,0
865,2,4,14.6,24250.8,6,0,0
1504,0,0,48.1,12248.9,7,0,0
1930,0,0,69.9,17485.3,7,0,0
1998,0,3,20964.0,31115.3,0,0,0
1547,2,1,1300.0,13889.7,0,13,34911799
1176,0,3,17040.0,56138.1,0,0,0
939,0,3,1300.0,79913.3,0,0,0
1212,2,1,7281.3,66031.4,8,2,26435643
1882,2,1,5.0,42967.3,1,10,92155229
1749,0,0,133.8,27832.2,7,0,0
1837,2,4,8700.0,64730.8,0,0,0
1749,0,0,82.8,19343.3,7,0,0
1978,0,3,1900.0,18492.8,0,0,0
1654,1,4,17693.0,81899.6,0,0,0
1596,0,0,68.9,16627.9,7,0,0
905,0,2,6846.0,33596.3,2,12,87446176
745,2,4,14.6,25445.8,6,0,0
1268,0,2,5081.0,24698.1,2,12,38447165
1654,0,3,18922.0,103250.9,0,0,0
865,0,0,113.0,28423.8,7,0,0
1610,2,4,17700.0,78011.6,0,0,0
1697,2,1,478.0,20679.4,0,5,24233013
1994,2,4,3120.0,24.5,0,0,0
987,2,4,14.6,46581.3,6,0,0
1938,0,3,18738.0,55576.8,0,0,0
1779,0,0,244.9,60671.3,7,0,0
981,2,4,4500.0,47509.7,0,0,0
2097,2,4,17900.0,44559.8,0,0,0
2004,2,1,3354.0,33935.6,5,13,87395226
1018,2,4,14.6,18878.3,6,0,0
1759,2,1,11769.0,51769.7,5,2,67803686
1103,2,4,16200.0,33924.8,0,0,0
2083,0,0,263.3,57231.1,7,0,0
1604,0,2,56835.0,109037.0,0,8,41836589
1810,0,0,134.8,28305.1,7,0,0
380,0,0,129.7,29089.7,7,0,0
1504,0,0,58.7,16759.4,7,0,0
2068,2,4,560.0,19725.4,0,0,0
1018,0,0,81.3,20158.5,7,0,0
1831,2,4,8960.0,26927.3,0,0,0
1200,2,4,14.6,23671.4,6,0,0
1465,2,4,840.0,70635.1,0,0,0
1819,2,1,269.0,9589.8,1,7,2428693
1086,2,4,10400.0,23842.9,0,0,0
1710,2,4,11800.0,12410.1,0,0,0
1975,2,4,1200.0,23572.8,0,0,0
1726,2,1,185.0,34232.1,1,8,89555656
1604,2,1,4559.0,56222.6,5,1,66721755
1975,2,1,2875.0,21183.7,1,8,92192554
2083,2,4,14.6,42770.2,6,0,0
1635,2,1,630.0,32536.6,1,5,70524096
2053,2,4,14.6,57421.3,6,0,0
1792,0,3,35696.0,64135.5,0,0,0
2098,0,3,1000.0,26528.5,0,0,0
1944,0,2,3484.0,67189.2,0,3,81040405
1717,0,3,42084.0,94364.8,0,0,0
1638,0,3,4216.0,31279.2,0,0,0
2175,2,4,81.7,-6938.6,4,0,0
1668,0,2,41900.0,76201.1,0,4,98983895
1291,2,4,800.0,21091.9,0,0,0
1353,2,4,14.6,29393.1,6,0,0
2099,2,4,2500.0,83492.7,0,0,0
499,2,4,8000.0,33462.7,0,0,0
1743,0,3,19685.0,71831.2,0,0,0
1627,2,4,3100.0,36180.6,0,0,0
1425,2,4,1450.0,32111.7,0,0,0
1477,0,3,22102.0,55204.0,0,0,0
469,0,0,119.4,28747.6,7,0,0
1268,0,3,14659.0,53874.5,0,0,0
1535,2,4,14.6,16802.0,6,0,0
1476,2,4,30.0,31781.3,6,0,0
1693,0,3,24800.0,51776.4,0,0,0
1657,2,4,14.6,42102.0,6,0,0
1988,0,3,42884.0,65852.5,0,0,0
2158,2,4,1300.0,24572.3,0,0,0
693,0,3,1600.0,21330.1,0,0,0
2144,2,4,30.0,81526.4,6,0,0
2151,0,3,34960.0,47950.7,0,0,0
1613,0,3,800.0,15167.5,0,0,0
1565,0,0,152.6,38209.9,7,0,0
1284,2,4,17100.0,94284.5,0,0,0
1975,2,4,24100.0,30842.5,0,0,0
1793,2,1,1412.0,52957.8,1,6,17804307
534,2,4,2400.0,23175.1,0,0,0
2103,0,3,13100.0,25995.1,0,0,0
1162,0,3,8200.0,12598.8,0,0,0
1048,2,4,14.6,9378.6,6,0,0
696,2,4,15800.0,44174.6,0,0,0
1830,0,3,12000.0,17781.0,0,0,0
2114,2,4,14.6,39124.8,6,0,0
968,2,4,7600.0,36118.5,0,0,0
332,2,4,2080.0,52747.9,0,0,0
1535,0,0,82.5,20993.6,7,0,0
660,2,1,85.0,32795.1,3,1,8125150
408,0,0,120.6,29021.8,7,0,0
1123,2,1,131.0,19412.3,1,7,77948432
908,2,1,6339.0,17344.4,5,6,22302586
1813,2,4,1320.0,34727.4,0,0,0
2175,0,0,81.7,19912.7,7,0,0
2053,0,0,296.7,74584.1,7,0,0
1666,2,1,1936.0,12153.7,1,1,81505483
1087,0,3,6114.0,20314.5,0,0,0
2046,0,3,2300.0,78384.4,0,0,0
2114,2,4,14.6,29489.5,6,0,0
439,0,0,116.9,44513.1,7,0,0
1170,2,4,14.6,22406.9,6,0,0
1246,2,4,2100.0,37704.6,0,0,0
1671,0,3,20890.0,82466.6,0,0,0
1079,2,4,2500.0,28996.0,0,0,0
1572,2,4,4680.0,45996.4,0,0,0
814,0,3,17585.0,42662.3,0,0,0
1445,2,4,14.6,66237.7,6,0,0
1474,2,5,2400.0,20413.4,0,0,0
232,2,1,5673.0,40691.0,5,8,98150521
1476,2,4,14.6,28665.9,6,0,0
394,2,1,9255.0,64403.3,5,11,82919829
1725,2,1,137.0,42208.6,3,2,45113939
1048,0,0,124.2,32357.0,7,0,0
1888,0,3,48531.0,153106.2,0,0,0
1991,0,0,103.0,18742.9,7,0,0
1816,0,2,14727.0,15942.4,0,7,49895131
627,0,3,23528.0,69979.6,0,0,0
1210,0,2,3542.0,16728.3,0,13,62620174
2065,0,3,22790.0,106634.8,0,0,0
926,2,4,14.6,41439.9,6,0,0
1445,0,0,72.5,15499.2,7,0,0
1629,2,4,11800.0,42686.3,0,0,0
514,0,3,1900.0,24865.8,0,0,0
694,2,4,780.0,22305.9,0,0,0
758,2,1,450.0,16342.8,5,2,54645806
758,2,1,5191.0,50926.9,1,5,95490520
653,0,0,376.5,104285.9,7,0,0
1053,2,1,370.0,51270.8,3,3,54978299
1522,2,4,400.0,29716.6,0,0,0
1729,2,4,6600.0,15318.0,0,0,0
1231,2,4,14.6,32104.9,6,0,0
1511,2,1,2895.0,26366.0,1,1,73301529
2105,1,4,8668.0,55455.5,0,0,0
512,2,1,8136.0,73757.6,8,8,18851059
1622,2,4,2900.0,32461.7,0,0,0
1973,2,4,37280.0,26340.4,0,0,0
1367,2,1,3834.0,19936.9,5,11,35646599
2153,0,3,35483.0,72054.9,0,0,0
2155,2,1,3171.0,24142.4,5,8,11958569
1021,2,4,44800.0,68029.8,0,0,0
1426,2,4,29500.0,61240.2,0,0,0
970,0,2,5718.0,28139.0,2,11,45134812
1384,2,4,14.6,45696.2,6,0,0
419,2,1,2627.0,12057.1,5,9,14418357
782,2,4,9900.0,30066.2,5,0,0
745,2,4,1.1,16217.6,4,0,0
85,0,2,12154.0,38387.4,0,9,19537103
1514,2,1,2182.0,22898.8,5,2,6413495
285,2,4,22000.0,47207.9,0,0,0
2125,2,1,3532.0,75635.5,5,10,95437645
1718,0,0,257.6,46631.2,7,0,0
1664,2,1,199.0,17265.0,0,2,54220384
1414,2,4,14.6,36271.0,6,0,0
1577,0,3,19594.0,33386.1,0,0,0
1514,2,1,2420.0,74085.0,1,11,97141348
1961,2,4,14.6,13025.4,6,0,0
1907,2,1,5958.0,26384.8,5,7,69633596
1930,2,4,14.6,29146.6,6,0,0
846,0,3,24085.0,72319.5,0,0,0
1000,2,1,6840.0,31963.0,5,2,70135479
739,2,4,1350.0,25244.2,0,0,0
1606,2,1,5120.0,26592.2,1,2,34453201
1200,0,0,83.2,20416.3,7,0,0
1841,0,0,221.1,41352.8,7,0,0
2003,2,1,619.0,15163.1,0,12,87733494
1693,2,4,4440.0,57240.3,0,0,0
1596,0,0,100.7,25069.3,7,0,0
1358,0,2,6115.0,26109.2,2,3,88811969
1465,2,4,1080.0,22479.5,0,0,0
592,2,4,14.6,44284.6,6,0,0
1504,2,4,14.6,43368.7,6,0,0
1973,2,1,6490.5,53749.6,8,6,40766275
1711,2,4,34600.0,54957.6,0,0,0
636,2,1,2975.0,27179.4,5,13,8956242
1841,2,4,14.6,46824.8,6,0,0
1184,2,1,1861.0,38210.3,1,11,87424748
2175,0,0,216.8,57078.1,7,0,0
2175,0,0,174.0,43724.7,7,0,0
932,2,4,8900.0,26633.0,0,0,0
1815,2,4,8100.0,83790.9,0,0,0
408,0,0,102.0,27650.2,7,0,0
1462,2,4,2100.0,42297.8,0,0,0
683,2,4,14.6,26779.9,6,0,0
1488,2,1,2122.0,13549.2,0,7,79379254
1900,0,0,60.7,14581.2,7,0,0
1913,2,1,1765.0,26749.1,5,9,18026441
1492,0,3,9200.0,18634.8,0,0,0
714,0,0,160.8,25900.5,7,0,0
2091,2,1,3430.0,61955.7,5,3,31000817
992,0,2,3247.0,25188.1,0,3,42284852
697,0,2,4188.0,25137.9,2,6,33875447
86,0,2,20236.0,45285.5,0,10,66487163
1848,0,2,5093.0,28178.1,2,7,26638216
1900,2,4,14.6,50288.2,6,0,0
1930,0,0,103.3,25383.4,7,0,0
814,2,4,1300.0,27279.4,0,0,0
846,2,1,1944.0,25602.8,5,8,83157652
1083,2,4,1300.0,16457.0,0,0,0
2032,2,1,2957.0,65266.5,1,6,33347761
1714,2,4,10800.0,24963.8,0,0,0
1366,0,3,20010.0,61362.5,0,0,0
773,0,0,9.4,13838.3,7,0,0
445,2,1,1721.0,22229.2,1,12,14313167
1381,2,4,14400.0,34622.5,0,0,0
804,2,4,14.6,21461.1,6,0,0
353,2,4,13500.0,38580.6,0,0,0
1596,0,0,176.6,43461.4,7,0,0
1292,0,0,72.5,15823.1,7,0,0
622,0,0,188.3,45105.9,7,0,0
1723,0,3,21073.0,62498.5,0,0,0
1148,0,2,6242.0,23963.5,2,1,11927444
1923,2,4,8700.0,15902.4,0,0,0
1883,2,4,5900.0,15921.3,5,0,0
2145,2,4,10300.0,13136.3,0,0,0
1445,0,0,329.4,72070.4,7,0,0
2118,0,3,1700.0,24203.2,0,0,0
622,2,4,14.6,28061.6,6,0,0
509,2,1,471.0,33871.4,1,4,11309677
1264,2,4,40800.0,66645.6,0,0,0
1696,2,1,2148.0,9135.7,5,12,75957637
1665,0,3,21500.0,70190.8,0,0,0
1757,2,1,2464.0,18959.2,5,12,84174042
2022,0,0,45.1,10392.7,7,0,0
1608,0,3,8844.0,48698.6,0,0,0
1912,2,4,12300.0,44754.1,5,0,0
2004,2,1,890.0,33467.5,5,4,51518619
1714,0,3,1300.0,35931.7,0,0,0
1841,2,4,30.0,32938.7,6,0,0
1459,0,2,4892.0,15776.0,2,11,56481081
2075,0,3,46486.0,91012.6,0,0,0
1830,0,3,46817.0,121712.6,0,0,0
1878,0,3,40198.0,116774.2,0,0,0
1869,0,0,291.1,75693.1,7,0,0
1032,2,1,3124.0,37033.9,5,1,49062126
1083,2,4,480.0,14080.1,0,0,0
1817,2,4,8300.0,88896.6,0,0,0
1749,2,4,14.6,13579.2,6,0,0
2066,2,1,4577.0,53301.6,5,12,15203357
2064,0,3,15050.0,29488.9,0,0,0
1834,0,3,22487.0,20945.5,0,0,0
483,2,1,56.0,27938.2,3,5,66044574
1297,2,1,2470.0,26253.3,1,11,42364639
1930,2,4,14.6,23128.5,6,0,0
683,2,4,14.6,48780.6,6,0,0
1353,2,4,14.6,43185.2,6,0,0
1216,0,3,600.0,31391.3,0,0,0
1414,0,0,159.9,38559.1,7,0,0
1485,1,4,17957.0,29728.7,0,0,0
1913,0,3,20890.0,71901.2,0,0,0
1475,2,4,1500.0,33098.2,0,0,0
1452,2,4,750.0,34125.6,0,0,0
1732,0,3,1400.0,29136.4,0,0,0
622,0,0,143.6,32116.7,7,0,0
1874,0,2,5079.0,24406.4,2,11,87209295
1292,2,4,14.6,41081.0,6,0,0
566,2,1,3855.0,21683.9,5,13,32839107
787,2,1,5015.0,24307.2,3,4,15017515
873,2,4,2240.0,17897.8,0,0,0
2022,0,0,269.6,70188.9,7,0,0
1535,0,0,96.0,24004.1,7,0,0
1345,2,4,13800.0,39839.5,0,0,0
1948,2,4,1500.0,18744.0,0,0,0
2122,2,4,2300.0,34171.6,0,0,0
926,0,0,209.8,51618.7,7,0,0
2029,0,2,20975.0,41471.3,0,5,77411937
2155,0,3,13137.0,41111.7,0,0,0
1967,0,2,6668.0,20868.7,2,4,71884184
1468,2,4,7500.0,30698.6,0,0,0
1906,0,3,23326.0,46229.8,0,0,0
1537,0,3,7845.0,43515.1,0,0,0
1930,2,4,14.6,47040.2,6,0,0
1549,2,4,3800.0,30713.9,0,0,0
1170,2,4,14.6,65596.4,6,0,0
1347,2,4,5040.0,57977.7,0,0,0
962,0,2,4125.0,17706.5,2,6,11986261
714,2,4,14.6,24240.8,6,0,0
1749,2,4,14.6,34206.1,6,0,0
1481,2,1,72.0,37488.3,1,4,20415777
1362,2,1,431.0,45358.9,3,7,78759455
1271,2,4,11900.0,53175.0,0,0,0
2114,2,4,14.6,36036.2,6,0,0
1824,2,4,4200.0,61410.4,0,0,0
1411,2,4,5700.0,39922.0,0,0,0
561,2,4,14.6,33706.2,6,0,0
1457,2,1,4953.0,46731.2,3,1,50632536
1353,0,0,88.8,22122.7,7,0,0
1967,0,3,21390.0,34469.4,0,0,0
2052,0,3,45061.0,82827.7,0,0,0
1737,2,4,32100.0,81865.7,0,0,0
1445,0,0,106.9,21887.1,7,0,0
1718,2,4,14.6,48445.3,6,0,0
408,0,0,53.0,12489.1,7,0,0
1242,2,1,3212.0,20373.9,5,7,20491338
2122,0,2,38482.0,80467.5,0,7,94303905
1547,2,4,6700.0,38030.5,0,0,0
1175,2,1,3878.0,19246.9,5,13,6201172
488,0,3,1200.0,25264.0,0,0,0
1883,2,4,20100.0,89983.5,0,0,0
1086,2,1,33.0,22185.6,5,10,31161588
1306,0,3,22439.0,74693.5,0,0,0
849,0,3,48969.0,143515.5,0,0,0
1268,0,3,19255.0,44835.3,0,0,0
1079,2,4,14.6,40991.1,6,0,0
660,2,1,2363.0,21536.4,5,4,74106764
2157,2,1,6994.0,35541.9,5,9,62958741
2053,2,4,14.6,23916.0,6,0,0
2156,2,1,5291.0,55548.1,1,7,37211978
964,0,3,40493.0,68398.9,0,0,0
1792,2,1,2507.0,26775.9,5,1,10778803
1665,0,3,10427.0,58941.6,0,0,0
1841,0,0,90.6,20447.4,7,0,0
2114,0,0,76.7,18719.8,7,0,0
1300,0,2,4272.0,24170.6,2,13,95913230
1835,2,5,1400.0,32064.9,0,0,0
1358,0,2,6005.0,31773.7,2,8,62281173
1121,2,1,5938.0,42390.5,5,4,45864230
1184,2,1,2443.0,26426.1,5,6,66344201
2088,2,1,219.0,14499.3,1,3,55354916
2022,0,0,113.5,23894.1,7,0,0
1634,1,4,22711.0,72541.2,0,0,0
1456,2,4,1320.0,42164.5,0,0,0
2152,2,1,695.0,89024.7,5,5,38201576
1419,2,1,9101.0,8274.5,5,13,79120719
360,2,4,17100.0,30222.2,5,0,0
2022,2,4,14.6,17975.5,6,0,0
439,2,4,14.6,36291.1,6,0,0
2124,0,2,2962.0,19280.2,0,6,6256688
267,2,4,10300.0,35182.9,0,0,0
1399,1,4,19207.0,52376.3,0,0,0
1170,2,4,14.6,37496.7,6,0,0
1594,2,4,5400.0,46894.4,0,0,0
1849,2,1,9874.0,12938.2,5,5,66611260
720,2,4,2160.0,28988.3,0,0,0
2021,2,4,1950.0,24560.7,0,0,0
926,0,0,99.1,23676.5,7,0,0
1945,2,4,720.0,16638.3,0,0,0
1763,0,2,34814.0,75586.9,0,12,73216843
1110,2,4,14.6,14699.1,6,0,0
573,0,2,3583.0,26893.1,0,13,44113671
1596,2,4,14.6,27696.8,6,0,0
1609,2,1,10288.0,79441.1,5,5,9744745
1891,2,4,12700.0,42281.0,0,0,0
1825,2,4,1680.0,41745.2,0,0,0
2158,2,1,147.0,20024.6,3,7,26075345
1452,2,1,21.0,44312.5,3,8,38344526
1626,0,0,49.2,12262.1,7,0,0
1139,0,0,103.8,32296.3,7,0,0
1543,2,1,185.0,37605.6,1,8,89555656
1970,0,2,2900.0,23614.5,0,11,26320064
1810,0,0,167.6,39709.6,7,0,0
1779,0,0,95.8,21672.2,7,0,0
1869,0,0,305.7,80093.6,7,0,0
987,0,0,213.9,66901.0,7,0,0
1421,2,1,3459.0,27916.9,5,2,23454666
1182,2,1,5454.0,32852.0,5,6,23961645
1535,0,0,236.3,51929.3,7,0,0
1869,2,4,14.6,36624.5,6,0,0
1453,0,3,4711.0,50548.5,0,0,0
1018,0,0,68.6,27739.1,7,0,0
1529,2,4,19400.0,45641.2,0,0,0
1640,2,1,3055.0,58335.5,5,5,47011393
987,2,4,14.6,41903.6,6,0,0
2002,0,2,3844.0,26665.7,0,4,99804210
1998,0,3,9584.0,41498.0,0,0,0
1942,2,1,7042.0,25248.9,8,7,37864983
1510,0,3,6920.0,27624.9,0,0,0
873,0,3,28076.0,63998.1,0,0,0
2152,2,1,42.0,78532.4,1,11,86982053
1749,0,0,196.4,49126.4,7,0,0
1565,0,0,59.9,14810.5,7,0,0
1323,2,4,14.6,19522.1,6,0,0
964,0,3,11429.0,46972.8,0,0,0
2067,2,1,5263.0,27796.4,1,5,98643308
1953,2,4,4900.0,37619.2,0,0,0
1358,2,1,1173.0,14637.0,3,4,57924091
1974,2,1,3017.0,49348.4,5,4,72221982
1749,0,0,27.5,22778.5,7,0,0
1982,2,4,33000.0,52513.5,0,0,0
907,2,1,1352.0,27582.8,8,1,27370810
1096,2,4,2600.0,22267.0,0,0,0
454,1,4,3240.0,60885.0,0,0,0
701,0,3,1300.0,29577.4,0,0,0
661,2,1,1628.0,16154.5,5,7,6348324
1787,2,1,5873.0,43417.7,5,2,73948222
1823,2,4,690.0,21139.4,0,0,0
1941,2,4,2300.0,23977.0,0,0,0
1184,2,4,34200.0,53229.7,0,0,0
1243,2,1,1563.0,30800.9,5,4,68393963
500,2,4,14.6,35065.9,6,0,0
1097,2,4,6900.0,70765.0,0,0,0
1833,0,3,38952.0,62801.7,0,0,0
2126,2,1,1109.0,36443.3,8,2,59396386
1669,2,1,3328.2,23401.0,8,9,31917315
1758,0,2,3255.0,26795.4,0,11,27600163
1572,2,4,4600.0,33137.9,0,0,0
1730,2,1,1940.0,11558.4,5,11,74184041
2013,2,4,1300.0,34846.1,0,0,0
1853,2,1,4516.0,29474.0,8,10,14772266
1635,2,1,1994.0,13313.7,5,9,55974131
1299,0,2,11624.0,50072.6,0,8,54006659
2055,2,4,1050.0,26880.0,0,0,0
1688,2,4,14.6,37677.3,6,0,0
1139,0,0,169.9,38954.6,7,0,0
1596,2,4,14.6,20500.9,6,0,0
1728,2,1,416.0,59785.5,3,1,559258
1596,2,4,14.6,19706.6,6,0,0
814,0,3,15642.0,34796.9,0,0,0
2090,2,1,3106.0,21301.1,5,4,89983695
1756,2,1,1622.0,33024.6,3,13,98447876
843,2,4,2000.0,19908.4,0,0,0
1877,2,4,14400.0,76655.2,0,0,0
1137,0,3,500.0,21838.2,0,0,0
2156,2,4,2000.0,49484.8,0,0,0
1151,0,2,49752.0,107293.2,0,11,26319891
683,0,0,192.7,44987.1,7,0,0
1961,0,0,178.2,23679.0,7,0,0
1414,0,0,131.7,31710.4,7,0,0
1736,0,3,1000.0,36398.9,0,0,0
2092,0,3,10807.0,78302.3,0,0,0
1353,0,0,177.4,43262.4,7,0,0
1839,2,4,1920.0,13770.6,0,0,0
1048,2,4,14.6,24279.5,6,0,0
1852,2,1,105.0,76769.0,1,7,77973669
1200,0,0,129.6,42637.4,7,0,0
2144,0,0,74.8,15853.2,7,0,0
1495,2,4,900.0,22059.6,0,0,0
1261,2,4,14.6,44610.7,6,0,0
1967,2,1,2284.0,9321.7,0,1,98749815
1018,2,4,14.6,29668.7,6,0,0
1930,2,4,14.6,57668.2,6,0,0
1900,0,0,141.2,31571.6,7,0,0
926,2,4,14.6,67405.5,6,0,0
1311,0,3,11900.0,13000.0,0,0,0
2156,2,4,2000.0,103067.2,1,0,0
1913,0,3,41186.0,54053.5,0,0,0
1818,2,4,1020.0,17490.6,0,0,0
953,2,4,2800.0,23961.9,0,0,0
1778,2,4,3300.0,23005.5,0,0,0
1901,2,4,12600.0,29420.1,0,0,0
1723,2,1,4298.0,29999.6,5,3,51997315
997,2,1,4739.0,40931.7,5,12,47483712
1605,2,1,2277.0,48162.3,5,13,44794058
1991,0,0,79.0,19356.4,7,0,0
1176,0,2,4350.0,27423.0,2,11,59883838
1838,2,4,3900.0,59233.9,0,0,0
1883,2,4,240.0,14490.7,0,0,0
2019,2,5,1100.0,56438.5,0,0,0
257,0,0,82.3,16911.3,7,0,0
1565,2,4,14.6,56235.8,6,0,0
1417,2,4,6300.0,12113.7,0,0,0
1535,2,4,14.6,49968.6,6,0,0
1281,2,4,9800.0,42840.4,0,0,0
1292,0,0,184.9,42512.6,7,0,0
905,0,2,22064.0,52951.9,0,6,54256457
871,2,1,629.0,26499.2,3,3,3080630
1900,2,4,14.6,20713.1,6,0,0
970,0,3,11231.0,42730.9,0,0,0
1393,2,1,9678.0,42795.2,5,7,42665183
1445,0,0,259.5,47217.4,7,0,0
2053,0,0,231.2,53155.9,7,0,0
1504,0,0,148.5,34502.8,7,0,0
1419,0,3,18412.5,54669.3,0,0,0
1178,2,1,1536.0,21509.3,5,1,40236705
599,0,3,5186.0,38020.8,0,0,0
1818,2,4,3120.0,72571.6,0,0,0
1602,2,4,22300.0,43791.1,0,0,0
1236,0,3,17241.0,42076.1,0,0,0
2119,2,1,2166.0,18161.6,1,9,64557379
1902,2,4,200.0,11627.6,0,0,0
1513,0,2,2926.0,16793.7,0,12,24475783
1854,0,3,600.0,16658.5,0,0,0
2126,2,1,3581.0,12202.6,5,9,13186729
757,2,1,5202.0,27425.9,5,1,5552345
1548,2,1,835.0,47745.0,1,6,1474237
665,0,3,8834.0,26559.2,0,0,0
1366,0,3,1300.0,47235.4,0,0,0
1900,0,0,78.2,19334.9,7,0,0
1779,0,0,333.4,98714.9,7,0,0
2036,2,1,983.0,46868.1,3,13,70030551
1846,2,1,8919.0,5822.6,5,6,37808364
1273,2,1,6950.8,13066.7,8,9,64508902
1697,2,1,826.0,61922.4,1,2,40253979
1693,0,3,14283.0,47548.0,0,0,0
1893,0,3,11978.0,97257.6,0,0,0
1089,2,4,960.0,13368.1,0,0,0
349,0,0,14.4,9769.0,7,0,0
1786,0,2,4506.0,23091.6,2,8,39559894
1400,2,4,16900.0,36081.9,0,0,0
846,0,3,4600.0,29652.4,0,0,0
903,2,1,1486.0,26262.6,5,6,85333066
664,0,2,12154.0,45223.3,0,9,19537103
1466,0,3,600.0,29619.0,0,0,0
1810,2,4,14.6,61631.0,6,0,0
1091,2,1,3448.0,37333.0,5,9,53213423
1102,2,4,3000.0,16672.7,0,0,0
653,0,0,120.8,29665.2,7,0,0
1236,2,1,8535.0,31869.1,1,2,40179944
1930,0,0,182.6,43729.4,7,0,0
2060,0,3,18253.0,70109.3,0,0,0
2158,2,1,2828.0,42822.0,1,6,6576216
1930,2,4,14.6,63255.7,6,0,0
1630,0,3,7000.0,13685.5,0,0,0
1509,2,4,1000.0,27188.7,0,0,0
2083,0,0,295.9,62020.9,7,0,0
2083,2,4,14.6,14067.0,6,0,0
1076,2,4,9700.0,35413.0,0,0,0
1535,2,4,14.6,70661.1,6,0,0
1040,0,3,33377.0,81560.4,0,0,0
1961,2,4,14.6,35489.4,6,0,0
926,2,4,14.6,41504.1,6,0,0
257,0,0,187.3,42876.4,7,0,0
1354,1,4,12809.0,65676.0,0,0,0
2064,0,3,17165.0,46317.2,0,0,0
2006,2,4,5900.0,10559.8,0,0,0
808,2,4,9000.0,43076.9,0,0,0
2059,2,4,7400.0,38340.6,0,0,0
2082,2,4,3300.0,18020.3,0,0,0
1881,0,2,4339.0,19726.4,2,13,63160800
1139,0,0,110.6,23695.0,7,0,0
1669,2,1,2683.0,15194.4,5,2,49628651
1749,2,4,14.6,63034.3,6,0,0
358,2,4,800.0,43267.5,0,0,0
745,0,0,76.0,17836.0,7,0,0
714,2,4,14.6,22668.7,6,0,0
1828,2,4,1920.0,15889.6,0,0,0
926,2,4,14.6,34847.7,6,0,0
1184,2,1,6820.0,32211.8,5,10,62248831
296,2,1,2014.0,16736.8,0,11,32008636
1442,2,4,3520.0,61499.5,0,0,0
962,2,4,5900.0,30743.0,0,0,0
2066,2,1,5799.0,61877.1,5,4,28252244
1640,2,1,704.0,54233.2,1,12,36365342
1695,2,1,1999.0,20283.0,5,13,74354535
1433,2,4,4640.0,49069.3,0,0,0
172,0,2,4042.0,20710.0,2,2,45886778
799,2,4,26100.0,56588.7,0,0,0
1910,2,1,130.0,15043.0,5,6,96395837
2144,0,3,40419.0,50766.3,0,0,0
1392,2,1,5632.0,29142.7,1,6,90743112
2062,2,4,2600.0,23032.5,0,0,0
804,0,0,91.6,31063.6,7,0,0
1476,2,4,14.6,30242.7,6,0,0
1476,0,0,69.2,17106.4,7,0,0
852,2,4,2500.0,28159.0,0,0,0
1662,2,1,82.0,87782.2,1,8,91551339
1824,2,4,4500.0,65402.6,0,0,0
1694,2,1,204.0,13645.1,3,6,86809700
530,2,4,14.6,12784.4,6,0,0
1823,2,4,12000.0,26267.1,0,0,0
1788,2,1,4278.0,37680.1,5,3,4608887
2083,0,0,187.2,37907.1,7,0,0
1974,2,1,5286.0,30435.2,5,13,35530597
1396,0,3,12696.0,37517.0,0,0,0
689,2,1,2300.0,29033.8,3,5,36942219
1259,2,4,5400.0,26769.6,0,0,0
1797,2,4,16100.0,75289.0,0,0,0
1233,2,4,5500.0,47033.6,0,0,0
1152,2,1,3365.0,21126.3,5,12,86708855
2136,2,4,6000.0,58010.0,0,0,0
1439,2,4,1800.0,13735.0,0,0,0
1726,2,1,2200.0,9993.5,5,10,81761723
2034,2,1,11994.0,68898.8,5,5,88971179
1475,2,4,1920.0,35595.1,0,0,0
1517,0,2,4810.0,10320.0,2,2,67100393
1752,2,4,1500.0,13663.2,0,0,0
1182,2,1,1299.0,21546.2,8,10,4440504
1881,0,2,25609.0,63950.2,0,9,51120805
1555,0,3,47969.0,112775.8,0,0,0
1718,0,0,136.6,33261.0,7,0,0
1038,0,3,13700.0,26583.4,0,0,0
1334,0,2,4641.0,5341.0,2,8,31724423
1752,0,3,39303.0,130319.4,0,0,0
2083,2,4,14.6,48146.4,6,0,0
420,0,2,6434.0,25686.8,2,8,34144538
2128,2,1,489.0,51098.0,5,7,46385306
1516,2,1,3698.0,48866.0,3,4,66858243
622,0,0,50.3,20158.3,7,0,0
228,2,4,3400.0,26562.4,0,0,0
1504,0,0,350.9,95676.5,7,0,0
1942,0,3,20281.0,36834.8,0,0,0
1779,2,4,14.6,87941.9,6,0,0
1961,0,0,166.7,39944.8,7,0,0
318,0,0,30.0,20049.9,7,0,0
505,0,3,36478.5,79398.5,0,0,0
1362,2,1,64.0,23563.1,5,4,50636059
1779,2,4,14.6,18548.6,6,0,0
847,2,4,34500.0,58922.6,0,0,0
1261,2,4,14.6,26527.7,6,0,0
1490,1,4,2791.0,111797.6,0,0,0
1818,2,4,15040.0,19119.8,0,0,0
1961,0,0,124.6,28092.0,7,0,0
824,0,3,39064.0,128200.4,0,0,0
1961,2,4,14.6,34513.4,6,0,0
926,0,0,154.5,34032.2,7,0,0
1638,2,1,3526.0,37736.8,5,10,36983788
1869,0,0,124.7,30330.0,7,0,0
1200,0,0,199.5,51816.8,7,0,0
1453,2,4,3600.0,37792.4,0,0,0
1504,2,4,14.6,30009.1,6,0,0
1546,1,4,4930.0,46841.2,0,0,0
752,0,3,35781.0,68184.3,0,0,0
1209,2,1,478.0,14765.1,0,5,24233013
2092,2,1,8694.0,69002.0,5,4,1882386
1869,2,4,14.6,37817.5,6,0,0
1139,2,4,14.6,26275.7,6,0,0
1457,2,4,1560.0,53633.4,0,0,0
1773,2,4,23800.0,58239.0,0,0,0
1200,2,4,14.6,25159.5,6,0,0
1400,0,3,5066.0,11610.4,0,0,0
1978,1,4,8085.0,20198.0,0,0,0
834,2,4,14.6,35508.1,6,0,0
894,0,3,8350.0,50956.8,0,0,0
1513,0,2,23261.0,60718.6,0,8,69630121
811,2,4,4500.0,26033.9,0,0,0
728,2,1,2696.0,36961.6,5,6,56617802
1969,2,1,2560.0,35876.1,5,13,249672
2114,2,4,14.6,49664.5,6,0,0
1759,2,4,800.0,59781.9,0,0,0
2175,0,0,95.8,15729.1,7,0,0
1930,2,4,14.6,21724.4,6,0,0
1614,0,3,1600.0,16762.8,0,0,0
990,2,4,45800.0,95346.4,0,0,0
1275,0,3,2900.0,33627.0,0,0,0
1671,0,3,36784.0,106473.2,0,0,0
1053,2,4,2500.0,38451.5,0,0,0
1930,0,0,112.2,33153.4,7,0,0
1881,2,1,22.0,41235.8,5,6,10709649
787,2,1,3684.0,53338.9,3,13,2707452
1596,0,0,168.5,33544.1,7,0,0
755,0,3,18469.0,56614.7,0,0,0
288,0,0,109.1,91471.1,7,0,0
1822,2,1,5454.0,27521.2,5,6,23961645
628,2,1,8812.0,25790.1,5,6,91105961
1937,0,2,4506.0,22995.6,2,8,39559894
1749,2,4,14.6,47678.4,6,0,0
1608,0,3,8782.0,29326.9,0,0,0
1191,2,4,8400.0,28281.0,0,0,0
957,0,0,131.1,32028.9,7,0,0
1815,0,3,200.0,56796.0,0,0,0
925,2,4,63600.0,42396.1,0,0,0
1517,2,1,6387.0,67653.9,5,4,47965639
1545,2,4,18500.0,52304.4,0,0,0
1018,2,4,14.6,40433.5,6,0,0
1939,0,3,2100.0,30042.3,0,0,0
1515,2,1,171.0,69852.1,1,2,47398275
1513,0,3,12882.0,41619.7,0,0,0
1671,2,4,8200.0,46054.8,0,0,0
1656,0,3,30198.0,116283.1,0,0,0
1590,2,4,3840.0,24076.7,0,0,0
987,2,4,30.0,72770.0,6,0,0
1292,2,4,14.6,19295.4,6,0,0
2053,0,0,229.1,47724.2,7,0,0
1779,0,0,261.0,66792.1,7,0,0
2067,0,3,14607.0,81298.5,0,0,0
2153,2,5,3200.0,57940.9,0,0,0
1176,0,3,23728.0,45968.0,0,0,0
1688,2,4,30.0,64101.2,6,0,0
2026,1,4,14865.0,14379.0,0,0,0
2114,0,0,347.2,78521.3,7,0,0
1777,2,4,17600.0,52205.0,0,0,0
1821,2,4,1400.0,16122.9,0,0,0
963,2,1,3657.0,14032.0,5,5,70354622
1657,0,0,146.0,35696.4,7,0,0
1565,0,0,71.0,17531.4,7,0,0
1578,2,1,792.0,36219.5,5,5,2104819
1298,0,2,4951.0,26545.1,2,11,26536172
665,2,1,528.0,30915.0,1,1,56284767
2003,2,1,3674.0,54287.3,1,1,62675297
1840,2,4,3600.0,35294.7,0,0,0
1943,2,1,209.0,36233.4,3,4,61473250
1961,2,4,14.6,12649.2,6,0,0
380,2,4,30.0,20021.0,6,0,0
1930,0,0,129.9,36473.2,7,0,0
1900,0,0,64.7,40172.7,7,0,0
1476,0,0,61.8,13576.5,7,0,0
2059,2,1,8106.0,37577.5,5,5,24689656
1638,2,1,71.0,31471.6,3,12,3315794
1837,2,4,270.0,3830.1,0,0,0
1243,2,1,7300.0,29490.9,5,7,40865373
1504,0,0,57.5,12545.3,7,0,0
2083,2,4,14.6,72892.7,6,0,0
1863,2,4,8300.0,61960.3,0,0,0
1835,2,4,2160.0,26991.2,0,0,0
2036,2,1,401.0,63171.1,1,6,89135688
858,2,4,7800.0,21645.1,0,0,0
1031,0,3,4144.0,22769.9,0,0,0
1939,2,1,1050.0,36602.8,1,12,98720079
1690,1,4,18211.0,33829.6,0,0,0
1445,0,0,175.5,43043.7,7,0,0
1685,0,3,1800.0,42659.3,0,0,0
479,2,1,4043.0,45661.0,1,12,14441299
1419,0,3,6500.0,47614.8,0,0,0
1472,2,4,13600.0,41051.0,0,0,0
1596,0,0,170.2,40532.9,7,0,0
1841,2,4,18.1,30529.1,4,0,0
763,0,3,700.0,33109.0,0,0,0
1266,0,2,4203.0,21398.1,2,8,27204734
1927,2,4,1900.0,13946.0,0,0,0
1516,0,3,7784.0,34098.8,0,0,0
727,2,1,2865.0,20299.0,5,11,20745683
1384,0,0,61.7,18415.7,7,0,0
1493,2,4,15400.0,36413.7,0,0,0
970,2,4,1400.0,27900.0,0,0,0
1632,2,1,793.0,38414.1,1,10,45814847
1596,2,4,14.6,50789.2,6,0,0
1091,0,3,5135.0,23990.3,0,0,0
618,2,4,2720.0,18799.5,0,0,0
1961,0,0,82.1,18721.4,7,0,0
1170,2,4,14.6,21484.0,6,0,0
1306,2,4,11000.0,25771.4,0,0,0
2090,2,1,5908.0,60123.4,1,4,11549193
1725,2,1,2631.0,17445.3,5,7,37909793
839,0,3,9128.0,30451.8,0,0,0
452,2,1,3095.0,19231.1,5,9,26923066
1640,0,3,13622.0,62896.2,0,0,0
2072,2,4,10500.0,41794.5,0,0,0
1674,2,4,13400.0,72639.9,0,0,0
1261,0,0,231.0,47921.3,7,0,0
1504,0,0,84.4,21804.9,7,0,0
1112,2,4,31700.0,92092.3,0,0,0
1542,0,2,6736.0,29821.3,2,6,65835118
1930,2,4,14.6,14166.5,6,0,0
1998,2,1,1513.0,46342.6,1,2,26341355
1384,0,0,266.4,62868.3,7,0,0
1504,0,0,298.5,119996.4,7,0,0
1055,0,3,24595.0,63822.5,0,0,0
1991,2,4,720.0,17855.3,0,0,0
1796,2,4,12600.0,43502.1,0,0,0
936,2,1,578.0,23360.6,1,13,16720837
1796,2,4,800.0,19268.4,0,0,0
1542,0,3,7794.0,8094.0,0,0,0
661,0,3,6412.0,34056.9,0,0,0
1834,2,4,510.0,18030.4,0,0,0
843,2,1,1311.0,39998.7,5,1,28652066
1074,2,4,2200.0,28138.5,0,0,0
2156,2,1,2106.0,22203.9,5,7,36616581
1395,2,1,2364.0,55803.9,5,9,26202184
1271,2,4,46600.0,33437.2,0,0,0
2144,0,0,218.3,75034.5,7,0,0
1545,0,2,3221.0,20250.0,0,4,85690086
622,2,4,14.6,46613.3,6,0,0
1515,2,1,1457.0,38046.7,1,11,43192416
2000,2,4,3800.0,32977.6,0,0,0
487,2,4,640.0,26752.8,0,0,0
1657,0,0,78.3,16836.5,7,0,0
1535,0,0,112.0,13411.1,7,0,0
2083,2,4,14.6,33493.0,6,0,0
2032,2,1,2190.0,46524.0,5,7,74832015
653,2,4,200.0,26030.8,0,0,0
1869,2,4,14.6,55476.8,6,0,0
2060,2,1,23.0,62213.9,1,10,51036828
1330,2,1,1996.0,19909.8,5,7,35517573
1961,2,4,14.6,23156.6,6,0,0
810,0,3,30124.0,76774.6,0,0,0
1237,0,3,28153.5,46234.6,0,0,0
1076,2,4,330.0,23815.9,0,0,0
1198,0,3,24657.0,127067.6,0,0,0
1588,0,3,35763.0,129860.3,0,0,0
873,2,1,502.0,54274.0,5,4,19993174
2126,2,1,3188.0,57469.0,1,10,68747752
1181,2,1,1953.0,9205.6,5,6,64831554
1400,2,4,3500.0,34445.9,5,0,0
1419,2,4,11000.0,37106.2,0,0,0
1939,2,4,4600.0,19496.0,0,0,0
1353,0,0,140.2,32170.2,7,0,0
2101,2,4,33200.0,4225.6,0,0,0
1456,0,2,31845.0,73519.5,0,3,2569228
1012,2,4,5500.0,13790.3,0,0,0
1971,0,3,21447.0,54716.5,0,0,0
561,0,0,76.4,19791.8,7,0,0
2053,0,0,64.8,15978.0,7,0,0
1830,2,4,7200.0,37677.4,0,0,0
1419,0,2,4941.0,15823.0,2,2,91663467
1962,2,4,7400.0,19859.8,0,0,0
743,2,4,600.0,19473.9,0,0,0
1937,2,4,3840.0,15768.6,0,0,0
1930,2,4,14.6,13820.6,6,0,0
1890,2,4,1680.0,42178.3,0,0,0
2144,0,0,175.6,41943.7,7,0,0
444,0,2,31937.0,83039.4,0,10,14847791
1810,2,4,14.6,24797.9,6,0,0
1669,2,1,4588.5,33213.5,8,8,7923072
1596,0,0,19.9,949.2,7,0,0
1242,0,2,5336.0,26919.6,2,12,19092953
1384,2,4,14.6,15510.6,6,0,0
1596,2,4,14.6,60453.9,6,0,0
783,2,1,319.0,44728.9,5,1,51449030
1048,0,0,188.4,45878.4,7,0,0
1966,0,3,10321.5,34263.6,0,0,0
683,2,4,100.0,64673.9,6,0,0
1509,0,3,2400.0,32157.3,0,0,0
948,2,4,5900.0,24944.7,0,0,0
1749,2,4,14.6,25435.2,6,0,0
1996,0,3,19829.0,51712.3,0,0,0
1853,2,1,3738.0,20980.9,5,8,39091980
1973,2,1,13628.0,57352.2,5,11,62451505
1000,0,3,300.0,36141.5,0,0,0
1143,2,4,2700.0,37565.6,1,0,0
930,2,4,2640.0,24132.8,0,0,0
1841,0,0,300.2,99928.2,7,0,0
2175,0,0,92.9,22910.6,7,0,0
1353,2,4,14.6,16403.5,6,0,0
1846,2,1,1825.0,35445.9,5,11,44909232
1545,2,1,3086.0,13335.3,5,3,53077900
1200,0,0,30.2,20821.2,7,0,0
1905,0,3,7778.0,50293.2,0,0,0
2030,2,1,2010.0,17431.1,5,4,80965399
1509,2,4,4600.0,33551.2,0,0,0
926,0,0,122.1,29352.9,7,0,0
1834,2,4,4800.0,30336.5,0,0,0
773,0,0,84.9,23995.8,7,0,0
1195,2,4,900.0,24224.8,0,0,0
755,2,1,1540.0,26280.9,3,6,6017333
1619,2,4,1680.0,39127.5,0,0,0
1025,0,2,3220.0,16925.7,0,8,16611045
2082,0,3,6700.0,71654.8,0,0,0
1882,2,1,2802.0,13830.5,5,13,18395823
1261,2,4,14.6,52030.1,6,0,0
1086,0,2,6736.0,27528.6,2,6,65835118
1878,0,3,18692.0,79195.0,0,0,0
669,2,4,14600.0,44890.9,0,0,0
1930,2,4,14.6,19222.0,6,0,0
1124,2,1,9356.0,28866.5,5,5,14144766
1731,1,4,18053.0,50321.3,0,0,0
1622,2,4,7800.0,44716.0,0,0,0
1709,2,4,40700.0,69387.9,0,0,0
1834,2,4,1500.0,40186.3,0,0,0
1820,2,4,780.0,31615.9,0,0,0
2053,0,0,232.0,55439.0,7,0,0
715,2,4,2720.0,28712.1,0,0,0
1785,2,1,907.0,25005.5,1,7,96369796
1779,0,0,132.5,29959.0,7,0,0
1754,2,1,5427.0,37488.6,5,5,36796647
1693,2,1,3254.0,18106.9,5,6,24701452
368,2,4,800.0,22469.4,0,0,0
1474,2,4,9760.0,40953.6,0,0,0
1547,0,2,35557.0,95397.4,0,10,60952126
541,2,4,2400.0,20899.7,0,0,0
1146,2,1,1995.0,25748.2,1,7,16825324
1940,2,1,1866.0,8952.4,1,12,8029026
1394,2,1,3639.0,44107.3,5,12,22472965
385,0,3,19852.0,52754.8,0,0,0
1602,2,1,2206.0,33650.8,5,6,62916707
1626,0,0,318.1,56892.8,7,0,0
828,0,3,32960.0,63725.3,0,0,0
2152,0,3,800.0,36263.7,0,0,0
755,0,3,17585.0,43437.3,0,0,0
1656,2,4,28500.0,47624.8,0,0,0
1688,0,0,173.9,44230.0,7,0,0
1145,0,3,600.0,600.0,0,0,0
1935,2,1,2509.0,30106.0,1,2,25392246
834,0,0,107.4,23528.4,7,0,0
745,0,0,146.3,28467.8,7,0,0
2027,2,4,31600.0,72955.2,0,0,0
542,0,3,4391.0,23800.4,0,0,0
1795,2,4,360.0,48066.4,0,0,0
1839,2,4,7200.0,51758.8,0,0,0
1906,2,1,3352.0,18919.6,1,9,49858301
2110,2,4,3680.0,27872.4,0,0,0
1476,2,4,30.0,61774.3,6,0,0
1784,2,1,2285.0,27175.3,5,3,34919470
2083,0,0,369.1,77651.0,7,0,0
559,2,4,7000.0,31124.7,0,0,0
164,0,3,800.0,800.0,0,0,0
724,0,3,15224.0,45978.6,0,0,0
1541,0,3,14260.0,32436.5,0,0,0
1638,0,3,8834.0,24719.0,0,0,0
1596,0,0,304.4,71632.8,7,0,0
561,2,4,14.6,30430.0,6,0,0
683,0,0,115.4,27667.6,7,0,0
1353,0,0,158.9,39561.7,7,0,0
1577,0,3,17477.0,32918.0,0,0,0
1414,0,0,36.2,7839.3,7,0,0
1849,2,1,3254.0,22594.9,5,4,75825410
1161,2,4,1200.0,42892.7,0,0,0
1504,2,4,14.6,21923.8,6,0,0
1337,2,4,5900.0,27400.3,0,0,0
1424,2,1,2957.0,47736.6,1,6,33347761
987,0,0,122.6,28407.8,7,0,0
1582,2,4,18100.0,41050.3,0,0,0
1353,0,0,49.4,12268.5,7,0,0
1634,2,1,1726.0,19131.0,5,13,51488196
1579,2,1,7655.0,44194.4,5,12,97499405
865,2,4,34100.0,78199.0,0,0,0
1900,2,4,14.6,28519.3,6,0,0
1353,0,0,280.8,63386.5,7,0,0
926,2,4,14.6,21030.6,6,0,0
2022,0,0,73.8,18571.9,7,0,0
936,2,4,22300.0,40729.8,0,0,0
1940,2,1,5338.0,41194.7,1,12,50051724
530,0,0,80.9,16726.7,7,0,0
1757,2,4,14900.0,46028.9,0,0,0
1353,2,4,14.6,20086.5,6,0,0
1765,2,4,5000.0,29969.6,0,0,0
1445,2,4,14.6,64750.3,6,0,0
1346,2,4,37600.0,59366.9,0,0,0
1900,0,0,230.0,44710.3,7,0,0
227,2,4,14.6,24922.6,6,0,0
154,2,4,23100.0,48387.7,0,0,0
1756,2,1,2330.0,36481.4,0,13,83163529
1941,0,3,23755.0,73660.0,0,0,0
2114,2,4,14.6,19211.4,6,0,0
1214,0,3,11012.0,36970.8,0,0,0
2022,0,0,226.3,54038.6,7,0,0
1564,2,4,2700.0,22347.6,0,0,0
299,2,1,5598.0,30202.8,5,2,10887700
1390,0,2,6923.0,25218.9,2,7,7631910
323,2,1,1043.0,85015.3,3,4,56986600
1504,2,4,14.6,40678.3,6,0,0
1983,1,4,5371.0,48237.2,0,0,0
1026,2,1,8400.0,28855.0,5,4,21743178
1535,0,0,198.4,31177.1,7,0,0
2058,0,2,3100.0,15262.7,0,6,4792172
469,0,0,219.4,51325.1,7,0,0
1569,0,3,700.0,700.0,0,0,0
1089,2,1,1920.0,32145.6,5,1,31974488
740,2,4,2900.0,18692.7,0,0,0
1667,2,1,5426.0,34567.4,5,7,33568215
360,0,2,12154.0,34990.6,0,9,19537103
2096,2,4,900.0,50080.5,0,0,0
1749,2,4,14.6,22547.5,6,0,0
1384,2,4,14.6,30373.1,6,0,0
1207,2,1,3172.0,54369.5,5,4,80522375
1513,2,4,28600.0,62294.3,0,0,0
1779,0,0,231.9,56567.2,7,0,0
653,0,0,103.9,26103.3,7,0,0
1467,2,4,5400.0,12520.8,0,0,0
234,0,2,4220.0,13460.0,2,3,40635764
1504,0,0,72.5,13199.3,7,0,0
505,2,1,121.0,67301.1,1,2,47281420
511,2,1,3823.0,58526.2,5,6,66976618
1835,2,5,1200.0,54640.0,0,0,0
1381,2,4,690.0,18252.7,0,0,0
2087,2,5,3900.0,47594.7,0,0,0
745,2,4,14.6,12200.9,6,0,0
1749,2,4,14.6,16892.0,6,0,0
1152,0,3,12435.0,29108.8,0,0,0
1267,2,1,197.0,37895.1,3,12,44012415
1269,2,1,5483.0,29850.2,1,3,30920487
379,2,4,7800.0,59466.6,0,0,0
2064,2,1,2144.0,22732.6,1,7,62003463
2123,0,3,23842.0,61898.0,0,0,0
1217,0,3,13870.0,49791.9,0,0,0
1190,0,3,6775.0,61840.3,0,0,0
1414,2,4,14.6,59112.9,6,0,0
2060,2,1,2806.0,30881.6,5,9,20080882
2062,2,4,16000.0,70087.0,0,0,0
2175,0,0,292.9,77689.6,7,0,0
2091,2,1,5156.0,34426.8,1,2,85035067
1272,2,4,5400.0,27049.8,0,0,0
1596,2,4,14.6,44412.6,6,0,0
2027,0,2,22021.0,49219.1,0,10,54977714
987,2,4,14.6,33887.4,6,0,0
608,2,4,2040.0,38750.2,0,0,0
1090,2,1,4714.0,22330.4,1,3,30132371
1891,2,4,10800.0,39837.1,0,0,0
1095,0,3,42241.0,87737.3,0,0,0
1100,2,4,1600.0,37120.9,0,0,0
453,0,3,7226.0,37431.6,0,0,0
1170,0,0,115.7,29417.4,7,0,0
1815,0,3,11771.0,59778.2,0,0,0
1761,0,2,4655.0,27629.0,2,13,25846690
1976,2,4,1520.0,22674.6,0,0,0
1900,2,4,14.6,77550.0,6,0,0
1991,2,4,14.6,25138.7,6,0,0
2153,2,1,300.0,67512.3,5,4,99985640
1336,2,4,10300.0,26672.8,0,0,0
1000,2,1,1810.0,45323.9,1,9,88711630
1878,2,1,1116.0,32355.6,5,12,21956253
1626,0,0,188.5,39689.7,7,0,0
1759,2,1,2141.0,18909.3,5,11,58173835
2142,2,4,960.0,24188.0,0,0,0
1961,2,4,14.6,56530.8,6,0,0
683,0,0,130.7,28855.1,7,0,0
1974,0,3,2700.0,25300.0,0,0,0
1110,0,0,68.8,21559.7,7,0,0
1998,0,3,19187.0,59214.8,0,0,0
1718,2,4,14.6,28607.0,6,0,0
1385,2,4,5300.0,28896.0,0,0,0
1465,2,4,1200.0,37713.5,0,0,0
1609,0,3,1500.0,21100.0,0,0,0
1159,2,4,35100.0,63675.4,0,0,0
2122,2,1,1144.0,20794.5,0,1,77515130
1958,0,3,44178.0,69746.4,0,0,0
2003,0,3,2100.0,29639.8,0,0,0
842,2,4,10100.0,34822.2,0,0,0
993,2,1,4381.0,15579.1,5,10,13122338
1079,0,0,72.0,19614.4,7,0,0
2114,0,0,176.5,39505.1,7,0,0
1829,2,4,800.0,17522.2,0,0,0
1362,2,4,15400.0,70790.5,0,0,0
21,0,3,600.0,600.0,0,0,0
1854,2,1,1592.0,21847.5,5,12,66261118
714,0,0,133.2,32524.7,7,0,0
1515,1,4,8364.0,-2762.8,0,0,0
1110,0,0,202.1,36688.2,7,0,0
813,2,4,5000.0,20505.4,0,0,0
1023,0,3,22127.0,51690.8,0,0,0
1268,1,4,23068.0,74476.8,0,0,0
2022,0,0,244.2,59156.7,7,0,0
1900,0,0,57.9,14014.5,7,0,0
2076,2,4,10400.0,45669.9,0,0,0
1414,0,0,68.9,16638.7,7,0,0
1206,2,4,2000.0,31589.5,0,0,0
1170,0,0,140.8,42237.7,7,0,0
2158,2,1,2769.0,107124.1,1,7,79798209
1831,2,4,5100.0,48156.1,0,0,0
1179,2,4,3400.0,29518.5,0,0,0
1473,2,4,1800.0,24202.1,0,0,0
734,2,4,1080.0,21005.0,0,0,0
1869,2,4,14.6,14734.9,6,0,0
359,2,4,4900.0,34642.8,0,0,0
1749,2,4,14.6,53965.3,6,0,0
1278,2,4,5400.0,25092.3,0,0,0
1822,2,4,1700.0,25592.5,0,0,0
1448,2,4,300.0,22229.2,0,0,0
1763,2,1,1066.0,45955.7,5,1,72237545
1414,2,4,14.6,35524.9,6,0,0
1517,2,4,22500.0,45838.2,0,0,0
1757,2,1,9098.0,38119.7,5,7,21157777
1789,2,1,1347.0,63709.6,1,3,20720190
726,2,1,9250.0,30403.1,5,1,57949954
1170,0,0,115.5,30090.3,7,0,0
1290,0,3,21473.0,49525.6,0,0,0
1900,0,0,245.1,61263.6,7,0,0
2016,0,3,6900.0,41364.6,0,0,0
1149,2,4,15900.0,57725.1,0,0,0
1331,2,1,1961.0,16336.8,5,7,35781991
417,2,1,1296.0,19382.4,3,2,46939146
1387,1,4,11408.0,16180.2,0,0,0
1794,2,4,3200.0,32844.9,0,0,0
1333,0,2,2994.0,23794.2,0,13,9059656
1971,2,1,41.0,21735.5,1,3,52778792
296,0,3,18347.0,48681.0,0,0,0
1549,2,1,2238.0,43773.2,1,10,76871382
933,2,4,1900.0,28772.1,0,0,0
318,2,4,14.6,21841.0,6,0,0
1418,0,3,17700.0,30379.7,0,0,0
2016,2,5,2200.0,88344.8,0,0,0
1212,2,1,4225.0,56196.1,5,5,69179099
1261,0,0,83.7,20630.4,7,0,0
843,2,1,41.0,79312.9,3,2,93120836
1465,2,4,7800.0,28777.9,0,0,0
1722,2,4,19600.0,98595.5,0,0,0
987,0,0,175.1,42697.4,7,0,0
972,2,4,9900.0,44401.6,0,0,0
2157,2,4,9900.0,74505.2,0,0,0
723,0,3,17495.0,49811.6,0,0,0
1865,2,4,4680.0,50273.7,0,0,0
691,2,4,3720.0,27875.4,0,0,0
1200,0,0,70.1,81659.1,7,0,0
1355,1,4,12211.0,34805.6,0,0,0
1018,2,4,14.6,28924.1,6,0,0
995,2,1,355.0,12854.4,1,4,11477154
2122,0,3,20633.0,97528.3,0,0,0
1584,2,4,4440.0,53581.3,0,0,0
2064,0,2,4006.0,20255.2,2,1,75083070
2144,2,4,14.6,71138.7,6,0,0
1967,0,3,20530.0,43351.0,0,0,0
347,2,4,750.0,24449.3,0,0,0
1906,2,1,641.0,21196.2,1,6,17019027
1305,2,1,5191.0,61465.5,1,5,95490520
1034,2,4,1230.0,22744.9,0,0,0
662,2,1,7426.0,34685.2,5,1,26629168
1361,2,1,2846.0,15694.1,5,3,27696168
1614,2,4,3550.0,24748.6,0,0,0
1398,0,2,6382.0,27240.0,2,11,38306725
1756,0,2,20977.0,43225.8,0,5,53895574
1779,2,4,14.6,24122.2,6,0,0
1970,2,1,1033.0,16324.1,1,2,72363370
1269,2,4,2400.0,18779.5,0,0,0
1718,2,4,14.6,79551.6,6,0,0
1358,2,4,7300.0,18836.5,0,0,0
2019,2,4,1600.0,42647.3,0,0,0
1728,0,2,3008.0,48625.8,0,2,24482953
1973,2,1,3021.0,44332.2,8,11,52448576
1796,1,4,9542.0,72998.6,0,0,0
1200,2,4,100.0,37673.4,6,0,0
2160,1,4,3485.0,10227.0,0,0,0
1150,2,1,6302.0,94315.3,5,5,95204364
1024,2,1,2013.0,16892.9,0,12,47454333
1720,0,3,6976.0,39900.1,0,0,0
1303,0,2,15873.0,35610.9,0,12,68042999
232,0,2,3063.0,15815.0,0,13,13231766
2090,0,3,14493.0,97832.8,0,0,0
1400,0,3,1100.0,28971.7,0,0,0
1565,2,4,14.6,101628.4,6,0,0
1476,0,0,176.4,29152.6,7,0,0
736,2,4,800.0,25022.8,0,0,0
318,0,0,83.4,18129.6,7,0,0
2053,2,4,14.6,18042.8,6,0,0
1788,2,4,1300.0,29995.8,0,0,0
970,0,2,3686.0,30922.0,0,7,18376
834,0,0,94.2,23857.0,7,0,0
1908,0,2,20328.0,48222.0,0,8,19404459
1908,0,3,5707.0,52230.8,0,0,0
1773,2,4,300.0,14099.5,0,0,0
2002,0,2,3243.0,20645.9,0,10,93896942
1494,0,3,500.0,41429.4,0,0,0
1758,2,4,6100.0,72007.0,0,0,0
1900,2,4,14.6,21597.6,6,0,0
469,2,4,14.6,29842.5,6,0,0
1396,2,1,529.0,49208.3,8,12,77369373
723,2,4,2500.0,48057.0,0,0,0
1425,2,1,1764.0,45118.6,5,8,88213985
1831,2,4,2040.0,61951.3,0,0,0
1463,2,4,13300.0,38468.2,0,0,0
2053,2,4,14.6,70877.7,6,0,0
1118,2,1,2970.0,17869.6,1,12,949460
1372,2,4,5300.0,62325.8,0,0,0
2083,2,4,14.6,42018.1,6,0,0
336,2,4,2880.0,31648.8,0,0,0
2095,2,1,7042.0,41063.1,8,7,37864983
1446,2,4,2500.0,55502.5,0,0,0
964,0,2,6189.0,39099.9,2,9,96233039
1504,2,4,14.6,13607.9,6,0,0
1718,2,4,14.6,56370.0,6,0,0
1770,0,3,38125.0,56686.4,0,0,0
2002,2,1,1879.0,32964.5,1,1,5196965
1200,0,0,258.3,62469.6,7,0,0
1565,0,0,164.4,36431.4,7,0,0
1449,2,4,30700.0,62486.6,0,0,0
1537,0,3,100.0,18075.5,0,0,0
1170,0,0,73.1,18243.4,7,0,0
2083,2,4,14.6,23986.0,6,0,0
1810,0,0,136.8,33851.2,7,0,0
1102,2,4,1470.0,18105.2,0,0,0
1393,2,1,312.0,25475.4,1,5,80296814
1451,2,1,1018.0,27700.1,1,3,39506387
1603,2,1,3240.0,28760.1,5,1,86339223
1058,0,3,22633.5,53360.3,0,0,0
751,2,1,494.0,28135.3,3,4,41737938
901,0,3,21340.0,37672.0,0,0,0
1900,0,0,210.9,52599.7,7,0,0
1414,2,4,14.6,24897.4,6,0,0
1079,0,0,87.4,25499.8,7,0,0
865,2,4,14.6,79239.1,6,0,0
1001,0,3,20902.0,70244.6,0,0,0
355,2,4,19800.0,23891.0,0,0,0
773,2,4,14.6,23868.1,6,0,0
1975,2,4,9100.0,51773.0,0,0,0
1815,2,4,2700.0,33742.1,0,0,0
834,0,0,108.1,25912.8,7,0,0
999,2,1,3105.2,44715.0,8,2,62584346
1883,0,2,6727.0,28276.8,2,9,94994931
1210,2,1,6094.0,43653.3,5,12,61733460
1385,2,4,5700.0,28723.7,0,0,0
1061,2,1,571.0,42120.1,1,5,37776649
1869,2,4,14.6,38205.9,6,0,0
2022,2,4,14.6,17936.0,6,0,0
1626,2,4,14.6,14757.5,6,0,0
1486,2,4,3400.0,12722.9,0,0,0
1639,0,2,5997.0,33281.8,2,5,18260264
1184,0,3,39197.0,81014.6,0,0,0
724,2,1,1449.0,17594.9,5,1,79115420
1460,1,4,19591.0,52559.3,0,0,0
1048,0,0,427.3,61842.2,7,0,0
1657,0,0,90.4,25234.2,7,0,0
1200,0,0,77.3,18971.6,7,0,0
1820,2,4,650.0,38475.8,0,0,0
1855,0,2,43095.0,65881.5,0,3,10179949
1996,0,3,16720.0,31332.9,0,0,0
1920,2,4,2200.0,31486.5,0,0,0
1763,2,1,1253.0,37754.3,1,9,58903491
536,2,1,16.0,23974.1,3,11,84126734
2025,2,4,1920.0,57896.2,0,0,0
1366,0,2,3704.0,27425.4,0,8,72884320
1624,2,4,4700.0,31149.9,0,0,0
1571,2,1,6157.0,19503.5,5,6,62685650
1571,0,2,14727.0,25739.6,0,7,49895131
1698,2,1,284.0,21589.3,1,6,19554490
2088,0,3,23131.0,66501.4,0,0,0
1182,2,1,1352.0,16446.5,8,1,27370810
1818,2,4,3900.0,49394.7,0,0,0
2119,2,1,1173.0,12971.0,3,4,57924091
1274,0,3,4144.0,15901.6,0,0,0
2083,0,0,114.5,35535.6,7,0,0
1018,2,4,14.6,42589.6,6,0,0
2022,2,4,15800.0,51737.9,0,0,0
1846,2,1,1599.0,39774.9,5,6,48782503
1472,2,4,1800.0,43220.7,0,0,0
1616,2,4,10900.0,30991.5,0,0,0
1333,0,3,31484.0,67162.9,0,0,0
2123,0,3,18902.0,40686.4,0,0,0
850,0,3,26999.0,127014.6,0,0,0
1420,0,2,4974.0,25280.5,2,3,27748787
366,2,4,1500.0,30600.8,0,0,0
1626,0,0,172.2,49645.1,7,0,0
1910,0,3,3200.0,104200.1,0,0,0
1018,2,4,14.6,61526.6,6,0,0
926,0,0,207.5,44580.9,7,0,0
1085,2,4,700.0,27360.1,0,0,0
1633,0,3,9431.0,15300.4,0,0,0
1626,0,0,86.0,18444.9,7,0,0
1176,0,2,5859.0,39283.8,2,4,15384018
1694,0,2,5915.0,23760.0,2,10,10531437
1410,2,4,25600.0,88651.1,0,0,0
2053,0,0,203.8,50967.7,7,0,0
1168,2,4,3900.0,30607.8,0,0,0
1457,2,1,3970.0,10024.6,5,5,38673484
736,2,4,10880.0,15451.6,0,0,0
1210,2,1,2332.0,20655.4,5,7,67366206
1718,2,4,14.6,51695.3,6,0,0
2063,2,1,3710.0,33712.6,5,3,6195903
2114,0,0,143.2,30845.9,7,0,0
1617,2,4,500.0,17670.6,0,0,0
1332,0,3,15575.0,58592.1,0,0,0
926,2,4,4300.0,26514.0,0,0,0
500,0,0,179.4,43010.6,7,0,0
707,0,3,19295.0,46451.0,0,0,0
1535,0,3,21994.0,35396.5,0,0,0
966,0,3,27444.0,89378.6,0,0,0
1845,0,3,5700.0,54277.5,0,0,0
1367,2,1,7170.0,46642.9,5,11,59670215
1384,2,4,14.6,21886.0,6,0,0
2150,2,4,13000.0,21400.9,0,0,0
622,2,4,100.0,63423.2,6,0,0
1475,2,4,8480.0,38107.1,0,0,0
1090,2,1,2619.0,43768.0,5,11,35817569
1756,2,4,14300.0,46340.6,0,0,0
1694,0,2,17660.0,31626.8,0,4,49404096
1669,2,1,371.0,15918.0,1,10,63415229
1596,2,4,14.6,33795.0,6,0,0
1668,2,1,58.0,27986.6,1,2,19594610
1107,2,4,6700.0,64337.1,5,0,0
1535,0,0,108.1,25733.5,7,0,0
1930,2,4,14.6,53340.8,6,0,0
1364,2,4,3900.0,50566.4,0,0,0
1975,2,1,3737.0,30428.4,5,6,37360865
804,2,4,1600.0,36056.6,0,0,0
872,0,3,7480.0,26665.8,0,0,0
1991,0,0,110.2,27876.9,7,0,0
1945,0,3,21562.0,72921.0,0,0,0
380,0,0,103.9,29349.2,7,0,0
1881,0,3,5893.0,41313.3,0,0,0
2022,2,4,14.6,67774.5,6,0,0
1488,2,1,3312.0,16830.6,8,12,16481298
1896,0,3,29367.0,77728.7,0,0,0
1414,0,0,85.6,15749.2,7,0,0
1450,2,1,864.0,26680.3,1,7,2668875
1275,2,1,5023.0,20448.8,5,13,36806219
1974,2,1,6953.0,36566.5,3,13,57870101
1721,2,4,2160.0,22858.7,0,0,0
483,0,3,1300.0,30009.9,0,0,0
1797,2,4,3200.0,72489.1,0,0,0
502,0,3,1100.0,1100.0,0,0,0
1018,0,0,73.7,17482.9,7,0,0
1900,0,0,292.4,65507.7,7,0,0
987,0,0,128.8,41437.0,7,0,0
1991,2,4,14.6,15544.4,6,0,0
551,0,3,5894.0,13637.4,0,0,0
1535,0,0,331.6,111798.5,7,0,0
1353,2,4,14.6,49735.4,6,0,0
1841,0,0,83.4,16376.6,7,0,0
357,2,4,5100.0,42981.9,0,0,0
1677,2,4,2040.0,21536.5,0,0,0
1245,0,2,4798.0,25626.6,2,3,72355246
1930,2,4,14.6,23476.5,6,0,0
957,2,4,14.6,30959.6,6,0,0
2119,2,1,292.0,19391.2,3,1,13184309
2150,0,3,7776.0,29384.3,0,0,0
1909,0,3,8000.0,85955.3,0,0,0
1810,0,0,257.9,60751.0,7,0,0
871,0,3,1400.0,20052.5,0,0,0
326,2,1,4068.0,5505.2,3,1,59710752
370,2,4,700.0,39728.2,0,0,0
1053,0,3,27417.0,60068.1,0,0,0
1810,0,0,43.0,20975.8,7,0,0
683,2,4,14.6,26543.4,6,0,0
2074,0,3,23360.0,103302.4,0,0,0
1631,0,2,5407.0,22228.0,2,13,63281148
1576,0,2,3147.0,17206.6,0,12,62861180
1810,0,0,109.3,26714.0,7,0,0
1779,2,4,30.0,18970.4,6,0,0
1018,2,4,14.6,32048.9,6,0,0
1841,0,0,91.8,14038.2,7,0,0
1607,0,3,5791.0,26645.8,0,0,0
1878,2,4,12500.0,34668.5,0,0,0
560,2,4,29600.0,57641.6,0,0,0
1408,2,4,2700.0,14595.1,0,0,0
1121,2,1,1711.0,22400.4,3,10,98307567
876,0,3,10244.0,37848.5,0,0,0
1236,2,1,6828.0,27301.1,5,1,94691901
1044,0,3,600.0,600.0,0,0,0
934,2,1,2493.0,52560.7,3,2,2489036
1724,2,1,1143.0,47012.9,1,3,99499773
288,0,0,291.2,53663.6,7,0,0
2157,0,3,36022.0,114557.6,0,0,0
2028,0,2,3498.0,17800.8,0,13,6397539
1268,0,3,17268.0,43369.6,0,0,0
2114,2,4,14.6,24340.5,6,0,0
683,0,0,105.0,39373.8,7,0,0
235,2,4,4800.0,30676.1,0,0,0
1069,0,3,48037.0,51137.0,0,0,0
1261,2,4,38000.0,78179.3,0,0,0
1823,2,4,16100.0,45456.0,0,0,0
2066,0,2,2956.0,23991.8,0,3,46188896
1841,2,4,10700.0,34001.9,0,0,0
1724,2,1,4410.0,12205.2,5,1,77193778
1942,0,2,2929.0,16374.4,0,9,36391699
1900,0,0,264.6,42428.8,7,0,0
900,2,1,3878.0,18543.0,5,13,6201172
1667,2,1,6814.0,62335.5,5,9,10475975
1323,0,0,52.1,14960.1,7,0,0
2144,0,0,91.3,22561.1,7,0,0
2033,2,1,185.0,48397.3,1,10,12956852
530,0,0,103.3,13717.9,7,0,0
1992,0,3,2200.0,83487.0,0,0,0
1331,2,1,363.0,35424.6,5,5,53186309
1958,0,3,4200.0,11274.1,0,0,0
2114,0,0,125.9,31441.4,7,0,0
1770,0,3,34157.0,68743.4,0,0,0
2002,2,1,179.0,38778.3,3,7,20500302
1018,2,4,14.6,18672.6,6,0,0
1184,2,4,9700.0,37388.0,0,0,0
727,2,4,7200.0,46916.1,0,0,0
1292,2,4,14.6,22126.8,6,0,0
408,0,0,86.9,21823.9,7,0,0
570,2,1,5995.0,17175.0,1,7,30218410
1749,2,4,14.6,39434.7,6,0,0
377,2,4,2700.0,45283.4,0,0,0
1991,0,0,83.7,18915.2,7,0,0
1820,2,4,1600.0,49934.1,0,0,0
349,2,4,14.6,81978.4,6,0,0
1966,0,3,8708.0,36784.8,0,0,0
712,1,4,10336.0,14131.9,0,0,0
1335,0,2,36880.0,37080.0,0,1,97392367
1300,2,1,3306.0,22513.3,5,2,5837190
1727,0,3,7664.0,29508.3,0,0,0
1242,2,1,2140.0,111179.6,1,12,41707503
2144,0,0,309.1,78832.3,7,0,0
622,0,0,122.0,29890.3,7,0,0
845,0,2,18964.0,34703.0,0,8,80365901
2156,2,1,7067.0,34786.2,5,13,32006168
1657,0,0,77.5,33733.0,7,0,0
2067,2,4,14200.0,59072.3,0,0,0
833,2,4,100.0,24411.4,0,0,0
1900,0,0,205.4,51279.1,7,0,0
1907,2,1,7411.0,26375.5,5,7,52028411
683,0,0,73.6,17438.1,7,0,0
1733,2,4,4000.0,36695.0,0,0,0
2131,2,4,1400.0,23456.2,0,0,0
1853,0,3,5600.0,35648.9,0,0,0
2022,0,0,69.5,20549.9,7,0,0
2160,2,4,700.0,37927.5,0,0,0
1170,0,0,91.1,25973.0,7,0,0
1451,2,1,538.0,34592.5,5,11,41107934
2095,2,1,2790.0,47583.9,1,11,43415004
922,2,4,8100.0,45942.1,0,0,0
695,2,4,800.0,40582.7,0,0,0
1236,2,1,4613.0,16235.3,5,7,781095
1133,0,3,43100.0,44200.0,0,0,0
1518,0,3,28613.0,111455.8,0,0,0
1500,0,3,30922.0,86373.4,0,0,0
1860,0,3,13825.0,66894.5,0,0,0
1353,0,0,67.7,20383.2,7,0,0
1267,2,4,800.0,20969.6,0,0,0
1565,0,0,253.5,61723.4,7,0,0
1792,0,2,4621.0,26753.0,2,1,64733224
2011,2,4,3200.0,5306.2,0,0,0
1472,2,5,3000.0,49139.6,0,0,0
1805,2,4,1500.0,23395.7,0,0,0
1245,2,1,148.0,26098.1,3,2,44355207
1231,2,4,14.6,26433.4,6,0,0
2035,0,3,5200.0,19825.7,0,0,0
714,2,4,14.6,20726.1,6,0,0
1155,2,4,4700.0,13697.8,0,0,0
1900,2,4,14.6,18202.7,6,0,0
1051,2,4,6600.0,29443.8,0,0,0
1395,0,3,20021.0,58819.5,0,0,0
1905,0,2,13201.0,42916.7,0,9,26475405
814,2,4,14700.0,31807.9,0,0,0
1396,2,4,2700.0,34526.6,0,0,0
561,2,4,14.6,5982.1,6,0,0
263,2,4,300.0,22304.1,0,0,0
2053,2,4,14.6,45277.8,6,0,0
1970,2,4,6000.0,35760.0,0,0,0
1509,2,1,2805.0,19223.0,5,2,49310952
1231,0,0,253.7,46347.3,7,0,0
1688,0,0,117.9,28441.7,7,0,0
1535,2,4,14.6,29012.5,6,0,0
1943,2,1,890.0,31652.7,5,4,51518619
745,2,4,14.6,39997.9,6,0,0
1353,2,4,14.6,26660.5,6,0,0
1883,0,3,15447.0,101336.0,0,0,0
1244,2,1,571.0,31506.5,1,5,37776649
1241,0,2,6485.0,40514.4,2,4,20643180
1110,2,4,14.6,15404.5,6,0,0
1476,2,4,14.6,32383.0,6,0,0
1815,2,1,13841.0,37326.1,5,3,58462047
1726,2,1,2160.0,40222.7,3,6,117952
1353,0,0,139.7,37889.2,7,0,0
1596,2,4,14.6,18946.1,6,0,0
519,2,4,9750.0,21690.6,0,0,0
1389,2,1,166.0,40608.9,1,2,79972260
1810,2,4,14.6,16924.3,6,0,0
1824,2,1,1261.0,26211.3,1,9,30780631
1690,0,3,5068.0,18429.9,0,0,0
1657,2,4,14.6,26781.6,6,0,0
538,2,1,3716.0,20198.9,5,10,75805902
987,2,4,14.6,25658.0,6,0,0
1513,0,2,4780.0,19829.2,2,9,19643825
812,2,1,3601.0,11390.4,5,8,30310547
658,2,4,900.0,32598.8,0,0,0
2005,2,1,4953.0,64281.6,5,7,96078651
2144,2,4,30.0,53722.5,6,0,0
1610,0,3,1900.0,30327.3,0,0,0
1448,2,4,3360.0,26989.4,0,0,0
939,0,3,6778.0,35529.6,0,0,0
1930,2,4,14.6,43124.4,6,0,0
1820,0,3,15447.0,51987.7,0,0,0
1908,0,2,4600.0,21463.5,2,11,78127258
561,2,4,14.6,37364.1,6,0,0
1822,2,1,5677.0,45797.5,8,4,63599234
1840,0,3,12125.0,108042.4,0,0,0
1971,0,3,16474.0,93061.1,0,0,0
1237,0,3,23766.0,41956.6,0,0,0
357,2,4,1920.0,20285.3,0,0,0
845,2,4,9200.0,30894.4,0,0,0
2053,2,4,14.6,23283.6,6,0,0
1608,2,1,938.0,55357.8,8,2,75504857
1271,0,3,49828.0,89194.4,0,0,0
1057,0,3,21282.0,34190.4,0,0,0
1450,2,4,16300.0,59066.3,0,0,0
1082,2,4,1200.0,37378.0,0,0,0
592,0,0,153.9,38376.5,7,0,0
1459,2,1,7814.0,27779.3,5,12,31189668
1396,2,1,8094.2,41333.8,8,9,49376446
1472,2,4,7800.0,29152.6,0,0,0
2114,0,0,144.9,36486.2,7,0,0
239,2,1,4017.0,46445.1,1,3,84062218
1817,2,4,7300.0,44740.7,0,0,0
1596,2,4,14.6,30136.1,6,0,0
997,2,4,3500.0,44027.1,0,0,0
1758,0,3,31172.0,58000.8,0,0,0
203,0,3,500.0,500.0,0,0,0
1640,0,3,19544.0,44237.7,0,0,0
1261,2,4,14.6,51000.5,6,0,0
1261,2,4,100.0,24707.5,6,0,0
1961,0,0,176.9,45114.6,7,0,0
1244,2,4,15300.0,41431.5,0,0,0
1782,0,3,5706.0,67919.6,0,0,0
1749,0,0,26.9,5059.8,7,0,0
1596,0,0,86.5,22713.8,7,0,0
2062,0,2,5768.0,66897.3,2,8,11943632
1445,0,0,122.5,30115.3,7,0,0
2114,2,4,14.6,41489.1,6,0,0
1753,2,4,600.0,17264.3,0,0,0
1179,1,4,12351.0,26823.6,0,0,0
773,2,4,100.0,83772.0,6,0,0
385,2,1,115.0,19220.6,1,11,65941238
1924,2,4,4600.0,15273.6,0,0,0
848,0,2,3306.0,24579.4,0,5,90088778
1261,2,4,14.6,19952.3,6,0,0
1869,0,0,127.7,33977.2,7,0,0
1353,2,4,14.6,100116.5,6,0,0
1581,2,4,31400.0,15665.7,0,0,0
975,2,4,36500.0,49122.8,0,0,0
1760,0,2,3251.0,22391.0,0,1,62280243
1807,2,4,10000.0,3722.9,0,0,0
1837,2,4,600.0,25540.5,0,0,0
1841,0,0,91.8,16923.8,7,0,0
1322,2,4,1500.0,25664.4,0,0,0
1368,1,4,20583.0,54176.9,0,0,0
729,2,4,3600.0,22085.0,0,0,0
1015,0,3,4900.0,38740.0,0,0,0
1353,2,4,14.6,56984.2,6,0,0
387,0,3,13911.0,33771.6,0,0,0
1018,0,0,256.0,55617.9,7,0,0
1359,0,2,2913.0,21607.2,0,8,1514268
295,2,4,800.0,34656.0,0,0,0
1816,2,4,1920.0,63818.8,0,0,0
1261,2,4,14.6,17325.6,6,0,0
362,2,1,4653.0,47041.4,1,9,73621487
1874,2,1,53.0,20318.2,1,2,70803910
1900,0,0,180.2,55467.0,7,0,0
1848,0,3,16676.0,95415.9,0,0,0
1515,2,1,787.0,61161.5,1,11,34738314
1463,2,4,540.0,15070.9,0,0,0
804,2,4,14.6,37330.0,6,0,0
1170,2,4,14.6,35460.8,6,0,0
1241,0,3,28533.0,80057.4,0,0,0
719,0,2,11213.0,43951.7,0,2,97748749
1524,2,4,2700.0,19186.4,0,0,0
2087,2,4,2800.0,29187.4,0,0,0
1274,0,2,5997.0,12994.0,2,5,18260264
1565,0,0,139.4,31933.9,7,0,0
1741,1,4,5713.0,85513.5,0,0,0
1878,0,2,12528.0,20376.0,0,11,74054735
393,2,4,800.0,23500.0,0,0,0
1930,0,0,131.5,32214.3,7,0,0
1749,2,4,14.6,28454.4,6,0,0
358,2,1,1311.0,28036.4,5,1,28652066
628,2,1,3395.0,13078.9,5,9,70749723
1570,2,1,297.0,23251.6,5,7,86616670
1110,0,0,80.3,17032.0,7,0,0
1900,0,0,63.4,15148.6,7,0,0
870,2,1,1498.0,53024.1,1,13,21647364
1713,1,4,9847.0,91969.8,0,0,0
1718,0,0,100.5,24765.2,7,0,0
1238,2,4,12300.0,41714.4,0,0,0
1102,2,4,5520.0,42688.5,0,0,0
1211,0,3,2100.0,22221.7,0,0,0
1773,2,4,3400.0,38931.8,0,0,0
1860,2,5,2700.0,28760.5,0,0,0
2053,2,4,100.0,92596.0,6,0,0
1900,0,0,102.3,18925.1,7,0,0
2062,2,1,7288.0,28608.6,5,5,67174297
1489,0,3,15914.0,60393.7,0,0,0
1827,2,4,2400.0,33290.3,0,0,0
1486,2,4,5880.0,35406.1,0,0,0
1688,2,4,14.6,-3185.4,6,0,0
496,2,4,6900.0,35674.3,0,0,0
962,0,2,37791.0,83289.7,0,6,13872385
1244,1,4,2511.0,60869.7,0,0,0
816,2,4,27700.0,51565.4,0,0,0
1617,2,4,9440.0,17556.5,0,0,0
1384,2,4,14.6,10734.4,6,0,0
2123,2,1,4591.0,50592.8,5,12,64132481
701,0,3,34937.0,99517.7,0,0,0
296,2,1,2249.0,24975.5,5,8,80142312
1209,2,4,7300.0,25469.2,0,0,0
907,2,1,310.0,28378.0,1,10,24074399
1936,2,1,968.0,64343.1,5,13,53903484
1455,2,4,1700.0,28997.4,0,0,0
349,0,0,65.1,15704.5,7,0,0
2141,2,4,18500.0,76954.3,0,0,0
1957,2,4,17000.0,65388.7,0,0,0
1148,2,4,10100.0,64353.7,0,0,0
926,2,4,14.6,56604.9,6,0,0
2158,2,1,689.0,84160.2,1,4,65290647
1358,2,4,4900.0,55966.9,0,0,0
2097,2,4,5500.0,98122.7,0,0,0
1946,2,4,1700.0,13109.5,0,0,0
1937,2,1,13167.0,100600.6,5,10,73746818
1898,1,4,23642.0,85448.7,0,0,0
870,2,1,765.0,33426.4,3,7,70218544
1930,0,0,168.3,39624.2,7,0,0
926,0,0,106.5,25910.3,7,0,0
1815,2,4,8700.0,63141.6,0,0,0
1693,2,4,5100.0,47943.5,0,0,0
1391,2,1,9327.0,18908.5,5,11,53567492
1727,2,1,3829.0,23732.6,1,4,16848689
2032,2,4,18100.0,52819.3,0,0,0
1117,0,3,14158.0,31839.8,0,0,0
480,2,1,1852.0,15910.7,5,8,14075744
1574,0,2,2926.0,16856.2,0,12,24475783
1918,1,4,14654.0,18343.1,0,0,0
1535,2,4,14.6,18321.4,6,0,0
653,2,4,14.6,36189.9,6,0,0
1715,2,4,1100.0,30490.4,0,0,0
1657,2,4,14.6,16363.4,6,0,0
1175,0,3,2900.0,26354.3,0,0,0
233,0,2,3217.0,19317.7,0,8,70103525
1292,2,4,14.6,33941.5,6,0,0
565,2,4,4300.0,31658.3,0,0,0
1724,0,3,38929.0,47991.9,0,0,0
1516,2,1,12078.0,30924.1,5,3,46564525
1723,2,4,14600.0,27678.8,0,0,0
1893,2,4,3600.0,35374.5,0,0,0
2144,0,0,68.6,15654.8,7,0,0
1575,0,2,6135.0,21478.3,2,7,17782742
2003,2,4,41000.0,70444.9,0,0,0
1964,2,4,19100.0,48495.4,0,0,0
1657,2,4,14.6,20531.3,6,0,0
1630,0,3,19468.0,88332.5,0,0,0
1822,2,4,500.0,57537.9,0,0,0
1869,2,4,14.6,3467.1,6,0,0
1088,2,4,1050.0,24652.1,0,0,0
1082,2,5,2200.0,46997.4,0,0,0
1545,2,4,3760.0,15002.0,0,0,0
1771,2,4,5900.0,62263.6,0,0,0
1292,0,0,197.6,48961.2,7,0,0
1144,2,4,1700.0,34481.0,0,0,0
597,0,2,4660.0,21174.3,2,6,65423965
714,2,4,14.6,63149.2,6,0,0
1758,0,3,9789.0,27157.1,0,0,0
1991,2,4,14.6,46680.2,6,0,0
1662,0,2,6623.0,48206.3,2,9,65717464
1961,0,0,111.5,23533.1,7,0,0
452,2,1,10.0,19781.0,1,4,4786676
1549,2,1,483.0,19693.2,1,5,76135319
1838,2,4,1800.0,19846.0,0,0,0
2090,2,1,6195.0,14318.6,5,4,72100633
1492,2,4,1400.0,35261.8,0,0,0
1791,2,1,8022.8,68617.4,8,10,99570404
1727,0,3,6030.0,44782.7,0,0,0
663,2,1,2332.0,15278.8,5,7,67366206
1292,0,0,308.3,72284.3,7,0,0
2084,0,3,41053.0,76137.6,0,0,0
1170,0,0,62.9,14348.7,7,0,0
1824,0,3,19030.0,57784.9,0,0,0
1626,0,0,260.0,37428.2,7,0,0
2064,2,1,2194.0,17246.6,0,11,92811554
1231,2,4,14.6,51224.9,6,0,0
1236,2,1,6360.0,45230.3,5,11,88817554
1510,2,1,756.0,25255.6,5,8,36553853
1417,2,4,1000.0,28323.7,0,0,0
1292,2,4,14.6,25951.3,6,0,0
1869,0,0,69.9,18144.6,7,0,0
1961,2,4,14.6,74961.6,6,0,0
1930,0,0,145.7,36178.9,7,0,0
743,2,4,2000.0,21220.4,0,0,0
2067,0,2,31366.0,92324.4,0,5,18902480
2100,2,5,2700.0,78737.9,0,0,0
217,0,3,600.0,600.0,0,0,0
1634,2,1,4128.0,32867.6,5,5,41153007
1620,2,4,2700.0,27913.3,0,0,0
541,0,3,20673.0,50315.9,0,0,0
1688,0,0,362.9,98344.4,7,0,0
1762,2,4,4200.0,55706.4,0,0,0
1749,2,4,14.6,43026.3,6,0,0
804,0,0,146.6,35176.4,7,0,0
2144,2,4,30.0,29496.9,6,0,0
1298,0,3,23938.0,69703.4,0,0,0
2022,0,0,322.0,77228.0,7,0,0
600,2,1,2780.0,32257.0,1,3,58645462
1961,2,4,14.6,17451.1,6,0,0
1057,2,1,3859.0,44392.1,1,9,69614529
561,2,4,14.6,19278.7,6,0,0
1414,2,4,14.6,68160.8,6,0,0
1361,2,1,8705.0,58555.0,5,3,52034497
1095,2,4,8700.0,38926.6,0,0,0
968,2,1,4095.0,45475.0,1,10,21518677
1749,0,0,195.0,44912.6,7,0,0
2022,0,0,73.2,18241.9,7,0,0
2132,0,3,700.0,33526.1,0,0,0
1900,0,0,219.2,52813.0,7,0,0
1455,0,3,11310.0,38181.7,0,0,0
1698,2,1,11769.0,50279.9,5,2,67803686
834,2,4,14.6,29240.2,6,0,0
683,2,4,14.6,61937.8,6,0,0
1669,0,3,4216.0,33813.0,0,0,0
1425,2,4,1300.0,45881.3,0,0,0
2033,2,4,2500.0,23675.5,0,0,0
739,2,5,2700.0,33965.9,0,0,0
2064,0,2,6109.0,23467.4,2,4,60466706
1414,2,4,14.6,32465.3,6,0,0
987,0,0,219.3,55274.2,7,0,0
1486,2,1,9641.0,35304.8,5,4,24848491
1732,0,2,3292.0,19342.5,0,11,5928922
1267,2,1,4898.0,18914.0,5,1,34779352
1270,2,1,675.0,24481.0,1,8,78724276
2022,2,4,14.6,43253.6,6,0,0
104,0,0,64.3,41901.3,7,0,0
1965,2,4,4900.0,12716.3,0,0,0
1961,2,4,14.6,49282.0,6,0,0
1874,2,4,2900.0,39399.8,0,0,0
1998,0,3,9629.0,28552.9,0,0,0
1237,2,1,16.0,38374.8,3,11,84126734
1592,2,4,1440.0,39054.1,0,0,0
2049,0,3,700.0,26683.2,0,0,0
1212,2,1,4767.0,17330.9,1,4,27884578
1758,0,2,13776.0,67393.7,0,10,92881422
1696,0,3,11438.0,54219.0,0,0,0
1622,2,4,8800.0,17167.5,0,0,0
2053,2,4,14.6,16050.1,6,0,0
1814,2,4,1320.0,49357.9,0,0,0
865,2,4,14.6,36327.8,6,0,0
1852,0,3,1600.0,19869.5,0,0,0
1303,0,2,4674.0,20468.4,2,10,94689869
448,0,3,5078.0,23393.8,0,0,0
1841,2,4,14.6,13027.4,6,0,0
738,2,4,1000.0,16581.8,0,0,0
1535,0,0,103.5,28893.7,7,0,0
1612,2,4,22900.0,77832.3,0,0,0
1394,0,2,3341.0,19838.4,0,13,40064734
1991,0,0,64.1,13875.6,7,0,0
1299,2,4,4440.0,26364.4,0,0,0
1731,0,3,14005.0,64321.2,0,0,0
1470,0,3,1600.0,15332.5,0,0,0
1749,2,4,30.0,63621.4,6,0,0
1391,2,4,1500.0,20373.8,0,0,0
1414,2,4,14.6,29318.5,6,0,0
2135,0,3,9208.0,62124.8,0,0,0
1268,2,1,4815.0,30115.2,5,4,81546359
1688,2,4,14.6,13011.7,6,0,0
1971,2,1,1773.0,27615.9,1,7,65591120
1849,2,1,7811.0,49829.4,5,1,90449589
1601,0,3,23526.0,59263.1,0,0,0
1460,2,4,1050.0,29809.8,0,0,0
515,2,4,10000.0,23226.6,0,0,0
2033,0,2,3181.0,30787.8,0,3,99745600
1779,2,4,14.6,75513.6,6,0,0
2062,2,1,1643.0,52392.6,1,3,27750283
1266,2,1,5807.0,47266.9,5,7,20774019
257,0,0,119.6,31111.8,7,0,0
1825,2,4,3800.0,15439.2,0,0,0
1718,2,4,14.6,95133.1,6,0,0
873,0,3,24934.5,49643.2,0,0,0
2070,0,3,9400.0,42394.7,0,0,0
1944,2,1,14882.0,68996.3,5,10,30396717
1929,2,4,11500.0,54348.6,0,0,0
1597,2,4,20200.0,23891.3,0,0,0
744,2,4,1560.0,19627.1,0,0,0
1037,0,3,400.0,400.0,0,0,0
2114,0,0,297.5,72248.5,7,0,0
1225,2,4,20500.0,41796.8,0,0,0
1824,2,4,2400.0,18739.4,0,0,0
1749,0,0,338.1,69571.5,7,0,0
2060,0,2,20975.0,43825.3,0,5,77411937
1880,2,1,2788.0,15453.8,5,12,33145171
1060,0,2,3081.0,19767.0,0,12,56776386
2037,0,3,1400.0,93566.2,0,0,0
2144,2,4,14.6,29611.4,6,0,0
1421,2,1,2077.0,12694.9,5,6,67380297
1749,0,0,197.0,44669.6,7,0,0
1392,2,4,5300.0,53865.5,0,0,0
1821,0,3,19404.0,46132.5,0,0,0
1031,2,1,720.0,35002.2,5,4,72342484
957,0,0,204.5,44480.1,7,0,0
2134,2,4,3720.0,58930.8,0,0,0
2140,2,4,4600.0,32552.5,0,0,0
1859,2,4,2600.0,15373.0,0,0,0
1240,2,1,3804.0,28755.6,5,12,74642348
1626,2,4,14.6,70145.1,6,0,0
1535,2,4,14.6,92196.5,6,0,0
778,2,1,31.0,19235.6,5,1,91720389
1688,2,4,20400.0,42843.2,0,0,0
1018,0,0,82.8,19051.3,7,0,0
2125,2,4,8700.0,10456.5,0,0,0
2120,2,1,1888.0,35015.2,3,3,58231496
1786,2,1,5664.0,24668.5,5,10,40163117
2124,0,2,3211.0,19253.3,0,2,70241713
1535,2,4,14.6,10423.9,6,0,0
421,2,1,859.0,14362.6,1,10,34597045
1900,2,4,100.0,19815.9,6,0,0
1832,2,4,480.0,80225.4,0,0,0
1942,2,1,6483.7,93702.9,8,2,54091745
598,0,2,43595.0,94750.3,0,13,34965741
1961,1,4,3301.0,36076.0,0,0,0
1898,2,4,13800.0,25251.0,0,0,0
1549,2,4,10200.0,29644.2,0,0,0
569,2,1,3306.0,23132.9,5,2,5837190
104,0,0,117.1,29914.4,7,0,0
1828,0,3,1500.0,15156.1,0,0,0
1793,2,4,4700.0,20824.0,0,0,0
1742,2,4,22600.0,42825.2,0,0,0
1626,0,0,163.1,31022.7,7,0,0
1799,1,4,23714.0,41145.8,0,0,0
1176,0,3,6492.0,34755.2,0,0,0
1036,2,4,3120.0,18752.1,0,0,0
1292,2,4,14.6,34061.8,6,0,0
1139,0,0,81.1,17391.0,7,0,0
1176,2,4,3400.0,33685.3,0,0,0
1961,2,4,14.6,16313.8,6,0,0
676,2,4,10600.0,33687.3,0,0,0
1683,2,4,21400.0,40213.9,0,0,0
2053,0,0,141.0,30486.3,7,0,0
1292,0,0,76.2,19020.5,7,0,0
1961,2,4,14.6,19166.9,6,0,0
1779,0,0,62.5,14393.0,7,0,0
1183,2,1,6694.0,34606.2,5,4,97242187
1261,2,4,14.6,15226.4,6,0,0
2022,2,4,14.6,39846.3,6,0,0
1971,2,1,1648.0,31941.5,1,13,38488340
1961,0,0,183.8,22289.7,7,0,0
1718,0,0,269.6,55808.2,7,0,0
1848,0,3,24425.0,71634.6,0,0,0
1268,2,1,331.0,49976.0,3,8,23228162
1688,0,0,276.4,55255.6,7,0,0
1565,0,0,146.1,33605.4,7,0,0
2032,2,1,72.0,19310.3,1,9,42206424
1961,2,4,100.0,106358.1,6,0,0
1817,2,4,4800.0,13224.8,0,0,0
815,2,1,7571.0,42448.5,5,7,99692040
509,0,3,36102.0,83064.5,0,0,0
694,2,1,4395.0,26291.3,5,4,43629378
2083,2,4,14.6,80814.2,6,0,0
1626,0,0,310.2,65728.0,7,0,0
2051,2,4,5100.0,42023.6,0,0,0
1900,2,4,14.6,14569.3,6,0,0
1294,0,3,800.0,800.0,0,0,0
1749,2,4,14.6,12486.8,6,0,0
1425,2,1,1277.0,20100.9,5,2,4275078
1839,2,5,1400.0,35847.5,0,0,0
518,2,4,4800.0,32953.5,0,0,0
834,0,0,92.8,24711.4,7,0,0
2083,0,0,131.6,33761.4,7,0,0
2144,2,4,14.6,42456.8,6,0,0
2083,2,4,14.6,16847.1,6,0,0
2036,0,3,23376.0,37330.6,0,0,0
601,0,3,18500.0,55685.2,0,0,0
1608,2,4,7200.0,49789.0,5,0,0
2114,2,4,14.6,62768.0,6,0,0
940,2,4,3000.0,13937.3,0,0,0
1910,0,2,6850.0,49825.9,2,11,56034910
1810,0,0,103.5,21560.6,7,0,0
2053,0,0,106.0,14477.0,7,0,0
1422,2,4,50000.0,68891.6,0,0,0
1656,2,4,3800.0,27532.9,0,0,0
1791,0,3,31968.0,118826.9,0,0,0
2095,2,1,7785.0,13058.6,5,10,65089881
550,2,4,14300.0,41834.1,0,0,0
2053,2,4,14.6,46665.1,6,0,0
1535,0,0,237.1,100364.7,7,0,0
938,2,1,222.0,24459.6,1,1,82703417
1800,1,4,14788.0,46203.2,0,0,0
700,2,4,3360.0,60479.1,0,0,0
1836,2,4,600.0,79625.4,0,0,0
2022,2,4,14.6,29993.5,6,0,0
2151,2,4,3600.0,28563.5,0,0,0
1079,2,4,14.6,17881.8,6,0,0
2114,2,4,14.6,14689.0,6,0,0
759,0,2,3063.0,14188.4,0,9,40405446
509,2,4,1300.0,42487.3,0,0,0
2163,0,3,22580.0,82930.4,0,0,0
538,2,1,6509.0,49179.5,5,7,69929891
987,2,4,14.6,38657.8,6,0,0
1911,2,1,4073.0,39427.7,1,12,59156989
1638,2,1,7021.0,46109.8,5,8,26501775
778,0,3,11891.0,38756.3,0,0,0
904,2,4,3000.0,21105.0,0,0,0
2120,2,1,1367.0,59196.9,5,10,74249100
1973,2,1,1704.0,50824.2,8,7,56463271
1051,2,4,1800.0,26663.6,0,0,0
1841,2,4,100.0,27296.1,6,0,0
1668,0,2,3758.0,27927.8,0,3,93834441
1749,0,0,149.0,37445.3,7,0,0
1851,2,1,2.0,28562.6,1,12,87459617
420,2,1,1867.0,12189.9,1,8,4205275
1929,2,4,47900.0,89725.5,0,0,0
1596,0,0,196.5,51226.6,7,0,0
1018,2,4,14.6,32259.3,6,0,0
1059,0,3,30934.0,70456.7,0,0,0
1918,2,4,5160.0,15275.4,0,0,0
2018,2,4,13300.0,75814.7,0,0,0
1421,0,3,17874.0,49138.7,0,0,0
1450,2,4,840.0,15814.7,0,0,0
591,2,4,4700.0,26997.8,0,0,0
700,2,4,1920.0,68874.2,0,0,0
1961,0,0,321.5,70745.1,7,0,0
318,0,0,16.2,13214.5,7,0,0
1810,2,4,14.6,45150.1,6,0,0
653,0,0,86.5,21491.9,7,0,0
2063,0,3,14061.0,36675.2,0,0,0
1419,2,1,133.0,32616.5,1,3,54634529
1452,0,3,4744.0,30026.0,0,0,0
1485,0,3,17287.0,41688.0,0,0,0
1854,2,1,2844.0,41818.6,5,7,4635501
1764,0,3,1600.0,54799.3,0,0,0
1779,2,4,14.6,49091.9,6,0,0
1469,2,4,5400.0,29823.2,0,0,0
1805,2,4,2880.0,6459.6,0,0,0
1909,2,1,2885.0,35355.8,5,1,49887746
1472,2,4,1680.0,25338.5,0,0,0
1085,2,1,6948.0,39654.8,5,12,99955695
1050,0,3,44674.0,113572.8,0,0,0
804,2,4,14.6,26268.4,6,0,0
1445,0,0,118.5,28186.5,7,0,0
2086,0,3,22663.0,34779.4,0,0,0
1512,2,1,11469.0,70190.2,5,10,65273123
2089,1,4,9972.0,22046.5,0,0,0
530,2,4,14.6,33828.6,6,0,0
1939,2,4,1300.0,40061.7,0,0,0
684,0,3,48703.0,99901.4,0,0,0
1110,2,4,14.6,17410.3,6,0,0
1657,2,4,14.6,35606.2,6,0,0
1913,0,3,1300.0,37264.5,0,0,0
355,2,1,2643.0,10847.7,5,12,87020074
561,0,0,79.2,19089.3,7,0,0
2053,2,4,14.6,16340.7,6,0,0
1756,0,2,3190.0,30480.4,0,9,19271183
1968,2,1,648.0,43710.6,1,9,48447573
878,0,2,6296.0,17060.5,2,3,53671467
1688,0,0,368.5,76107.5,7,0,0
1688,0,0,108.4,33878.0,7,0,0
1779,2,4,14.6,41733.1,6,0,0
1211,0,3,9303.0,44134.0,0,0,0
586,0,3,26486.0,72654.6,0,0,0
1912,2,1,3197.8,19092.0,8,7,80371361
318,0,0,15.2,13736.8,7,0,0
1907,2,4,2000.0,44222.5,0,0,0
629,2,1,6746.0,37312.8,5,9,48987203
1317,2,4,10200.0,29759.9,0,0,0
2114,2,4,14.6,61731.6,6,0,0
559,0,3,12878.0,44830.4,0,0,0
2034,2,1,12692.0,50343.6,5,7,6377709
1509,0,3,21091.0,47903.0,0,0,0
890,2,4,3300.0,22462.7,0,0,0
1841,0,0,167.5,34350.8,7,0,0
1943,2,1,3294.0,27704.0,5,10,37129354
1627,0,3,21614.0,86264.1,0,0,0
1231,2,4,14.6,36388.1,6,0,0
408,2,4,14.6,34801.3,6,0,0
1476,0,0,80.6,17793.9,7,0,0
1779,2,4,14.6,13471.7,6,0,0
1749,0,0,110.8,25845.3,7,0,0
1292,2,4,14.6,18559.7,6,0,0
1225,2,4,400.0,23017.5,0,0,0
1565,2,4,14.6,11609.4,6,0,0
54,2,4,8400.0,35572.3,0,0,0
1323,2,4,14.6,38318.1,6,0,0
1596,0,0,114.3,28961.0,7,0,0
1124,2,1,3602.0,17947.8,5,5,60471528
907,2,1,2076.0,15149.7,8,6,34254557
1699,2,1,493.0,29707.1,1,7,61283069
2137,2,4,500.0,17040.1,0,0,0
1848,2,1,5397.0,30966.1,1,7,8757979
1688,0,0,90.6,17487.2,7,0,0
1428,2,1,2935.0,44528.9,5,4,22978300
1834,2,4,700.0,20503.3,0,0,0
1488,0,3,5896.0,36694.1,0,0,0
2170,2,5,2600.0,61614.4,0,0,0
1353,2,4,14.6,30532.1,6,0,0
1094,2,4,2040.0,46826.1,0,0,0
1880,2,4,22000.0,43365.2,0,0,0
1990,0,3,12644.0,123238.1,0,0,0
2153,0,3,17199.0,89881.1,0,0,0
1333,2,1,1080.0,25658.0,5,10,35699868
1778,2,4,3700.0,25702.4,0,0,0
536,2,4,8200.0,32822.0,0,0,0
2083,2,4,14.6,55184.6,6,0,0
816,2,4,4100.0,39203.4,0,0,0
529,0,3,1000.0,1000.0,0,0,0
957,2,4,14.6,19930.6,6,0,0
484,2,4,2500.0,20849.5,0,0,0
1900,0,0,117.2,24915.4,7,0,0
987,2,4,14.6,49568.2,6,0,0
259,0,3,11600.0,35343.1,0,0,0
865,2,4,14.6,48419.5,6,0,0
1261,0,0,243.7,40364.8,7,0,0
447,2,4,5000.0,29913.4,0,0,0
1888,2,4,3040.0,25321.0,0,0,0
1359,2,4,4300.0,17757.1,0,0,0
854,1,4,2580.0,61218.1,0,0,0
1986,2,4,19300.0,30125.2,0,0,0
2062,2,1,5375.0,63620.0,5,3,91739165
1637,2,4,6900.0,50605.8,0,0,0
1999,0,2,4727.0,40832.0,2,7,94977980
1456,2,4,600.0,42612.7,0,0,0
1869,2,4,14.6,103129.3,6,0,0
1818,2,4,1020.0,26845.9,0,0,0
1866,2,4,17100.0,21824.1,0,0,0
1841,2,4,14.6,15452.3,6,0,0
1272,2,4,21500.0,54844.5,0,0,0
834,0,0,139.4,30028.7,7,0,0
1445,2,4,14.6,50505.7,6,0,0
1266,2,1,1071.0,24323.6,1,6,77042627
1059,1,4,13241.0,69512.9,0,0,0
1869,2,4,14.6,53793.2,6,0,0
895,0,0,194.8,35025.1,7,0,0
2175,0,0,371.6,78773.2,7,0,0
395,0,3,1800.0,27860.3,0,0,0
1961,2,4,14.6,32039.3,6,0,0
1443,2,4,1560.0,17190.6,0,0,0
380,2,4,11500.0,39857.8,0,0,0
934,2,1,3198.0,21245.0,5,13,22188473
2127,0,2,6698.0,41895.5,2,13,76209622
1244,2,1,2844.0,39877.1,5,7,4635501
1516,2,4,1300.0,27077.5,0,0,0
781,2,4,12200.0,49964.2,0,0,0
630,0,3,8766.0,31604.4,0,0,0
2157,0,3,13833.0,1860.3,0,0,0
1763,2,1,1290.0,19773.8,5,9,36950737
622,0,0,109.9,27838.0,7,0,0
1445,2,4,14.6,21520.2,6,0,0
1810,0,0,231.4,55567.3,7,0,0
2074,2,4,3000.0,57923.9,0,0,0
2158,0,2,5258.0,27912.2,2,6,20588261
1900,2,4,30.0,49093.7,6,0,0
2079,2,4,2800.0,13190.8,0,0,0
2022,0,0,146.3,35124.0,7,0,0
1481,2,1,4742.0,27694.3,3,6,1780486
1906,2,1,2318.0,29709.8,5,12,27352017
2114,2,4,14.6,24353.1,6,0,0
2062,2,1,635.0,37274.7,1,13,12730980
722,2,1,6686.0,26771.4,5,3,83890586
1718,2,4,14.6,84586.7,6,0,0
878,2,1,733.0,8734.2,1,2,75502043
1688,0,0,326.5,66877.1,7,0,0
1810,2,4,14.6,83404.7,6,0,0
834,0,0,76.7,15960.2,7,0,0
957,0,0,171.6,50785.3,7,0,0
2120,2,1,2087.0,20672.8,5,13,9631318
653,2,4,14.6,28881.1,6,0,0
1481,0,3,10942.0,46172.7,0,0,0
1298,2,4,5280.0,23753.0,0,0,0
1510,0,2,25530.0,51763.9,0,2,42768037
1414,2,4,14.6,72684.5,6,0,0
714,0,0,197.9,46207.2,7,0,0
1323,2,4,14.6,51741.0,6,0,0
1471,2,4,840.0,12804.2,0,0,0
1292,2,4,14.6,22590.2,6,0,0
1845,2,4,2520.0,30431.9,0,0,0
1869,2,4,14.6,31073.2,6,0,0
1810,2,4,14.6,22045.5,6,0,0
1854,2,1,2248.0,76356.3,5,2,83092337
2053,2,4,14.6,17114.1,6,0,0
1874,2,1,2259.0,23117.0,0,1,15814888
2062,0,3,4423.0,18332.1,0,0,0
1634,0,3,10698.0,50519.4,0,0,0
1974,0,2,4431.0,26546.8,2,6,8669984
1596,2,4,14.6,25136.4,6,0,0
1869,0,0,104.7,26280.6,7,0,0
2093,0,2,33722.0,50101.6,0,2,88180535
569,0,3,4711.0,26037.1,0,0,0
1153,2,1,704.0,65790.8,1,12,36365342
1673,0,3,3800.0,38300.7,0,0,0
1455,0,2,5735.0,25755.0,2,9,82899385
424,2,4,6300.0,49624.2,0,0,0
1302,2,1,4087.0,22164.5,1,4,37369465
476,2,4,1900.0,31230.4,0,0,0
2053,2,4,14.6,26272.1,6,0,0
1493,2,4,8800.0,40162.5,0,0,0
1139,2,4,14.6,30459.2,6,0,0
2127,2,1,492.0,49332.4,3,11,14109647
954,2,4,300.0,17481.1,0,0,0
965,2,1,5185.0,35242.7,5,9,9167498
1339,2,4,1600.0,43163.6,0,0,0
1565,0,0,139.0,20999.7,7,0,0
1810,0,0,127.3,33886.0,7,0,0
1914,2,1,3486.0,17269.9,5,11,5356938
1215,2,4,850.0,20599.6,0,0,0
1657,2,4,14.6,20022.8,6,0,0
1869,0,0,144.9,32680.6,7,0,0
1718,0,0,157.3,38457.1,7,0,0
714,0,0,251.7,66786.2,7,0,0
1785,1,4,12906.0,53573.4,0,0,0
537,1,4,12813.0,38857.0,0,0,0
1330,0,3,17358.0,46157.8,0,0,0
696,0,3,200.0,22000.0,0,0,0
1965,2,4,8600.0,51565.9,0,0,0
1930,0,0,231.1,31462.5,7,0,0
363,2,1,2239.0,39917.7,5,13,16537583
1626,0,0,289.9,82711.5,7,0,0
2157,2,1,7623.0,83712.4,5,4,44665473
1930,0,0,178.0,43622.4,7,0,0
2154,2,1,3252.0,71236.8,5,8,86823993
1279,0,3,30261.0,130851.8,0,0,0
2030,0,3,22586.0,123673.0,0,0,0
1991,0,0,254.5,55203.8,7,0,0
690,2,1,226.0,28971.2,1,8,78948193
1810,2,4,14.6,25595.6,6,0,0
1836,2,4,800.0,54055.1,0,0,0
1542,2,1,43.0,27488.0,3,8,83566981
908,2,4,960.0,21873.1,0,0,0
1306,2,1,5500.0,54345.2,5,13,2573502
1476,2,4,14.6,21608.5,6,0,0
1749,2,4,14.6,24587.7,6,0,0
1180,0,3,12573.0,40143.2,0,0,0
1631,2,1,1043.0,4154.2,3,4,56986600
1639,0,3,6778.0,39197.0,0,0,0
1949,2,4,4200.0,61266.1,0,0,0
1983,0,3,32264.0,84784.0,0,0,0
2126,0,2,3273.0,48479.6,0,8,12587994
1698,2,1,1540.0,25595.1,3,6,6017333
1991,2,4,5900.0,13014.5,0,0,0
874,0,2,6432.0,7432.0,2,12,45791804
1366,0,3,27948.0,64759.4,0,0,0
469,0,0,127.7,30127.2,7,0,0
658,0,3,32729.0,77029.8,0,0,0
1466,2,4,4500.0,34877.2,0,0,0
2058,2,1,6110.0,46081.6,5,6,12137484
1730,2,4,6900.0,34570.0,0,0,0
1912,2,1,4277.0,37431.3,5,5,20809352
1429,2,4,2760.0,31553.4,0,0,0
2152,0,3,25330.5,30403.6,0,0,0
745,2,4,14.6,23570.9,6,0,0
1464,2,4,840.0,23780.7,0,0,0
1596,0,0,244.4,60234.1,7,0,0
972,0,3,4800.0,16100.0,0,0,0
1394,0,3,5922.0,27181.7,0,0,0
1570,2,1,2040.0,22362.4,5,1,21871125
1414,2,4,14.6,105822.7,6,0,0
393,0,2,4260.0,21815.3,2,10,62864976
1297,2,4,3500.0,41956.4,0,0,0
957,2,4,14.6,14790.6,6,0,0
386,2,1,3854.0,15945.8,5,6,75944941
1420,2,4,1400.0,19226.0,0,0,0
1911,2,4,1020.0,32082.9,0,0,0
1852,2,1,7.0,28908.7,1,9,33505654
824,1,4,6011.0,33611.4,0,0,0
1317,0,3,300.0,300.0,0,0,0
816,2,1,3372.7,43222.4,8,10,89597016
2139,2,4,4700.0,66979.1,0,0,0
1158,1,4,20887.0,4025.0,0,0,0
2053,2,4,14.6,16253.1,6,0,0
1626,0,0,89.6,18881.8,7,0,0
2005,0,2,31366.0,76889.7,0,5,18902480
1237,2,4,1800.0,42227.6,0,0,0
1980,2,4,20300.0,32336.6,0,0,0
810,0,2,3161.0,18088.5,0,2,8226746
766,0,3,3000.0,22249.0,0,0,0
622,0,0,402.5,91261.2,7,0,0
1575,0,3,9335.0,42458.5,0,0,0
1869,0,0,78.5,27990.0,7,0,0
1669,0,3,8834.0,25703.7,0,0,0
1911,2,1,8458.0,22207.9,5,11,56447219
653,0,0,239.1,57132.6,7,0,0
926,0,0,189.4,33546.4,7,0,0
1170,0,0,37.3,10234.5,7,0,0
1389,2,4,10000.0,37224.6,0,0,0
653,0,0,102.0,24506.6,7,0,0
1943,0,3,14651.0,31983.7,0,0,0
1832,2,4,3360.0,16060.2,0,0,0
1353,0,0,83.3,20578.2,7,0,0
1838,2,4,2520.0,39132.7,0,0,0
1453,0,3,24231.0,89248.7,0,0,0
1890,2,4,34700.0,64379.0,0,0,0
1688,2,4,14.6,19056.9,6,0,0
1990,2,5,3500.0,38111.0,0,0,0
1231,2,4,14.6,24932.9,6,0,0
935,2,1,1172.0,59045.0,5,9,50940710
983,2,4,7000.0,41251.6,0,0,0
785,2,1,3790.0,19112.5,5,8,23890793
74,0,0,51.5,20204.5,7,0,0
1991,0,0,336.3,65838.9,7,0,0
1738,2,4,7200.0,68775.8,0,0,0
964,2,1,692.0,39671.1,1,11,2867442
2114,0,0,216.2,49459.0,7,0,0
1110,0,0,313.1,60407.2,7,0,0
570,0,3,21993.0,50848.3,0,0,0
1854,0,2,5738.0,14901.7,2,11,33926296
1688,0,0,259.1,62584.4,7,0,0
905,2,1,455.0,28105.6,1,6,37085980
1842,0,3,300.0,12285.6,0,0,0
834,2,4,14.6,28983.3,6,0,0
2022,0,0,287.9,68379.1,7,0,0
1504,0,0,141.8,44430.3,7,0,0
1594,0,3,11852.0,72805.9,0,0,0
1218,0,3,1000.0,48269.6,0,0,0
969,2,1,2976.0,65419.1,5,4,58356165
1345,2,4,11200.0,13062.3,5,0,0
239,0,3,9615.0,24656.2,0,0,0
1975,0,2,64642.0,112945.1,0,3,10179949
1384,0,0,264.3,57036.1,7,0,0
1779,2,4,14.6,17968.3,6,0,0
2175,0,0,195.8,46957.3,7,0,0
2144,2,4,14.6,21991.8,6,0,0
1541,2,1,1574.0,67393.6,5,9,9564370
1647,2,4,26800.0,46162.1,0,0,0
243,0,3,2700.0,25194.0,0,0,0
293,1,4,20072.0,24078.0,0,0,0
1384,2,4,14.6,15308.3,6,0,0
1231,0,0,106.3,30847.2,7,0,0
1823,2,4,1440.0,25289.7,0,0,0
2003,2,1,7300.0,50558.5,5,7,40865373
1170,0,0,130.4,29441.4,7,0,0
2031,2,1,2736.0,23918.0,5,13,67027497
1577,2,1,2858.0,13586.4,1,13,41987031
2138,2,4,12300.0,75134.8,0,0,0
1997,0,2,12078.0,44438.3,0,7,96802848
1596,2,4,14.6,17579.9,6,0,0
1922,2,4,63600.0,110613.4,0,0,0
368,2,4,870.0,17465.4,0,0,0
1606,2,1,372.0,40596.9,3,8,16959125
1231,0,0,118.9,28910.1,7,0,0
2016,1,4,7387.0,90272.3,0,0,0
1476,0,0,162.3,34883.8,7,0,0
2093,0,2,4507.0,21768.0,2,12,68387925
1476,0,0,52.8,8057.5,7,0,0
1462,2,4,1900.0,26685.7,0,0,0
1909,2,1,1613.0,20330.0,5,10,94148736
2049,0,3,15500.0,39903.5,0,0,0
2033,2,1,9788.0,23515.0,5,11,60928738
1353,0,0,93.2,22385.3,7,0,0
1626,0,0,183.9,39898.6,7,0,0
1943,0,2,6003.0,21731.6,2,7,97819196
1205,2,4,4500.0,40686.7,0,0,0
1445,2,4,6200.0,27876.9,0,0,0
1452,0,3,14820.0,43568.5,0,0,0
1535,2,4,14.6,34313.7,6,0,0
429,2,4,16400.0,45599.2,0,0,0
1261,0,0,122.3,29533.1,7,0,0
1538,0,3,41157.0,116165.3,0,0,0
1848,2,1,601.0,21799.0,1,3,63786613
1870,2,4,5600.0,37888.5,0,0,0
1825,2,4,1300.0,31504.7,0,0,0
2081,2,4,13300.0,19154.0,0,0,0
926,2,4,14.6,37949.4,6,0,0
1454,2,4,330.0,34012.7,0,0,0
1991,2,4,14.6,15574.7,6,0,0
2083,2,4,14.6,73708.5,6,0,0
895,0,0,250.5,47390.3,7,0,0
390,2,1,4681.0,84992.1,1,6,74763947
1810,0,0,178.4,29366.2,7,0,0
1735,0,3,1200.0,36762.3,0,0,0
2144,2,4,14.6,60021.8,6,0,0
1814,2,4,1200.0,23640.5,0,0,0
1504,2,4,30.0,94741.2,6,0,0
2053,0,0,115.5,28097.4,7,0,0
1137,0,3,1800.0,20479.1,0,0,0
1464,2,4,5100.0,36140.0,0,0,0
1913,0,3,32441.0,126573.2,0,0,0
1414,0,0,121.8,35694.3,7,0,0
2083,0,0,95.8,24094.1,7,0,0
2053,2,4,14.6,37135.0,6,0,0
1061,2,4,1200.0,39891.8,0,0,0
1787,2,1,3387.0,34263.2,1,13,17594266
1461,2,4,6600.0,21708.5,0,0,0
1640,0,3,7425.0,45740.6,0,0,0
2128,2,1,3298.0,39271.0,5,8,90301942
1911,2,4,14600.0,28946.6,0,0,0
1241,0,3,15962.0,44885.1,0,0,0
987,0,0,117.0,27346.9,7,0,0
1944,2,1,1361.0,36711.9,1,8,12751335
1353,0,0,3.4,24773.4,7,0,0
1700,2,1,3983.0,18940.0,5,6,17701733
1930,0,0,100.1,23697.8,7,0,0
569,2,1,2726.0,21311.0,3,1,83722591
2093,2,4,3100.0,24096.3,0,0,0
1170,0,0,71.9,15943.6,7,0,0
1048,0,0,122.7,25384.4,7,0,0
1775,2,4,12700.0,14017.6,0,0,0
1841,0,0,181.4,44565.6,7,0,0
1085,0,3,24753.0,77069.6,0,0,0
1139,0,0,76.4,17376.9,7,0,0
1577,2,1,1735.0,49812.0,8,11,2864957
990,2,4,1000.0,22407.1,0,0,0
728,0,2,3058.0,21109.8,0,10,29172384
380,0,0,218.6,65915.6,7,0,0
1779,0,0,259.5,63296.2,7,0,0
816,2,1,5388.5,23482.4,8,6,11066365
1968,1,4,18385.0,73503.6,0,0,0
1909,0,3,12882.0,24412.8,0,0,0
1853,0,2,6943.0,17505.6,2,1,86791544
2002,2,1,7312.0,57034.7,5,13,70292973
2114,2,4,14.6,47970.4,6,0,0
726,2,1,5106.0,38524.5,5,6,44689565
1693,0,3,2900.0,40065.6,0,0,0
804,2,4,14.6,35661.4,6,0,0
1690,2,4,5900.0,31299.2,0,0,0
2053,0,0,184.7,48267.2,7,0,0
288,0,0,97.2,26145.7,7,0,0
1688,2,4,14.6,23221.1,6,0,0
1180,0,2,3081.0,17862.1,0,12,51931703
1535,0,0,210.7,35594.2,7,0,0
1443,2,4,13800.0,46413.3,0,0,0
1269,2,1,391.0,18676.8,0,2,42079347
1930,2,4,14.6,40434.8,6,0,0
1891,2,4,1800.0,19653.0,0,0,0
1841,2,4,14.6,48907.3,6,0,0
1535,2,4,100.0,97540.0,6,0,0
1121,2,1,487.0,38466.1,1,5,89576708
2053,2,4,14.6,65566.9,6,0,0
1030,2,1,7959.0,42963.8,5,10,96580969
696,2,1,881.0,76966.3,1,1,95008945
591,0,3,10554.0,48011.4,0,0,0
1301,2,4,16200.0,39397.4,0,0,0
1518,0,2,4334.0,16336.0,2,4,95109897
2022,0,0,172.2,38181.8,7,0,0
865,2,4,14.6,44823.1,6,0,0
1739,0,3,28273.0,94992.1,0,0,0
1518,2,4,1300.0,63200.4,0,0,0
596,0,3,2400.0,19248.7,0,0,0
1295,2,4,6300.0,35039.4,0,0,0
1353,0,0,84.0,19850.9,7,0,0
1244,2,1,1785.0,18862.6,5,3,14724040
2175,0,0,297.8,74262.1,7,0,0
1441,2,4,3800.0,33193.2,0,0,0
1925,0,3,43698.0,94517.2,0,0,0
1018,2,4,14.6,55593.8,6,0,0
592,2,4,14.6,32180.0,6,0,0
1504,0,0,82.7,33784.3,7,0,0
1853,2,1,4588.5,23018.2,8,8,7923072
1048,2,4,14.6,48275.7,6,0,0
1906,2,1,9711.0,24484.7,1,9,60125994
408,0,0,87.3,22998.7,7,0,0
934,2,1,4128.0,39015.0,5,5,41153007
1463,0,3,1300.0,59105.4,0,0,0
1860,1,4,8050.0,33296.1,0,0,0
1139,0,0,53.8,13443.8,7,0,0
1883,0,3,7600.0,63798.5,0,0,0
1814,2,4,1520.0,23889.5,0,0,0
1849,0,2,15404.0,21960.7,0,12,62657683
1292,2,4,14.6,27788.5,6,0,0
1607,0,2,69012.0,102556.3,0,11,24325549
1504,0,0,86.3,34466.6,7,0,0
1729,0,2,6563.0,17495.7,2,10,75758260
592,2,4,14.6,24135.0,6,0,0
1779,2,4,14.6,20260.7,6,0,0
1912,2,1,3532.0,33033.0,8,6,97231417
1596,0,0,112.8,27753.8,7,0,0
1841,0,0,118.7,21232.7,7,0,0
1794,2,4,500.0,26472.8,0,0,0
1971,2,1,664.0,44628.5,5,5,30616259
408,0,0,192.5,48385.0,7,0,0
1674,2,5,1100.0,84327.1,0,0,0
1850,0,3,17313.0,42713.9,0,0,0
1518,2,4,3900.0,37659.2,0,0,0
1936,2,1,3976.0,26456.9,5,13,10911417
1535,0,0,73.4,18183.1,7,0,0
1139,0,0,99.1,25729.9,7,0,0
2152,2,4,900.0,32861.7,0,0,0
2155,0,2,2901.0,24171.7,0,5,72301327
808,2,4,28700.0,120144.9,0,0,0
1543,0,2,34881.0,70621.8,0,11,33317780
1333,2,1,543.0,70473.2,5,1,98016315
1466,2,4,7400.0,23687.4,0,0,0
266,0,3,23179.0,65358.5,0,0,0
1810,0,0,65.7,15291.1,7,0,0
2114,0,0,207.1,52437.3,7,0,0
1110,2,4,14.6,15879.4,6,0,0
1153,2,1,2631.0,18951.9,5,9,29816907
1535,0,0,176.2,65064.8,7,0,0
1455,0,3,700.0,700.0,0,0,0
389,2,1,3518.0,16391.1,5,8,13595378
1831,0,3,4100.0,74930.1,0,0,0
1353,0,0,170.3,44904.5,7,0,0
987,2,4,14.6,29423.9,6,0,0
970,2,4,10500.0,39488.8,0,0,0
1725,0,3,16676.0,102346.4,0,0,0
957,2,4,14.6,19315.1,6,0,0
773,2,4,14.6,22608.1,6,0,0
927,0,3,24255.0,113495.6,0,0,0
1596,2,4,30.0,60887.2,6,0,0
846,2,1,3328.2,27304.6,8,9,31917315
969,2,1,4090.8,55514.9,8,3,56211417
1727,0,2,6710.0,21228.9,2,9,60549932
1836,2,4,2400.0,46091.5,0,0,0
895,0,0,116.4,27642.4,7,0,0
2083,0,0,196.8,48886.3,7,0,0
1928,2,4,5100.0,37901.3,0,0,0
1475,0,3,300.0,29203.9,0,0,0
1578,2,1,10.0,18362.7,1,4,4786676
2114,0,0,99.9,25590.8,7,0,0
1592,0,3,47911.0,124480.3,0,0,0
2154,2,4,8500.0,69055.4,0,0,0
1607,2,1,1830.0,14529.4,1,1,99790232
1742,2,4,5520.0,14970.6,0,0,0
1823,0,3,12233.0,38782.3,0,0,0
957,0,0,137.0,35759.4,7,0,0
408,2,4,14.6,12768.5,6,0,0
2090,1,4,8249.0,75015.8,0,0,0
1023,0,2,13201.0,37508.8,0,9,26475405
349,0,0,75.7,16367.2,7,0,0
1698,0,3,25917.0,80647.1,0,0,0
1810,2,4,100.0,52432.9,6,0,0
1190,0,3,38944.0,102195.3,0,0,0
908,0,2,6490.0,29265.7,2,8,75701802
1261,2,4,14.6,24330.4,6,0,0
1991,2,4,14.6,31730.6,6,0,0
1073,2,4,16700.0,59839.6,0,0,0
1973,2,1,8089.0,63671.6,5,10,71244883
566,2,4,2000.0,22566.4,0,0,0
1991,2,4,14.6,43248.1,6,0,0
394,2,4,2400.0,23362.4,0,0,0
1432,2,4,1500.0,15507.0,0,0,0
1626,0,0,99.6,18103.2,7,0,0
1936,0,3,16084.0,85780.0,0,0,0
987,2,4,14.6,28806.2,6,0,0
1396,2,1,4301.0,12902.4,1,7,96111678
683,2,4,14.6,27557.2,6,0,0
628,2,1,167.0,30154.4,1,9,89473181
1543,2,1,2554.0,16858.4,5,4,70597290
2037,2,4,25400.0,15449.7,0,0,0
1695,2,1,1710.0,21857.5,0,5,53378862
1944,0,2,4703.0,17381.2,2,10,77630275
1242,2,1,290.0,30032.0,3,4,22486317
294,2,1,2343.0,25012.8,5,9,25300705
1635,2,1,1247.0,25755.7,1,1,19860339
946,2,4,3100.0,16426.1,0,0,0
1787,0,3,23204.0,64032.3,0,0,0
1790,0,2,3099.0,24065.7,0,1,51605224
1427,0,3,13881.0,41672.5,0,0,0
2119,2,1,3353.0,90917.0,5,3,28789526
773,0,0,391.8,145342.6,7,0,0
1504,0,0,69.4,18745.7,7,0,0
757,2,1,9250.0,28720.6,5,1,57949954
2175,0,0,394.2,88645.1,7,0,0
1626,0,0,253.9,27541.9,7,0,0
2083,2,4,14.6,15705.7,6,0,0
1601,2,1,694.0,19871.5,5,11,33440119
1407,2,4,18100.0,41194.1,0,0,0
1393,2,1,499.0,50073.1,1,13,30738526
232,2,4,29000.0,52720.0,0,0,0
1243,0,2,6310.0,44902.1,2,6,77489798
2022,0,0,92.9,18273.5,7,0,0
1535,2,4,14.6,29403.9,6,0,0
1231,2,4,14.6,13960.1,6,0,0
1848,0,3,6832.0,35385.3,0,0,0
1016,1,4,14513.0,77160.0,0,0,0
2000,0,2,6803.0,18735.8,2,9,96172117
1806,2,4,47000.0,24053.7,0,0,0
1697,2,1,2329.0,27096.5,5,2,59419953
1713,2,4,1000.0,19944.0,0,0,0
885,0,3,22510.0,128307.8,0,0,0
2162,2,4,3600.0,26997.9,0,0,0
1191,2,4,7500.0,34359.1,0,0,0
1032,0,3,13931.0,50556.2,0,0,0
1923,2,4,3360.0,27508.8,0,0,0
1779,0,0,227.2,47656.8,7,0,0
1688,0,0,49.9,14578.8,7,0,0
2083,2,4,14.6,22904.0,6,0,0
2144,2,4,14.6,16943.8,6,0,0
1968,0,3,9477.0,59616.1,0,0,0
1755,0,2,4271.0,18617.5,2,2,12963879
1688,0,0,104.4,26444.2,7,0,0
1810,0,0,37.0,22953.0,7,0,0
1397,2,4,6700.0,52418.3,0,0,0
1690,2,4,4500.0,64303.4,0,0,0
115,0,3,4579.0,19066.0,0,0,0
1852,0,3,13466.0,39995.1,0,0,0
2063,2,1,56.0,17500.2,5,10,85377597
1688,2,4,14.6,17179.3,6,0,0
1869,2,4,14.6,15768.1,6,0,0
1636,0,2,5887.0,18536.5,2,2,40117204
2114,2,4,100.0,36172.5,6,0,0
840,0,3,21118.0,64637.6,0,0,0
2141,0,3,36900.0,62462.8,0,0,0
1596,2,4,14.6,41009.8,6,0,0
1089,2,4,840.0,20632.6,0,0,0
568,0,2,3474.0,21830.9,0,6,47210419
592,0,0,175.2,38906.5,7,0,0
1760,0,2,3727.0,34202.9,0,2,45003229
931,2,1,774.0,45872.8,1,2,84623413
1139,0,0,245.7,52270.5,7,0,0
1920,0,3,1300.0,57361.1,0,0,0
1541,2,1,1525.0,33100.6,1,4,44470602
2005,2,4,3000.0,77789.3,0,0,0
1749,0,0,63.7,15967.4,7,0,0
1970,2,1,8822.0,59430.0,5,13,42362171
1663,0,3,3000.0,37802.0,0,0,0
1292,2,4,14.6,20498.0,6,0,0
1727,0,3,14532.0,39412.3,0,0,0
1306,2,1,4838.0,53348.5,5,6,69894355
1079,0,0,188.4,44192.9,7,0,0
745,2,4,14.6,23490.6,6,0,0
1457,2,4,2280.0,39509.4,0,0,0
1337,2,1,794.0,14231.8,1,13,61659604
530,0,0,116.7,28687.1,7,0,0
2001,0,2,3116.0,29659.3,0,11,91938298
1535,0,0,77.5,16779.5,7,0,0
2042,2,4,3300.0,18070.2,0,0,0
1018,2,4,14.6,29734.3,6,0,0
2156,2,1,3895.0,8253.2,5,4,26588875
1553,2,4,9600.0,75489.9,0,0,0
1836,0,3,500.0,22174.0,0,0,0
1779,2,4,30.0,60312.5,6,0,0
2125,2,1,2230.0,20374.4,5,4,78622638
1261,2,4,14.6,50664.4,6,0,0
104,0,0,14.6,6426.0,7,0,0
2083,0,0,172.7,40198.0,7,0,0
1816,2,4,560.0,24716.8,0,0,0
1944,2,1,1782.0,30938.4,1,9,93025660
1734,0,3,10564.0,99550.8,0,0,0
1929,2,4,17000.0,65911.1,0,0,0
779,2,1,2175.0,18740.0,5,2,77164244
1967,0,3,21939.0,60451.3,0,0,0
1424,2,4,6900.0,59578.8,0,0,0
1818,2,1,629.0,30443.3,3,10,88047855
1991,2,4,14.6,22594.3,6,0,0
1582,2,4,3900.0,57798.4,0,0,0
1823,2,1,11789.0,55476.7,1,9,86361235
1504,0,0,64.6,14810.8,7,0,0
1869,2,4,45800.0,73208.8,0,0,0
1504,2,4,14.6,22609.2,6,0,0
1336,2,4,1600.0,12922.1,0,0,0
957,2,4,14.6,17265.2,6,0,0
1151,2,1,3837.0,25821.5,5,8,9408325
1930,0,0,172.3,43261.1,7,0,0
932,2,1,4433.0,31399.1,5,9,69354104
1968,2,1,2211.0,10908.3,1,3,60364776
834,0,0,135.5,32541.3,7,0,0
1913,2,1,488.0,58247.2,1,2,44458460
318,0,0,144.4,38631.7,7,0,0
1105,2,4,21300.0,56004.2,0,0,0
1247,2,4,14100.0,23714.5,0,0,0
452,0,3,12811.0,63921.6,0,0,0
1669,0,3,13996.0,20865.4,0,0,0
1421,0,3,12246.0,30882.2,0,0,0
328,0,3,7608.0,33135.4,0,0,0
1763,2,1,2660.0,40021.9,5,2,7729125
1423,2,1,1116.0,13717.8,5,12,21956253
2125,1,4,21546.0,16473.5,0,0,0
1479,2,4,13300.0,24466.1,0,0,0
1025,0,2,4555.0,22723.0,2,9,39513594
2003,2,1,3990.8,63708.9,8,11,82792853
1900,2,4,14.6,35516.5,6,0,0
1353,2,4,14.6,43868.5,6,0,0
2053,0,0,304.8,89872.9,7,0,0
1930,0,0,89.1,20869.6,7,0,0
1606,2,1,8633.0,11429.0,5,7,93859052
1792,2,4,20200.0,74442.6,0,0,0
1451,2,1,1611.0,39422.5,5,9,2248609
1231,2,4,14.6,20622.8,6,0,0
1626,2,4,13500.0,64664.7,0,0,0
1139,0,0,397.0,97690.4,7,0,0
1818,2,4,500.0,44062.8,0,0,0
1900,0,0,301.6,27218.3,7,0,0
2018,0,3,40322.0,42878.9,0,0,0
1231,0,0,104.9,25696.9,7,0,0
2092,0,2,5242.0,21548.6,2,3,51231449
653,2,4,180.0,20834.8,0,0,0
1991,2,4,14.6,114990.9,6,0,0
1153,0,2,6382.0,25661.0,2,11,38306725
1304,2,4,1080.0,59862.9,0,0,0
2064,0,3,11091.0,51649.4,0,0,0
1700,0,3,49933.0,123000.9,0,0,0
714,0,0,272.6,69120.3,7,0,0
1969,0,3,26780.0,90016.1,0,0,0
1770,2,4,1140.0,12343.0,0,0,0
1869,0,0,94.2,34011.6,7,0,0
2092,0,2,3937.0,20201.2,0,1,42463767
1749,2,4,14.6,69669.4,6,0,0
785,2,1,4865.0,23517.0,5,10,11387104
1930,2,4,30.0,58284.2,6,0,0
544,2,1,693.0,14867.7,0,4,32416212
1269,0,3,9324.0,23948.6,0,0,0
1679,1,4,5056.0,41524.7,0,0,0
1242,2,4,58600.0,45890.7,0,0,0
1785,2,4,700.0,34500.0,0,0,0
1881,2,1,4373.0,25600.9,5,5,8758783
2114,0,0,113.5,28777.9,7,0,0
1907,0,2,6559.0,24579.4,2,6,24625432
1056,2,1,695.0,63235.7,5,5,38201576
1414,2,4,14.6,42932.0,6,0,0
1657,0,0,13.5,33402.5,7,0,0
1779,0,0,105.0,24473.8,7,0,0
469,0,0,160.9,35823.9,7,0,0
1574,0,2,21882.0,55474.4,0,1,26012027
1460,0,3,1100.0,22319.0,0,0,0
1089,2,1,95.0,33318.0,3,13,17035544
2108,2,4,2900.0,20883.2,0,0,0
55,0,3,15787.0,15987.0,0,0,0
349,0,0,20.9,8377.2,7,0,0
2035,0,2,19649.0,31929.6,0,7,20162022
966,0,3,21158.0,59862.4,0,0,0
1688,2,4,14.6,50367.5,6,0,0
1158,0,3,3900.0,29494.3,0,0,0
730,2,4,1280.0,22638.3,0,0,0
1663,0,3,18052.0,63113.2,0,0,0
2127,2,1,9023.0,80444.4,5,13,82284283
1786,2,4,1700.0,28615.4,0,0,0
1574,0,3,19746.0,65688.9,0,0,0
1663,0,3,13663.0,83400.7,0,0,0
1749,0,0,248.6,83569.8,7,0,0
1578,2,1,2872.0,32487.1,1,11,44512021
2083,2,4,14.6,51857.0,6,0,0
1146,0,2,3718.0,29270.0,0,10,60092472
1514,2,4,300.0,39799.6,0,0,0
1222,1,4,7013.0,25202.3,0,0,0
1544,2,4,3600.0,45611.6,0,0,0
2092,0,3,20873.0,55016.0,0,0,0
1170,0,0,290.8,72243.4,7,0,0
993,2,1,40.0,30189.6,1,12,34381449
1985,2,4,6150.0,13508.6,0,0,0
358,2,4,960.0,25613.5,0,0,0
1645,2,4,13500.0,54289.3,0,0,0
1295,2,4,10600.0,61902.8,0,0,0
1512,2,1,1835.0,25974.8,1,9,30830097
1718,2,4,14.6,16752.0,6,0,0
1200,2,4,14.6,43649.8,6,0,0
773,0,0,148.8,48421.7,7,0,0
723,2,1,742.0,18594.8,1,3,27974027
1302,2,4,18600.0,34248.8,0,0,0
1596,0,0,384.2,95520.8,7,0,0
1991,2,4,14.6,43491.0,6,0,0
1060,2,1,367.0,-185.9,3,10,47521537
1384,0,0,129.6,49215.1,7,0,0
2114,2,4,14.6,51704.6,6,0,0
1535,2,4,14.6,24340.7,6,0,0
928,2,4,9000.0,47604.9,0,0,0
1930,2,4,14.6,40988.1,6,0,0
2156,2,4,250.0,19230.1,0,0,0
196,0,0,306.0,63824.4,7,0,0
2127,0,3,15258.0,51991.3,0,0,0
1720,2,4,23300.0,53396.1,0,0,0
2144,0,0,30.3,141.2,7,0,0
557,2,4,11900.0,39831.6,0,0,0
1961,0,0,82.7,19255.8,7,0,0
1514,0,2,3221.0,19115.3,0,4,85690086
1079,2,4,14.6,42858.5,6,0,0
1818,0,2,3169.0,18353.6,0,6,8271283
1485,2,1,4511.0,27923.1,5,2,71474998
844,0,3,21886.0,58349.2,0,0,0
1152,2,4,10900.0,39516.4,0,0,0
949,0,3,9044.0,44091.8,0,0,0
840,0,2,4350.0,25989.4,2,11,59883838
296,2,1,1726.0,17095.5,5,13,51488196
1996,0,3,10921.0,62195.4,0,0,0
706,2,4,300.0,19037.1,0,0,0
1930,2,4,14.6,31286.8,6,0,0
1910,0,3,16463.0,48200.5,0,0,0
1178,0,3,4166.0,16114.2,0,0,0
1961,2,4,14.6,31601.4,6,0,0
1935,2,1,7964.0,28817.8,5,5,28108173
2154,2,1,1316.0,49579.4,1,13,50605297
758,0,3,28219.0,45047.9,0,0,0
1530,2,4,600.0,24894.3,0,0,0
1846,2,1,1937.0,23846.3,5,13,11557114
1974,2,1,2788.0,19509.7,5,2,15471804
1445,0,0,154.7,50690.9,7,0,0
1904,2,4,2100.0,16734.1,0,0,0
723,2,1,1936.0,21830.8,1,1,81505483
2114,2,4,14.6,38897.1,6,0,0
1504,0,0,217.3,46814.2,7,0,0
2053,0,0,89.9,18418.3,7,0,0
1338,1,4,15681.0,27027.5,0,0,0
445,2,1,1574.0,52290.2,5,9,9564370
1301,0,2,2926.0,16351.5,0,12,24475783
408,2,4,14.6,33681.8,6,0,0
575,0,2,6664.0,30700.8,2,11,61550193
1187,0,3,3500.0,23510.0,0,0,0
1596,0,0,5.2,36.2,7,0,0
1392,2,4,3700.0,61713.4,0,0,0
1788,2,1,3093.0,28582.5,5,8,76028460
1484,0,3,4400.0,35615.6,0,0,0
1353,2,4,14.6,20438.0,6,0,0
1657,2,4,14.6,23319.9,6,0,0
592,0,0,231.6,56819.7,7,0,0
2169,2,4,1000.0,33905.7,0,0,0
1841,2,4,14.6,39323.6,6,0,0
1877,0,3,19130.0,49002.8,0,0,0
1000,2,1,5129.0,48474.4,5,6,8464664
1456,2,4,3000.0,38315.0,0,0,0
805,0,3,5700.0,24439.3,0,0,0
1139,2,4,12.6,13870.2,4,0,0
1779,0,0,235.3,59511.5,7,0,0
1878,0,2,39338.0,87458.5,0,4,28062188
1504,0,0,114.6,26916.5,7,0,0
1474,0,3,11461.0,41556.1,0,0,0
2126,2,1,99.0,57944.5,3,7,47044444
1626,2,4,14.6,56463.0,6,0,0
2145,2,4,1400.0,19192.4,0,0,0
969,2,1,3205.0,29084.3,5,8,30212110
1694,2,1,4081.0,28928.7,5,2,60158938
1535,2,4,14.6,39803.1,6,0,0
1425,2,4,2500.0,22534.2,0,0,0
1170,0,0,199.5,46931.5,7,0,0
2074,2,4,17900.0,22648.4,0,0,0
1605,2,4,20900.0,61283.3,0,0,0
1094,2,4,5100.0,45043.8,0,0,0
1466,2,4,1400.0,24449.4,0,0,0
2152,2,4,1800.0,58794.3,0,0,0
318,2,4,14.6,31451.6,6,0,0
1991,2,4,14.6,45508.5,6,0,0
1128,0,3,600.0,5453.9,0,0,0
1942,2,1,3098.0,59992.3,8,11,10770130
1834,2,5,3600.0,31740.1,0,0,0
1650,2,4,4400.0,28577.2,0,0,0
781,0,2,40377.0,60288.8,0,10,78757834
1247,0,3,1600.0,17194.8,0,0,0
813,0,2,5330.0,25234.0,2,2,88452922
1577,2,1,708.0,50490.1,8,2,88153653
1900,0,0,234.8,53570.3,7,0,0
636,0,3,8414.0,31782.4,0,0,0
1871,0,3,900.0,27580.4,0,0,0
987,0,0,20.2,29074.2,7,0,0
1695,2,1,6765.0,45864.3,5,1,93968033
1810,2,4,14.6,65245.8,6,0,0
1240,2,4,4000.0,24832.1,0,0,0
408,2,4,14.6,63505.8,6,0,0
349,2,4,30.0,47528.0,6,0,0
1974,0,2,4454.0,20366.3,2,4,47205090
1991,0,0,79.1,18723.0,7,0,0
1730,2,1,5568.0,7127.4,1,11,44654941
1937,2,4,3280.0,34702.5,0,0,0
1488,0,3,5356.0,38447.6,0,0,0
714,0,0,268.2,47964.9,7,0,0
1514,2,1,8633.0,13674.5,5,7,93859052
785,0,2,3087.0,21721.3,0,13,21461117
902,2,1,2401.0,17478.3,5,6,15987736
639,2,4,9100.0,34517.3,0,0,0
1829,2,4,11680.0,58135.8,0,0,0
2022,0,0,67.4,16169.3,7,0,0
1718,0,0,192.2,46942.6,7,0,0
1577,2,1,6393.0,34306.9,5,13,57342255
865,0,0,76.7,20852.0,7,0,0
2053,0,0,104.2,23235.4,7,0,0
714,2,4,14.6,27892.5,6,0,0
1292,2,4,10700.0,50207.3,0,0,0
1841,0,0,110.2,19090.9,7,0,0
2122,1,4,3702.0,90831.5,0,0,0
2120,2,1,6294.0,94153.8,1,7,66827905
1601,2,1,1848.0,13429.2,5,10,79339456
1399,2,4,21300.0,131583.3,0,0,0
2083,0,0,83.5,18860.3,7,0,0
1515,0,2,46520.0,99674.8,0,8,41648352
1079,2,4,14.6,25663.9,6,0,0
1423,2,1,7097.0,31607.7,5,5,32540393
1755,2,1,4499.0,46170.6,3,6,91468649
2144,2,4,15700.0,13758.3,0,0,0
689,2,1,8106.0,9964.0,5,5,24689656
1976,0,3,8300.0,34541.2,0,0,0
1384,0,0,125.5,30904.3,7,0,0
1702,2,1,1766.0,16784.4,0,11,37066787
2109,0,3,33715.0,99973.5,0,0,0
2144,0,0,141.8,33516.9,7,0,0
280,2,4,11400.0,38659.8,0,0,0
865,2,4,14.6,31840.3,6,0,0
810,2,1,5464.0,35636.6,5,9,57132226
1154,2,4,2280.0,35918.1,0,0,0
1930,2,4,14.6,20245.9,6,0,0
1128,2,4,8500.0,30348.8,0,0,0
674,2,4,24200.0,56074.9,0,0,0
2022,0,0,201.8,61743.7,7,0,0
1439,2,4,5400.0,37545.9,0,0,0
1805,2,4,400.0,19933.5,0,0,0
834,2,4,14.6,14553.8,6,0,0
1961,0,0,107.6,25732.8,7,0,0
745,0,0,294.4,36528.6,7,0,0
2144,2,4,14.6,67836.6,6,0,0
1823,2,4,700.0,39144.6,0,0,0
1578,2,4,7800.0,35108.4,0,0,0
1600,2,4,20640.0,14810.7,0,0,0
1804,2,4,1300.0,18286.5,0,0,0
931,0,2,6888.0,7088.0,2,1,1630378
1430,2,4,4160.0,49575.9,0,0,0
997,0,3,15224.0,46622.2,0,0,0
1749,0,0,325.4,84402.8,7,0,0
1875,0,3,4896.0,56346.0,0,0,0
1037,2,4,24400.0,51385.5,0,0,0
1118,2,4,11400.0,14698.7,0,0,0
408,2,4,14.6,25319.9,6,0,0
690,2,4,23800.0,48758.3,0,0,0
622,0,0,77.6,18611.4,7,0,0
1392,0,3,21078.0,73815.8,0,0,0
1577,2,1,6541.2,86464.4,8,11,92339318
804,0,0,239.3,62284.6,7,0,0
1817,0,2,39862.0,131892.7,0,11,68360191
2022,2,4,14.6,26463.2,6,0,0
1718,0,0,102.0,21841.8,7,0,0
1886,2,4,13600.0,29936.2,0,0,0
1200,0,0,143.6,35935.3,7,0,0
1851,2,1,7024.0,18162.6,5,3,52183383
2062,0,2,4566.0,27178.3,2,12,30663150
1760,2,1,11657.0,14459.2,5,4,32954842
1547,2,1,3382.0,47208.5,1,2,4398906
1110,2,4,14.6,16088.9,6,0,0
2033,2,1,2627.0,27970.9,5,9,14418357
1930,0,0,153.4,36761.2,7,0,0
1739,2,4,13400.0,42578.1,0,0,0
2029,0,2,3260.0,20728.7,0,5,84752761
1231,2,4,14.6,25234.6,6,0,0
1604,0,3,35331.0,77969.1,0,0,0
745,0,0,196.9,51983.4,7,0,0
1877,2,1,3320.0,8163.2,1,3,79824220
1914,2,1,1167.0,20830.0,1,11,15263599
1394,2,4,2300.0,22852.8,0,0,0
1081,2,4,16700.0,-3972.8,5,0,0
1513,2,1,1825.0,28483.2,1,5,29175484
1352,2,4,10500.0,47987.3,0,0,0
996,2,4,55800.0,72579.7,0,0,0
1862,2,4,9000.0,45852.0,0,0,0
1828,1,4,3734.0,20701.3,0,0,0
1476,0,0,90.9,14972.6,7,0,0
834,2,4,14.6,51023.1,6,0,0
2070,2,4,2400.0,70234.6,0,0,0
1936,0,2,22831.0,33360.7,0,5,81347185
1446,2,4,2200.0,39048.2,0,0,0
2005,2,1,325.0,23707.2,3,9,82890259
2083,0,0,74.4,17943.1,7,0,0
1255,1,4,11889.0,27145.6,0,0,0
1445,0,0,110.4,23688.6,7,0,0
1930,0,0,144.1,36495.5,7,0,0
663,0,3,12015.0,42934.0,0,0,0
1900,0,0,217.7,58700.4,7,0,0
1105,2,4,1280.0,23131.3,0,0,0
1820,2,4,480.0,26824.2,0,0,0
1696,0,2,4272.0,21735.3,2,13,95913230
1095,2,4,2600.0,18975.3,0,0,0
1381,0,3,18211.0,99069.8,0,0,0
1970,2,4,8900.0,32743.1,0,0,0
241,2,1,7896.0,73844.8,5,7,13424891
2129,1,4,2724.0,83788.9,0,0,0
1961,0,0,403.2,91383.7,7,0,0
1384,0,0,367.0,88363.2,7,0,0
2132,0,3,7600.0,46548.6,0,0,0
1353,2,4,9.5,3174.2,4,0,0
2154,2,4,2800.0,44695.2,0,0,0
363,2,4,810.0,20518.4,0,0,0
1703,2,4,33700.0,77319.2,0,0,0
1810,2,4,14.6,17151.9,6,0,0
2022,0,0,202.6,49512.1,7,0,0
2157,0,2,3112.0,21040.5,0,11,49152046
1087,2,4,6300.0,60997.9,5,0,0
1456,2,1,3423.0,11844.8,5,13,33194816
1596,2,4,14.6,37156.4,6,0,0
1848,2,1,1425.0,41014.1,5,9,87801843
1997,2,1,9039.0,36212.9,5,12,32111394
436,2,4,4800.0,30143.1,0,0,0
2003,2,1,2782.0,28056.3,5,6,76152759
1452,2,1,2932.0,22231.0,5,7,78733890
469,2,4,14.6,16049.8,6,0,0
1961,2,4,14.6,62762.4,6,0,0
1358,2,1,7517.0,52111.7,5,6,1789451
726,2,1,2580.0,22379.7,5,4,40163380
1937,2,1,2932.0,16734.8,5,7,78733890
1200,0,0,190.1,85874.0,7,0,0
1837,2,4,1200.0,38606.2,0,0,0
1635,2,4,2560.0,25953.9,0,0,0
1200,0,0,83.8,19027.6,7,0,0
1637,2,1,8649.0,54089.4,5,9,92135792
1973,2,4,6100.0,12461.2,0,0,0
1966,2,1,127.0,26735.1,1,4,23429125
1698,0,2,6015.0,29224.3,2,13,58067786
1144,2,1,219.0,20349.9,1,3,55354916
1393,2,1,392.0,29761.8,1,4,65504103
1606,2,1,5372.0,40972.9,5,12,64459979
1263,0,3,35526.0,102998.6,0,0,0
2083,0,0,45.7,-358.4,7,0,0
1428,2,4,4200.0,65017.9,0,0,0
1985,2,5,1700.0,49615.9,0,0,0
1495,2,4,3400.0,15725.6,0,0,0
1657,0,0,99.2,24513.9,7,0,0
759,0,2,2942.0,22700.6,0,3,11075616
716,2,4,7200.0,24610.6,0,0,0
1412,2,4,1600.0,23868.2,0,0,0
374,2,4,1680.0,25047.0,0,0,0
1731,2,1,1069.0,4452.6,1,3,61203175
1668,2,1,6531.0,45726.2,5,10,35473787
1990,2,4,48300.0,27132.5,0,0,0
1586,2,4,26700.0,68163.2,0,0,0
1236,2,1,72.0,31528.9,1,4,20415777
458,0,3,1600.0,27200.0,0,0,0
719,2,1,2164.0,22626.6,5,1,31104207
1759,2,1,5974.0,20865.2,5,12,52307826
889,2,4,2400.0,48194.6,0,0,0
288,2,4,14.6,6561.9,6,0,0
2149,2,1,2826.0,13222.8,5,12,63530605
1393,2,1,474.0,14746.0,0,7,12634462
2144,2,4,30.0,66407.3,6,0,0
367,2,4,330.0,14391.6,0,0,0
1847,0,2,18981.0,31927.3,0,11,46107834
2123,2,1,5018.0,80174.9,1,7,65432101
2072,2,4,17200.0,67272.5,0,0,0
1280,2,4,10300.0,36315.4,0,0,0
1900,0,0,180.0,42197.0,7,0,0
1997,0,3,6534.0,11602.2,0,0,0
1518,2,1,2660.0,51531.0,5,2,7729125
1879,0,3,12129.0,56108.8,0,0,0
970,2,1,2684.0,19319.0,5,1,35709709
1292,2,4,14.6,24901.4,6,0,0
1700,2,1,2084.7,29525.1,8,13,1155138
2145,2,4,1400.0,17589.8,0,0,0
1905,0,2,3404.0,22119.0,0,5,7500261
1445,2,4,14.6,30316.2,6,0,0
1000,0,3,9658.0,40076.3,0,0,0
1273,0,3,6700.0,23000.0,0,0,0
773,2,4,14.6,34089.8,6,0,0
1991,0,0,145.7,32475.9,7,0,0
1018,2,4,14.6,39189.4,6,0,0
2121,2,1,6329.0,26565.1,5,5,37686020
1747,2,4,17300.0,52102.6,0,0,0
2043,2,4,12600.0,40664.4,0,0,0
1251,2,4,4200.0,16087.7,0,0,0
1829,2,4,1800.0,16624.8,0,0,0
1267,2,4,2200.0,21411.3,0,0,0
1384,2,4,14.6,40349.6,6,0,0
1827,0,3,28155.0,57493.4,0,0,0
1951,2,4,13500.0,45719.7,0,0,0
1230,2,4,5160.0,37455.8,0,0,0
1869,0,0,55.5,13816.4,7,0,0
1603,0,3,21924.0,54982.0,0,0,0
1323,0,0,152.4,34614.5,7,0,0
1323,0,3,32827.0,111794.8,0,0,0
1094,2,4,10800.0,31888.9,0,0,0
1079,2,4,14.6,63935.7,6,0,0
1999,2,1,119.0,95434.8,1,1,62503671
1935,0,2,6896.0,18980.6,2,7,69205176
1414,0,0,49.8,15890.5,7,0,0
2119,2,1,1788.0,50634.7,5,8,71082353
1961,0,0,189.0,44810.8,7,0,0
1852,2,1,1454.0,42275.5,5,13,28259659
2153,2,1,28.0,20812.9,1,7,53139364
1152,0,3,7979.0,25594.3,0,0,0
2022,2,4,14.6,24372.2,6,0,0
1044,2,4,600.0,24467.1,0,0,0
530,0,0,64.5,15841.3,7,0,0
1718,0,0,244.5,59793.7,7,0,0
1468,0,3,42344.0,87713.9,0,0,0
1427,2,1,6745.0,22040.8,1,6,87739562
1484,0,3,8500.0,17026.6,0,0,0
1429,0,3,41157.0,113066.8,0,0,0
2168,1,4,2703.0,67869.2,0,0,0
1292,0,0,115.8,28425.6,7,0,0
1200,0,0,85.6,21773.6,7,0,0
393,0,3,15258.0,51536.4,0,0,0
1910,0,3,17980.0,51146.0,0,0,0
1461,0,3,8796.0,40843.6,0,0,0
1390,2,1,409.0,21299.7,5,9,38805490
1388,1,4,21091.0,20933.2,0,0,0
780,0,3,17565.0,57743.6,0,0,0
1851,0,3,4136.0,38961.3,0,0,0
1881,2,4,4100.0,46066.6,0,0,0
1830,2,4,2240.0,24148.2,0,0,0
683,2,4,14.6,26306.8,6,0,0
750,0,3,8574.0,24320.0,0,0,0
1688,0,0,58.7,15618.5,7,0,0
1389,0,2,6248.0,36688.8,2,13,24008375
2152,0,2,33280.0,74826.3,0,12,39192116
1097,2,4,2240.0,20205.7,0,0,0
1820,0,3,6000.0,31545.7,0,0,0
1991,2,4,14.6,45184.8,6,0,0
843,0,3,19746.0,48259.9,0,0,0
1384,0,0,211.8,45588.5,7,0,0
717,2,4,1200.0,25804.7,0,0,0
1905,2,4,23800.0,27876.0,0,0,0
1274,0,3,300.0,23925.1,0,0,0
1709,2,4,3900.0,33287.3,0,0,0
1384,0,0,163.3,42353.0,7,0,0
1061,0,2,6582.0,20339.5,2,3,24612278
2034,2,1,3132.0,58699.3,8,11,25709551
2151,2,1,34.0,71972.4,1,9,69750815
1940,2,1,2033.0,21182.1,1,10,67921972
1535,0,0,120.5,30028.5,7,0,0
1048,0,0,162.8,39382.6,7,0,0
1971,2,1,10616.0,9141.4,5,12,11269444
1818,2,1,5276.0,33011.8,5,5,18349242
1103,2,4,3000.0,30453.3,0,0,0
2175,0,0,246.7,65463.5,7,0,0
1427,2,1,881.0,91170.7,1,1,95008945
1820,2,4,4200.0,63103.4,0,0,0
1424,2,4,7000.0,30778.0,0,0,0
1696,2,4,6300.0,28131.5,0,0,0
1122,0,2,3077.0,6554.0,0,2,99321990
785,0,3,19594.0,39651.1,0,0,0
392,2,1,4979.0,32766.1,5,8,73358708
2114,2,4,14.6,52419.9,6,0,0
1570,0,3,7774.0,62987.9,0,0,0
1200,2,4,14.6,67853.2,6,0,0
1761,0,3,5855.0,30934.9,0,0,0
1779,0,0,131.7,33678.7,7,0,0
1991,2,4,14.6,13272.5,6,0,0
1221,2,4,2720.0,17813.6,0,0,0
439,0,0,86.1,22892.1,7,0,0
1626,2,4,14.6,37901.6,6,0,0
1110,0,0,59.8,13683.8,7,0,0
1749,0,0,81.8,21427.7,7,0,0
1779,2,4,14.6,27458.0,6,0,0
1900,0,0,73.0,18450.8,7,0,0
1621,2,5,3900.0,31471.8,0,0,0
1657,0,0,158.7,38082.6,7,0,0
1596,2,4,14.6,39083.2,6,0,0
130,2,4,13100.0,42573.7,0,0,0
938,0,3,17477.0,49400.3,0,0,0
1445,0,0,73.7,16162.3,7,0,0
1795,2,4,19500.0,56386.6,0,0,0
1535,0,0,73.6,15708.6,7,0,0
2065,2,1,2153.8,58056.3,8,12,97571604
1794,2,4,14000.0,40296.0,0,0,0
688,1,4,19566.0,45107.9,0,0,0
1334,2,1,37.0,49849.3,1,1,80525493
1910,2,1,776.0,34775.8,1,9,61091714
1741,2,4,2040.0,41609.3,0,0,0
1851,2,1,1449.0,16294.0,5,1,79115420
1667,2,1,3316.0,19560.7,5,4,92280965
1718,0,0,157.8,36022.9,7,0,0
926,0,0,221.4,55089.7,7,0,0
1565,0,0,222.9,43813.7,7,0,0
1197,2,4,15300.0,62481.6,0,0,0
1543,0,3,14422.0,30321.3,0,0,0
1397,1,4,21253.0,36400.0,0,0,0
450,2,4,8900.0,36890.6,0,0,0
503,0,3,2700.0,20385.3,0,0,0
1323,0,0,98.5,24264.5,7,0,0
1266,2,4,8700.0,983.6,1,0,0
1797,0,3,1100.0,35813.6,0,0,0
1465,2,4,500.0,19468.4,0,0,0
2051,1,4,18735.0,53757.7,0,0,0
1698,2,1,3730.0,20648.8,5,2,65763521
1632,0,3,12745.0,12945.0,0,0,0
1757,0,3,4200.0,79975.1,0,0,0
1087,2,1,545.0,18203.7,0,7,9709912
1657,0,0,98.2,22921.1,7,0,0
1113,0,3,24148.0,70625.9,0,0,0
1822,2,4,5040.0,80600.3,0,0,0
1390,2,4,13300.0,64623.7,0,0,0
1329,0,3,7813.0,42752.0,0,0,0
2114,2,4,14.6,29878.3,6,0,0
1086,0,2,21046.0,46435.6,0,11,11824322
1490,0,2,3628.0,28575.1,0,2,77783214
1236,0,2,47906.0,98935.3,0,10,14847791
1664,2,4,17300.0,36298.3,0,0,0
1161,2,4,1100.0,21579.2,0,0,0
1353,0,0,145.3,34357.6,7,0,0
1657,2,4,14.6,30255.7,6,0,0
1476,0,0,70.0,16521.4,7,0,0
1200,2,4,14.6,43936.4,6,0,0
1639,2,1,5940.0,78976.9,5,2,19250178
2049,2,5,3100.0,57663.2,0,0,0
1080,2,4,2600.0,27460.8,0,0,0
1818,0,3,5459.0,28994.4,0,0,0
1314,0,3,300.0,22572.5,0,0,0
1822,2,4,880.0,25035.4,0,0,0
1921,2,4,4920.0,51296.9,0,0,0
1477,2,4,2880.0,56620.1,0,0,0
895,0,0,138.6,34476.4,7,0,0
2059,0,3,37745.0,97203.5,0,0,0
1831,2,4,6900.0,66737.8,0,0,0
1729,2,1,915.0,20031.9,5,9,94945477
1961,2,4,14.6,16866.6,6,0,0
1417,2,4,5400.0,24740.2,0,0,0
1935,2,1,239.0,37423.4,1,6,55873340
706,2,4,3000.0,86928.3,0,0,0
1210,2,1,10727.0,11753.6,5,7,95008021
1755,0,2,5973.0,34880.4,2,9,63470822
1807,1,4,11572.0,50426.6,0,0,0
1414,2,4,14.6,40781.8,6,0,0
1657,0,0,247.4,22129.0,7,0,0
2154,2,4,1440.0,31803.1,0,0,0
1081,2,4,3120.0,60052.8,0,0,0
1456,2,4,800.0,66863.5,0,0,0
1476,0,0,112.4,16118.4,7,0,0
1626,2,4,14.6,21227.8,6,0,0
1991,2,4,14.6,34881.1,6,0,0
1231,0,0,111.7,28122.5,7,0,0
1790,0,2,4733.0,18972.6,2,1,222135
1243,0,2,2929.0,6458.0,0,9,36391699
408,2,4,14.6,23354.8,6,0,0
834,0,0,108.0,25658.5,7,0,0
1359,2,1,232.0,54157.3,3,4,7008588
2095,2,1,5575.3,11077.2,8,11,88460844
1718,2,4,14.6,17481.9,6,0,0
901,2,1,3189.0,19874.9,5,7,75157016
1018,2,4,14.6,29089.1,6,0,0
1626,2,4,14.6,19586.9,6,0,0
561,2,4,14.6,42703.8,6,0,0
1869,0,0,323.4,80234.7,7,0,0
1991,2,4,14.6,21669.6,6,0,0
1292,2,4,14.6,26016.7,6,0,0
2122,2,4,62200.0,64327.0,0,0,0
1900,2,4,14.6,40667.5,6,0,0
574,2,1,4060.0,32066.6,5,1,72926729
1025,0,3,4861.0,35904.0,0,0,0
1593,2,4,3200.0,23272.7,0,0,0
1178,2,4,1200.0,26322.0,0,0,0
1688,0,0,133.1,35855.4,7,0,0
1702,2,1,3735.0,56176.2,5,12,46916538
1755,0,3,12181.0,40927.1,0,0,0
2053,0,0,86.3,21901.9,7,0,0
1459,0,3,2700.0,18640.6,0,0,0
987,2,4,14.6,31281.2,6,0,0
1379,0,3,41098.0,81865.8,0,0,0
1427,0,2,6814.0,33629.9,2,3,61558067
741,0,3,7400.0,19803.6,0,0,0
1910,2,1,1899.0,15489.4,0,10,38317006
1589,2,4,26000.0,46730.8,0,0,0
804,0,0,139.3,39092.2,7,0,0
1811,2,4,1320.0,40926.7,0,0,0
1669,2,1,624.0,52589.7,3,8,4871046
869,2,4,2100.0,18223.7,0,0,0
1789,2,1,682.0,43828.5,1,1,77494382
918,2,4,2560.0,24511.2,0,0,0
1914,0,2,45222.0,85647.6,0,5,10724074
1853,2,1,4943.0,22220.1,5,3,43322950
1565,2,4,14.6,64138.7,6,0,0
1535,0,0,184.2,42220.0,7,0,0
1079,0,0,159.7,40127.2,7,0,0
1424,2,4,3600.0,37976.9,0,0,0
2060,2,1,7073.0,23194.5,5,8,85724323
1869,2,4,14.6,73473.8,6,0,0
1851,2,1,1400.0,25757.6,1,13,35319298
2107,1,4,13651.0,35636.0,0,0,0
2140,2,4,960.0,23199.1,0,0,0
597,2,1,463.0,31561.5,3,5,25759440
2053,2,4,2700.0,49881.8,0,0,0
1104,2,4,800.0,24529.9,0,0,0
1869,0,3,29830.0,66110.7,0,0,0
654,0,3,7055.0,61142.9,0,0,0
2007,2,4,2000.0,36657.7,0,0,0
1700,2,1,4049.0,93214.3,8,1,94525420
2065,2,1,2146.0,34365.7,5,1,23655325
1576,2,4,1200.0,44305.3,0,0,0
757,0,3,43930.0,71280.9,0,0,0
1095,2,4,900.0,27943.1,0,0,0
1816,2,1,1869.0,16697.5,5,8,38012558
235,2,1,2261.0,35372.4,1,1,73481118
1608,2,1,6893.0,40107.7,8,9,76073628
1475,2,4,4800.0,45232.9,0,0,0
934,0,3,22823.0,61807.9,0,0,0
1352,2,4,22500.0,49162.0,0,0,0
1426,2,1,324.0,46099.4,5,5,68540710
1982,2,4,12200.0,45010.1,0,0,0
1810,2,4,14.6,22977.7,6,0,0
785,2,4,8500.0,29690.1,0,0,0
2000,2,1,7615.0,45479.3,5,11,16450244
1718,2,4,14.6,20826.9,6,0,0
1114,2,4,8100.0,51785.8,0,0,0
1839,2,4,1800.0,45667.7,0,0,0
1444,2,4,14100.0,68450.1,0,0,0
1336,2,1,930.0,31759.2,1,8,59714329
1864,2,4,13600.0,21549.6,0,0,0
1841,0,0,314.7,73678.1,7,0,0
630,2,1,2726.0,25897.2,3,1,83722591
1824,2,1,1480.0,32871.6,1,4,22193175
1961,2,4,14.6,28402.9,6,0,0
1389,2,1,2100.0,31597.4,0,10,15775823
2144,0,0,199.1,46211.0,7,0,0
1831,2,4,25800.0,42208.9,0,0,0
1543,2,1,7732.0,50495.0,1,10,47737151
1170,0,0,180.0,44239.9,7,0,0
2114,2,4,14.6,28598.6,6,0,0
2097,2,1,2423.0,18914.7,5,5,26984930
1693,2,1,133.0,38205.8,1,3,54634529
1177,2,4,3500.0,18000.2,0,0,0
1900,0,0,202.9,50854.9,7,0,0
301,2,4,15500.0,35451.3,0,0,0
1391,2,4,12600.0,31624.2,0,0,0
1729,2,1,3059.0,37916.9,1,10,88212847
2001,2,4,2600.0,34903.0,0,0,0
1602,2,4,14700.0,35796.4,0,0,0
717,2,4,720.0,19816.6,0,0,0
695,0,3,13923.0,33389.0,0,0,0
1445,2,4,14.6,16837.2,6,0,0
1509,2,4,7600.0,13163.2,0,0,0
2030,2,1,1726.0,7420.7,5,12,41357261
1781,0,3,15845.0,79764.0,0,0,0
1504,0,0,160.9,41000.9,7,0,0
196,0,0,55.6,23049.6,7,0,0
919,2,4,700.0,36798.9,0,0,0
567,2,1,958.0,54027.1,3,1,62256020
2032,2,4,47200.0,75943.9,0,0,0
1856,0,3,1600.0,27837.7,0,0,0
712,2,4,2000.0,41200.3,0,0,0
988,0,3,6841.0,71483.2,0,0,0
227,2,4,14.6,46300.0,6,0,0
2021,2,4,20200.0,48617.7,0,0,0
1292,2,4,30.0,75196.5,6,0,0
1640,0,3,18491.0,70431.2,0,0,0
1841,0,0,96.3,15754.3,7,0,0
1180,2,1,2731.0,21290.9,5,9,86161052
1346,1,4,7406.0,55567.7,0,0,0
592,0,0,110.8,25199.0,7,0,0
784,2,1,532.0,19819.0,5,11,86354624
1551,2,4,18200.0,43198.0,0,0,0
895,2,4,14.6,57558.2,6,0,0
1139,0,0,207.7,68240.8,7,0,0
1991,2,4,14.6,14491.0,6,0,0
500,0,0,144.1,34110.7,7,0,0
895,0,0,161.6,23797.0,7,0,0
1709,0,3,2600.0,23347.7,0,0,0
2059,0,3,10012.0,44552.6,0,0,0
630,2,1,349.0,39571.8,3,9,5563730
148,2,1,3334.0,47557.6,5,6,10603589
932,0,3,5210.0,21626.7,0,0,0
1639,0,2,6241.0,38439.6,2,10,22137981
1048,0,0,184.4,45547.6,7,0,0
2030,2,1,3360.0,10437.8,5,9,46586519
1055,2,1,3034.0,27159.4,5,13,69585042
1049,2,4,27700.0,47698.9,0,0,0
2087,2,4,2400.0,23070.2,0,0,0
1397,2,1,68.0,54502.9,1,4,26179212
1806,2,4,5800.0,53024.5,0,0,0
1779,2,4,14.6,27310.6,6,0,0
1774,2,4,1000.0,33975.1,0,0,0
1476,2,4,14.6,18013.9,6,0,0
892,2,4,19800.0,47712.3,0,0,0
301,2,1,2186.0,17268.7,5,4,77527123
1083,2,4,6000.0,20104.1,0,0,0
349,2,4,30.0,26808.3,6,0,0
1445,2,4,14.6,48139.2,6,0,0
1573,0,3,33515.0,78637.2,0,0,0
1630,1,4,15092.0,38353.4,0,0,0
1000,2,4,33100.0,60034.1,0,0,0
1422,2,1,1754.0,14564.1,5,5,59096312
537,2,4,3000.0,32274.5,0,0,0
841,0,3,17279.0,55225.8,0,0,0
996,0,3,9179.0,28084.2,0,0,0
696,2,1,2112.0,25256.5,5,6,87521946
909,0,3,23376.0,53662.7,0,0,0
1596,2,4,30.0,22790.3,6,0,0
1869,0,0,200.4,41382.3,7,0,0
592,0,0,390.0,59618.2,7,0,0
1511,2,1,2115.0,24064.6,5,11,40519672
695,0,3,12094.0,32729.7,0,0,0
1841,2,4,100.0,24192.4,6,0,0
1749,2,5,3500.0,86305.9,0,0,0
2029,2,1,1942.0,26739.4,5,2,74985646
1170,2,4,14.6,17529.2,6,0,0
1841,2,4,14.6,50785.6,6,0,0
446,0,2,3260.0,17717.0,0,5,84752761
2155,2,1,3872.0,27490.1,5,7,3021765
1018,2,4,14.6,47040.3,6,0,0
834,0,0,390.0,103969.5,7,0,0
1905,2,1,1525.0,25794.5,5,2,96414541
1810,0,0,148.6,33978.0,7,0,0
653,0,0,72.5,18274.2,7,0,0
2175,0,0,92.4,27103.9,7,0,0
1201,0,3,500.0,500.0,0,0,0
1906,2,1,8106.0,21283.9,5,5,24689656
1810,2,4,14.6,57992.4,6,0,0
601,2,1,1546.0,28834.0,5,7,42395120
2053,2,4,14.6,27088.3,6,0,0
318,0,0,15.3,10253.3,7,0,0
1688,2,4,30.0,69619.0,6,0,0
1779,2,4,14.6,53288.0,6,0,0
450,2,1,1287.0,14079.3,1,3,41393333
2153,2,1,9090.0,22991.7,5,3,26434993
602,0,3,15224.0,45486.8,0,0,0
1951,0,3,200.0,36354.0,0,0,0
1749,0,0,26.6,17203.4,7,0,0
1991,2,4,14.6,45339.2,6,0,0
1251,2,4,1400.0,23917.6,0,0,0
1810,2,4,100.0,85094.7,6,0,0
1292,0,0,110.7,26802.8,7,0,0
1389,0,3,18278.0,40380.9,0,0,0
1604,2,4,4800.0,20117.4,0,0,0
1623,0,3,1400.0,25568.1,0,0,0
1905,2,1,2260.0,23247.0,5,9,81956076
1261,0,0,127.3,28466.7,7,0,0
1176,0,3,9738.0,43039.2,0,0,0
1963,2,4,17400.0,16827.5,0,0,0
1826,2,4,2080.0,33567.1,0,0,0
925,0,3,38140.0,66693.3,0,0,0
1156,2,4,3360.0,20430.0,0,0,0
635,2,1,2687.0,54555.9,5,8,13841212
865,2,4,14.6,20837.4,6,0,0
1793,2,1,1261.0,27711.6,1,9,30780631
1854,0,2,5550.0,20860.7,2,12,1682967
1104,2,4,6400.0,32419.9,0,0,0
1544,2,1,2636.0,16472.9,5,11,8378410
1725,0,3,20271.0,67886.2,0,0,0
1059,0,3,31010.0,67549.1,0,0,0
1198,2,4,3100.0,40193.5,0,0,0
1749,0,0,64.4,14803.8,7,0,0
1473,2,4,8400.0,30870.3,0,0,0
2151,2,4,5800.0,50982.8,0,0,0
2031,2,1,1736.0,19321.8,0,9,85938459
1788,2,1,5395.0,50740.5,5,1,8015108
1718,2,4,14.6,34143.8,6,0,0
1617,2,4,6500.0,24629.8,0,0,0
2004,2,1,1449.0,26554.8,0,12,413990
662,2,1,868.0,40155.9,3,4,88491463
1353,2,4,14.6,32054.8,6,0,0
1565,0,0,189.6,35993.1,7,0,0
506,0,2,32604.0,55157.9,0,6,32445126
1887,0,3,1900.0,96457.7,0,0,0
425,2,4,8100.0,25144.0,0,0,0
1292,2,4,14.6,36421.5,6,0,0
2053,2,4,1600.0,25926.5,0,0,0
773,2,4,14.6,27971.3,6,0,0
1810,0,0,81.6,19476.7,7,0,0
1954,2,4,18900.0,45821.5,0,0,0
1091,2,1,2355.0,23531.3,5,2,39163434
2058,0,2,4141.0,22364.1,2,6,75857972
1841,0,0,98.6,23956.3,7,0,0
1799,2,4,1800.0,59672.0,0,0,0
683,0,0,137.8,34463.5,7,0,0
816,0,3,16230.0,43269.0,0,0,0
893,2,4,26700.0,56203.2,0,0,0
901,2,1,652.0,57062.1,3,13,3849626
1353,2,4,14.6,43739.8,6,0,0
1854,2,4,7700.0,39590.4,0,0,0
1828,2,4,2320.0,17530.8,0,0,0
1588,2,4,5600.0,20175.2,0,0,0
1452,0,3,21150.0,47276.4,0,0,0
683,0,0,163.3,36394.6,7,0,0
1793,0,2,6148.0,67925.5,2,2,4203528
1657,0,0,384.9,98431.7,7,0,0
2085,1,4,18743.0,36899.7,0,0,0
1170,0,0,66.8,16224.8,7,0,0
1048,0,0,155.9,36767.8,7,0,0
1185,0,3,300.0,22012.8,0,0,0
1474,0,3,37409.0,96968.4,0,0,0
2004,0,2,3050.0,18676.2,0,3,66249376
1542,0,2,3032.0,24180.6,0,9,86782341
2144,2,4,14.6,30027.2,6,0,0
1701,2,1,594.0,53174.9,1,11,59887331
865,0,0,233.1,50455.7,7,0,0
1445,0,0,266.9,65515.0,7,0,0
1394,0,3,5040.0,25687.0,0,0,0
1535,2,4,20.0,1262.2,4,0,0
1632,2,1,2300.0,28722.0,3,5,36942219
1626,0,0,72.0,19581.9,7,0,0
481,2,4,8000.0,36145.0,0,0,0
1272,0,3,11906.0,67953.2,0,0,0
1278,2,4,5520.0,22061.2,0,0,0
1565,0,0,312.7,78383.4,7,0,0
1841,2,4,14.6,22428.2,6,0,0
1079,0,0,90.5,21272.7,7,0,0
1361,2,4,3120.0,22874.4,0,0,0
1698,0,2,5210.0,40678.8,2,10,11734843
2153,2,4,18400.0,24339.7,0,0,0
977,2,4,25900.0,44173.6,0,0,0
1941,2,1,2.0,14744.7,1,5,17472982
722,0,3,18717.0,47978.4,0,0,0
1389,0,3,23268.0,60384.9,0,0,0
855,2,4,14500.0,38278.7,0,0,0
1676,2,4,32500.0,13897.5,0,0,0
2053,2,4,14.6,21398.6,6,0,0
1979,1,4,6883.0,44712.2,0,0,0
2035,0,3,15258.0,52803.4,0,0,0
1445,2,4,14.6,35639.4,6,0,0
1574,2,1,1112.0,31480.9,5,11,57112502
834,0,0,114.3,31427.0,7,0,0
1150,0,3,8412.0,35243.1,0,0,0
1545,2,1,10616.0,36284.4,5,12,11269444
895,0,0,44.6,13432.6,7,0,0
622,0,0,254.4,58548.2,7,0,0
714,2,4,14.6,46510.8,6,0,0
1822,2,4,960.0,50695.4,0,0,0
1053,2,1,2509.0,30396.7,1,2,25392246
1421,2,1,5951.0,4532.9,5,10,50905704
1384,2,4,14.6,24237.3,6,0,0
2124,0,3,23079.0,63250.1,0,0,0
354,0,3,14609.0,46639.7,0,0,0
939,0,3,17278.0,52462.5,0,0,0
408,1,4,8027.0,26022.6,0,0,0
1779,2,4,14.6,56730.1,6,0,0
388,2,4,5400.0,13241.5,5,0,0
2032,2,1,2858.0,43080.4,5,8,14357602
1900,2,4,14.6,14706.3,6,0,0
1236,2,4,7300.0,39068.5,0,0,0
2096,2,1,7858.0,38831.9,5,7,85858434
1079,0,0,87.6,16780.0,7,0,0
1139,2,4,14.6,34361.4,6,0,0
1323,2,4,14.6,20149.6,6,0,0
2068,0,3,40703.0,72027.6,0,0,0
1028,0,2,3116.0,3716.0,0,11,91938298
869,2,4,6450.0,23401.4,0,0,0
1965,2,4,1170.0,25583.7,0,0,0
1200,0,0,128.1,55368.7,7,0,0
1450,2,4,1400.0,45537.0,0,0,0
1484,0,2,4220.0,18503.5,2,7,67308264
1911,0,2,3989.0,15710.4,0,5,17588520
1787,2,4,4200.0,43583.0,0,0,0
1688,2,4,4400.0,26848.7,0,0,0
104,0,3,2600.0,25837.3,0,0,0
877,0,2,5277.0,25514.0,2,5,99550264
1975,2,4,10200.0,50260.7,0,0,0
1332,0,3,12431.0,45866.6,0,0,0
1504,0,0,160.4,36589.7,7,0,0
1969,0,2,4220.0,26353.5,2,7,67308264
1323,0,0,164.1,39385.1,7,0,0
1626,2,4,14.6,26668.4,6,0,0
561,0,0,197.1,52530.0,7,0,0
1323,0,0,112.3,29593.2,7,0,0
1568,1,4,12823.0,43766.3,0,0,0
1755,2,1,159.0,50836.8,5,2,38576167
2157,0,3,35696.0,86485.2,0,0,0
1504,2,4,14.6,80215.7,6,0,0
2059,2,4,800.0,23502.3,0,0,0
1749,0,0,81.6,21341.2,7,0,0
1986,2,4,1040.0,21868.6,0,0,0
1358,2,1,10721.0,46070.3,5,8,12446082
2126,0,3,22064.0,58864.1,0,0,0
1787,2,4,1800.0,28161.1,0,0,0
1267,2,1,10387.0,21391.6,5,3,12891853
1850,0,3,13863.0,40003.4,0,0,0
1353,0,0,272.2,54133.7,7,0,0
874,2,1,122.0,18997.9,1,8,81038975
320,2,4,12000.0,34716.3,0,0,0
1084,2,4,9700.0,27758.9,0,0,0
408,0,0,154.3,34493.8,7,0,0
1941,2,1,179.0,45586.6,3,7,20500302
1804,2,4,1400.0,22256.7,0,0,0
1742,2,4,13600.0,54671.2,0,0,0
1964,2,4,2640.0,15533.8,0,0,0
572,2,1,3666.0,32968.8,5,3,54662084
763,0,3,32467.0,80603.8,0,0,0
1393,0,2,5330.0,39768.4,2,2,88452922
1688,2,4,14.6,19511.3,6,0,0
1749,2,4,14.6,34910.9,6,0,0
1667,2,1,2232.0,21001.2,5,3,87682252
1688,2,4,14.6,36266.6,6,0,0
1626,0,0,70.9,14895.0,7,0,0
257,0,0,150.3,36329.8,7,0,0
1822,0,3,18983.0,20083.0,0,0,0
1881,0,3,19746.0,87578.1,0,0,0
1838,2,4,600.0,27670.4,0,0,0
1762,2,1,748.0,72905.0,1,8,41235882
483,0,3,9725.0,34067.6,0,0,0
1131,0,3,4800.0,35038.5,0,0,0
1878,2,1,2899.0,16662.5,1,10,33069950
1596,2,4,14.6,43837.5,6,0,0
1702,2,1,3141.0,19278.5,5,1,29001635
1575,0,2,33747.0,89254.6,0,1,75835334
2053,2,4,14.6,57991.0,6,0,0
2144,0,0,237.1,50638.8,7,0,0
1779,2,4,14.6,23988.4,6,0,0
1436,2,4,2880.0,42648.3,0,0,0
1090,2,4,6300.0,32925.0,0,0,0
1583,1,4,20588.0,38498.9,0,0,0
1731,0,3,19513.0,66185.1,0,0,0
309,2,4,4800.0,25522.3,0,0,0
1912,0,2,3554.0,28118.7,0,3,76823490
1085,2,1,1888.0,42094.9,3,3,58231496
482,0,2,4805.0,24825.0,2,9,17410958
2114,2,4,14.6,16169.9,6,0,0
446,0,2,3242.0,24041.7,0,10,42988401
1930,0,0,385.9,96271.0,7,0,0
1091,2,4,640.0,21727.8,0,0,0
1237,0,3,30349.5,45800.2,0,0,0
1092,2,4,5700.0,42179.1,0,0,0
1508,2,4,8800.0,14556.8,0,0,0
566,2,1,8157.0,23417.1,5,3,68440097
2032,2,1,102.0,69505.8,1,1,71481627
1812,2,4,5120.0,65250.1,0,0,0
133,0,3,13039.0,23839.0,0,0,0
1579,2,1,3612.0,38140.0,5,9,16879636
1025,2,4,13200.0,58887.3,0,0,0
1360,2,1,7936.0,28777.5,5,8,94166147
1425,2,4,1760.0,76319.3,0,0,0
1110,2,4,14.6,27121.8,6,0,0
561,0,0,82.8,20330.6,7,0,0
1991,0,0,54.6,31771.7,7,0,0
1816,2,4,4200.0,83984.0,0,0,0
1961,2,4,100.0,23199.6,6,0,0
1961,0,0,277.1,76930.5,7,0,0
2163,2,4,21400.0,25985.2,0,0,0
865,2,4,14.6,34964.2,6,0,0
1105,2,4,3900.0,38718.8,0,0,0
1030,0,2,3583.0,23352.7,0,13,44113671
1114,2,4,1320.0,22564.3,0,0,0
1757,2,4,2560.0,24585.6,0,0,0
1110,0,0,45.8,17428.2,7,0,0
2053,2,4,14.6,14389.8,6,0,0
380,2,4,14.6,48969.1,6,0,0
1702,2,1,1984.0,28485.4,5,9,40581232
2127,0,2,44992.0,70846.5,0,3,51945531
355,0,2,26258.0,62970.9,0,7,79180401
2124,0,2,3193.0,24548.7,0,4,15131545
1935,2,1,1848.0,42648.5,5,10,79339456
1012,2,4,1920.0,28146.3,0,0,0
1893,2,4,11100.0,73326.5,0,0,0
1095,2,4,3800.0,21542.4,0,0,0
1937,0,3,12368.0,27518.3,0,0,0
1392,2,1,2282.0,31669.3,1,10,70089435
439,0,0,69.1,16739.5,7,0,0
1881,2,1,3683.0,37323.3,5,8,63780206
895,2,4,14.6,47994.7,6,0,0
1721,2,4,10100.0,19902.2,5,0,0
1466,2,4,2900.0,47695.2,0,0,0
1565,0,0,161.0,39970.0,7,0,0
2114,2,4,14.6,21026.4,6,0,0
986,0,3,900.0,13423.4,0,0,0
1718,0,0,165.2,41065.3,7,0,0
1779,0,0,101.9,25521.6,7,0,0
1791,0,3,13923.0,41665.3,0,0,0
1027,0,2,38694.0,56824.8,0,11,92093485
2001,0,3,9006.0,35994.4,0,0,0
1260,2,4,9300.0,55125.1,0,0,0
948,0,3,3200.0,36410.6,0,0,0
2081,0,3,35106.0,63715.8,0,0,0
1749,0,0,202.9,40893.0,7,0,0
2003,2,4,1900.0,26527.0,0,0,0
1451,2,1,11549.0,31940.5,5,10,31096357
1761,2,4,19100.0,44901.8,0,0,0
1788,2,4,6100.0,35836.6,0,0,0
2053,0,0,57.4,13969.0,7,0,0
522,2,4,22200.0,49001.3,0,0,0
1535,2,4,14.6,45156.5,6,0,0
745,2,4,14.6,23655.4,6,0,0
1607,2,1,2232.0,38334.7,5,5,55667674
1841,0,0,237.3,67658.9,7,0,0
1447,2,4,7900.0,53059.7,0,0,0
957,2,4,14.6,26856.1,6,0,0
628,0,2,5859.0,25230.9,2,4,15384018
1971,2,1,2294.0,20538.1,0,4,6982702
1445,2,4,14.6,-439.0,6,0,0
1818,2,4,3480.0,42393.2,0,0,0
1816,2,4,450.0,22437.4,0,0,0
1969,0,3,6420.0,23835.2,0,0,0
1761,2,1,577.0,36744.6,3,2,50336754
1476,2,4,14.6,15520.9,6,0,0
1817,2,4,6900.0,35950.9,0,0,0
1749,2,4,14.6,24665.6,6,0,0
1200,2,4,14.6,22111.8,6,0,0
1048,2,4,14.6,50842.9,6,0,0
1944,2,4,2240.0,28010.5,0,0,0
1961,2,4,14.6,11696.2,6,0,0
1816,2,1,2439.0,10135.2,5,2,58286762
1821,2,4,12800.0,28726.7,0,0,0
937,0,2,6207.0,26761.9,2,13,30300313
1256,2,4,4700.0,55375.0,0,0,0
1626,2,4,14.6,66289.6,6,0,0
1365,2,1,2088.0,19537.3,8,5,66171890
1794,2,4,3500.0,46090.9,0,0,0
2095,2,4,16300.0,67110.7,0,0,0
723,2,1,369.0,45833.6,1,4,91816699
1626,2,4,14.6,36112.9,6,0,0
1082,2,4,4080.0,21742.1,0,0,0
1779,0,0,79.4,19411.9,7,0,0
2065,2,1,4001.0,80598.6,5,4,46998095
1993,2,4,17800.0,35533.2,0,0,0
439,0,0,48.5,17222.5,7,0,0
1170,2,4,14.6,18111.1,6,0,0
2003,2,4,2700.0,32529.0,0,0,0
902,2,1,5429.0,62100.5,5,11,76511865
1859,2,4,1600.0,27900.6,0,0,0
1486,2,1,1572.0,16896.7,1,3,36382317
1646,2,4,4100.0,38182.4,0,0,0
1688,0,0,90.3,17791.3,7,0,0
2053,1,4,4359.0,30020.6,0,0,0
1502,2,4,14000.0,31620.8,0,0,0
1779,2,4,14.6,17719.0,6,0,0
907,2,1,1241.0,33191.4,8,4,50695323
1962,2,4,1900.0,63821.0,0,0,0
2065,2,1,304.0,20878.0,8,6,10349285
2114,2,4,14.6,16981.9,6,0,0
1334,0,2,3203.0,13312.0,0,1,64548641
804,0,0,241.4,44873.5,7,0,0
606,0,2,6179.0,13258.0,2,10,54315930
1718,0,0,128.0,27443.6,7,0,0
2119,2,1,5.0,17287.5,3,11,12044257
1508,2,4,9700.0,40498.0,0,0,0
1376,2,4,800.0,24652.1,0,0,0
1111,2,4,930.0,26150.0,0,0,0
1822,2,1,3757.0,35316.4,8,9,30017256
1869,0,0,64.2,18351.2,7,0,0
804,2,4,30.0,29409.3,6,0,0
1757,0,2,3454.0,15657.8,0,3,51266139
306,0,3,16208.0,99234.4,0,0,0
1241,0,3,13357.5,37946.9,0,0,0
628,2,1,1435.0,32289.5,1,10,76446610
1261,0,0,205.5,32579.6,7,0,0
1877,0,3,23554.0,53332.1,0,0,0
2004,2,4,12600.0,62425.8,0,0,0
1657,0,0,105.1,29284.4,7,0,0
1967,2,4,3300.0,51495.6,0,0,0
1815,2,4,1320.0,24185.3,0,0,0
967,2,1,3339.0,39427.1,1,12,62805408
848,2,4,5000.0,27929.2,0,0,0
1869,0,0,191.7,49103.2,7,0,0
1991,2,4,14.6,37462.5,6,0,0
866,2,4,2900.0,21027.5,0,0,0
1461,2,4,2600.0,60706.3,0,0,0
1323,2,4,14.6,26380.6,6,0,0
1913,0,3,7783.0,28149.0,0,0,0
1991,0,0,57.5,13468.0,7,0,0
318,2,4,14.6,29932.5,6,0,0
1946,2,4,5100.0,41948.5,0,0,0
1133,2,4,4200.0,33364.3,0,0,0
1601,0,2,16820.0,48166.2,0,2,97748749
1991,2,4,14.6,29947.4,6,0,0
1991,2,4,14.6,20877.6,6,0,0
1800,2,4,3600.0,29493.7,0,0,0
1723,2,1,676.0,47769.8,5,11,61390018
804,0,0,131.3,32326.5,7,0,0
1082,2,4,640.0,23105.8,0,0,0
2092,2,4,3200.0,29300.0,0,0,0
1784,2,1,2705.0,15715.7,5,10,30807364
1353,2,4,14.6,27368.2,6,0,0
1458,2,1,3277.0,15051.8,5,12,15485203
469,0,0,114.4,26017.6,7,0,0
1177,2,4,3900.0,24312.6,0,0,0
1147,0,3,14633.0,47277.4,0,0,0
1855,0,3,1800.0,27152.6,0,0,0
1942,2,1,4780.0,37708.5,8,6,40829509
2114,2,4,14.6,41791.2,6,0,0
1718,2,4,2700.0,29712.0,0,0,0
1668,2,4,3240.0,30550.8,0,0,0
1657,0,0,67.2,16570.5,7,0,0
530,0,0,61.9,14971.3,7,0,0
1451,2,4,8640.0,39823.8,0,0,0
1573,0,3,10405.0,24977.9,0,0,0
1439,2,4,3900.0,51943.0,0,0,0
1384,0,0,259.0,64643.2,7,0,0
420,0,3,15787.0,42681.5,0,0,0
1671,0,3,13800.0,76074.3,0,0,0
786,2,4,2880.0,41020.8,0,0,0
1498,2,4,1350.0,16503.3,0,0,0
1811,2,4,1920.0,21900.3,0,0,0
475,0,3,17606.0,49311.7,0,0,0
716,2,4,6900.0,33584.6,0,0,0
1184,2,1,1735.0,23910.6,5,13,62011670
1941,2,1,3131.0,24684.1,5,5,38287389
1906,0,2,31225.0,81076.6,0,5,68143170
1865,0,3,39529.0,63689.2,0,0,0
1087,0,2,4547.0,21639.3,2,3,73988407
550,2,4,10800.0,36150.6,0,0,0
2114,0,0,160.1,36766.7,7,0,0
1271,0,3,22672.0,57346.3,0,0,0
1857,1,4,15167.0,24256.6,0,0,0
1863,0,3,8400.0,27580.9,0,0,0
1757,2,1,3387.0,33449.6,1,13,17594266
1489,0,2,2928.0,60908.5,0,5,34275633
1727,0,3,20521.0,39712.6,0,0,0
2034,2,1,2180.0,15192.4,1,9,1625001
1292,2,4,14.6,28936.1,6,0,0
1869,2,4,14.6,33272.4,6,0,0
1504,0,0,176.9,25268.0,7,0,0
1805,0,3,13993.0,75627.2,0,0,0
1445,0,0,181.7,32008.7,7,0,0
1786,0,3,15400.0,20882.7,0,0,0
1423,0,3,24176.0,53639.2,0,0,0
1414,0,0,104.1,46796.0,7,0,0
1447,2,4,600.0,88972.2,0,0,0
2053,2,4,14.6,18154.2,6,0,0
895,0,0,91.2,23225.2,7,0,0
1688,0,0,95.4,25214.2,7,0,0
928,2,4,2200.0,33269.6,0,0,0
1608,0,3,25236.0,80117.1,0,0,0
1176,0,2,6022.0,27290.4,2,7,66209596
1700,0,3,13185.0,32751.2,0,0,0
1798,2,4,1300.0,36564.5,0,0,0
561,2,4,3240.0,25749.9,0,0,0
2114,0,0,285.1,67886.3,7,0,0
266,0,3,11707.0,31250.4,0,0,0
895,0,0,87.3,17882.2,7,0,0
2053,2,4,14.6,94139.3,6,0,0
1688,0,0,92.8,23230.5,7,0,0
1358,2,1,2750.0,20716.9,5,12,82309841
770,0,3,3900.0,29007.7,0,0,0
1527,1,4,20005.0,40206.8,0,0,0
1626,0,0,107.2,22925.5,7,0,0
454,2,4,59000.0,55165.7,0,0,0
1907,2,1,2697.0,24525.6,5,4,80065911
1087,2,4,2800.0,44544.0,0,0,0
1660,2,4,24400.0,57930.7,0,0,0
469,0,0,60.9,13664.8,7,0,0
1261,2,4,14.6,14260.4,6,0,0
1779,2,4,14.6,34185.0,6,0,0
668,2,4,14700.0,37721.6,0,0,0
1244,2,1,11282.0,18392.1,5,3,9861410
1182,0,2,5671.0,18140.9,2,11,2074182
1323,0,0,70.6,17896.7,7,0,0
1467,0,3,25929.0,45014.4,0,0,0
745,0,0,301.2,53662.1,7,0,0
754,0,3,3600.0,16707.0,0,0,0
257,0,0,121.3,31883.4,7,0,0
575,2,1,455.0,34779.3,3,9,20838284
1170,2,4,14.6,19584.9,6,0,0
1110,2,4,14.6,53765.1,6,0,0
677,2,4,3400.0,23760.5,0,0,0
1822,2,4,1700.0,77119.9,0,0,0
1048,0,0,73.1,17145.3,7,0,0
1779,2,4,14.6,71996.8,6,0,0
1292,0,0,154.2,40369.7,7,0,0
1755,0,3,16571.0,63714.3,0,0,0
1020,2,4,12600.0,28575.5,0,0,0
2152,0,3,10963.5,33791.6,0,0,0
1467,2,4,2200.0,21389.6,0,0,0
691,2,4,2520.0,24754.8,0,0,0
1297,2,1,193.0,36147.0,3,6,32799506
602,2,4,12700.0,41274.8,0,0,0
1939,0,2,5885.0,53853.3,2,7,52298969
1170,0,0,178.0,43833.3,7,0,0
2155,2,1,2439.0,85972.6,1,10,6988245
1657,2,4,14.6,19023.4,6,0,0
1197,2,4,16300.0,30684.0,0,0,0
1210,1,4,6540.0,28598.2,0,0,0
1079,0,0,259.0,68674.8,7,0,0
2010,2,4,6400.0,71849.6,0,0,0
754,0,3,24552.0,25052.0,0,0,0
257,0,0,119.9,31821.4,7,0,0
2027,0,2,31648.0,63267.4,0,4,8007508
1384,0,0,136.3,32555.3,7,0,0
784,0,3,12298.0,34117.0,0,0,0
630,0,2,3261.0,13844.0,0,12,55557876
1384,2,4,14.6,27896.6,6,0,0
2093,0,2,6364.0,47701.5,2,1,70277392
1179,2,1,1338.0,17675.2,5,4,39075994
2126,0,3,21312.0,115866.4,0,0,0
1421,2,1,4585.0,54897.8,5,2,76091629
603,0,3,45661.0,111558.0,0,0,0
1504,2,4,14.6,27031.2,6,0,0
1813,2,4,4800.0,64968.7,0,0,0
1928,2,4,6200.0,48846.9,0,0,0
1237,2,1,177.0,45998.0,3,10,86506151
1576,0,2,23914.0,52015.8,0,12,83349090
1851,0,3,11373.0,47599.9,0,0,0
606,2,1,3947.0,23535.9,5,10,53418099
500,2,4,14.6,20025.8,6,0,0
1418,0,3,19086.0,55013.1,0,0,0
1572,2,4,2100.0,22003.1,0,0,0
1876,2,1,2038.0,31247.3,5,7,58614808
2114,0,0,240.4,48980.8,7,0,0
1079,0,0,72.9,17833.8,7,0,0
1937,2,1,3306.0,20942.1,5,5,78688722
713,2,4,2700.0,25553.2,0,0,0
1718,0,0,270.8,53500.7,7,0,0
1576,0,3,8006.0,17480.5,0,0,0
1959,2,5,2300.0,41292.7,0,0,0
1303,2,1,634.0,14554.6,0,12,36828112
1981,0,3,1400.0,41317.4,0,0,0
984,0,3,5200.0,22448.0,0,0,0
1940,2,1,176.0,83699.7,3,11,2184236
1121,0,2,3189.0,20200.1,0,4,62511837
757,0,3,7429.0,22320.8,0,0,0
2022,0,0,65.9,16337.6,7,0,0
415,2,4,2800.0,25464.0,0,0,0
1465,2,4,550.0,15599.5,0,0,0
1578,2,4,19700.0,45323.7,0,0,0
908,2,1,3662.0,20486.0,5,8,71033382
1349,2,4,1120.0,28255.8,0,0,0
1445,0,0,301.7,60394.7,7,0,0
2083,2,4,30.0,88911.6,6,0,0
2022,0,0,126.4,37481.4,7,0,0
1139,2,4,14.6,35143.7,6,0,0
1812,2,4,3600.0,17076.7,0,0,0
380,0,0,126.3,31458.8,7,0,0
667,2,1,5015.0,30628.8,3,4,15017515
1261,2,4,14.6,39916.0,6,0,0
2151,2,4,7800.0,68107.3,0,0,0
1058,2,4,24400.0,62100.2,0,0,0
1550,0,3,9464.0,84493.4,0,0,0
2144,2,4,14.6,93913.1,6,0,0
1087,2,4,4800.0,24360.5,0,0,0
1292,2,4,14.6,27906.5,6,0,0
1423,2,1,1544.0,30184.3,5,13,66208350
1788,0,3,33170.0,80946.6,0,0,0
1604,0,3,18555.0,42028.0,0,0,0
1565,0,0,33.6,4641.8,7,0,0
1201,2,4,2560.0,20412.8,0,0,0
630,2,1,4806.0,26763.7,5,5,35235697
895,2,4,14.6,11287.4,6,0,0
1079,0,0,106.9,25316.0,7,0,0
714,2,4,14.6,26093.6,6,0,0
643,2,4,5900.0,30975.6,0,0,0
1542,2,1,3464.0,38375.6,5,4,71138578
926,0,0,129.5,30019.1,7,0,0
1635,2,1,959.0,47233.1,3,9,80934089
2022,0,0,331.8,88306.1,7,0,0
1793,0,3,33594.0,41326.7,0,0,0
1353,2,4,14.6,19536.9,6,0,0
2152,0,3,41840.0,63520.5,0,0,0
500,0,0,89.0,21384.8,7,0,0
874,2,1,8301.0,52451.3,5,9,12162918
2014,0,3,25842.0,51144.3,0,0,0
1353,2,4,14.6,31991.4,6,0,0
1545,0,2,3880.0,33364.3,0,9,61068302
1851,0,3,8500.0,19819.1,0,0,0
1251,2,4,2100.0,46144.9,0,0,0
1089,0,2,5922.0,26724.3,2,2,16824597
1782,2,4,19700.0,47067.6,0,0,0
1810,2,4,14.6,27703.5,6,0,0
1868,0,3,600.0,14309.4,0,0,0
1304,2,4,600.0,33009.0,0,0,0
1179,0,2,44730.0,102986.5,0,7,47179061
1414,2,4,4700.0,42913.5,0,0,0
1239,0,2,6234.0,38176.8,2,12,83186918
281,2,4,3000.0,28334.5,0,0,0
1900,0,0,103.1,26321.0,7,0,0
987,0,0,159.3,37156.0,7,0,0
1837,2,4,20200.0,27548.9,0,0,0
544,2,4,18700.0,45359.0,0,0,0
1515,2,1,18.0,16493.3,0,12,49125337
2048,2,4,16000.0,25534.2,0,0,0
1985,2,4,54800.0,54489.3,0,0,0
1688,0,0,202.6,50480.2,7,0,0
2004,2,1,27.0,15943.3,3,10,94764554
683,0,0,136.7,32804.3,7,0,0
2114,0,0,177.1,42349.1,7,0,0
1900,0,0,206.0,38223.6,7,0,0
2063,2,1,3074.0,15107.5,5,6,4520118
525,2,4,17300.0,41976.9,0,0,0
1505,2,4,10300.0,33553.2,0,0,0
861,2,4,900.0,34551.1,0,0,0
994,0,3,17980.0,55106.0,0,0,0
1822,2,1,735.0,37444.3,3,2,85405385
1934,0,3,15007.0,65517.1,0,0,0
2161,2,4,550.0,29826.6,0,0,0
1900,0,0,262.8,63979.2,7,0,0
1124,2,1,3059.0,73597.8,5,5,9478509
1545,2,4,3800.0,30883.5,0,0,0
1214,2,1,3115.0,17856.4,5,12,36951273
1930,2,4,14.6,21024.0,6,0,0
1727,2,1,6965.0,30285.3,3,12,70674234
900,0,3,11538.0,31875.5,0,0,0
1454,0,2,3920.0,36936.1,0,7,73993932
1238,0,3,16654.5,44208.7,0,0,0
816,2,1,310.0,24649.5,1,10,24074399
1663,0,3,17766.0,78012.1,0,0,0
1719,0,3,200.0,200.0,0,0,0
439,2,4,14.6,37349.9,6,0,0
1336,2,1,183.0,24562.5,5,6,38527757
1667,2,1,77.0,19419.3,3,10,72013407
1961,0,0,56.4,13801.1,7,0,0
1108,2,5,1800.0,9878.2,0,0,0
1961,0,0,77.7,16363.6,7,0,0
1940,0,2,4373.0,21125.8,2,5,73513376
334,2,4,47700.0,73808.1,0,0,0
873,2,1,6509.0,53639.9,5,7,69929891
1596,0,0,241.3,60269.0,7,0,0
1476,0,0,71.0,14889.8,7,0,0
1599,2,4,15000.0,39676.8,0,0,0
1911,0,3,6784.0,63361.1,0,0,0
1243,0,3,3500.0,39949.7,0,0,0
1991,0,0,69.3,15278.3,7,0,0
1841,0,0,228.0,46736.6,7,0,0
1908,2,1,1065.0,38400.1,3,8,62572306
1905,2,1,483.0,91691.4,1,5,96404462
1703,2,4,12600.0,50099.8,0,0,0
1110,2,4,14.6,15688.6,6,0,0
722,2,4,4640.0,44484.5,0,0,0
1900,0,0,333.2,82460.2,7,0,0
1991,2,4,14.6,34927.6,6,0,0
957,0,0,171.3,40901.0,7,0,0
1481,2,1,485.0,7739.6,3,11,98547273
997,0,2,3756.0,41704.5,0,1,55015951
2171,2,4,4160.0,84332.4,0,0,0
1091,2,4,6300.0,29688.8,0,0,0
1688,0,0,59.8,14978.4,7,0,0
2167,2,4,800.0,88155.8,0,0,0
1991,0,0,161.9,38238.5,7,0,0
1261,0,3,2600.0,21824.6,0,0,0
1504,2,4,14.6,34524.3,6,0,0
1423,0,2,6491.0,36995.9,2,10,15309065
1110,2,4,14.6,26024.1,6,0,0
1779,0,0,170.9,44649.1,7,0,0
676,2,4,4300.0,29701.6,0,0,0
1900,0,0,112.8,25557.6,7,0,0
1540,2,1,1240.0,34027.0,5,9,13826614
512,0,3,13923.0,33084.8,0,0,0
1821,2,1,6256.0,39259.3,5,6,95605074
1718,2,4,14.6,25760.7,6,0,0
1571,2,1,40.0,25931.4,1,12,34381449
1232,2,4,600.0,33059.0,0,0,0
1299,2,1,668.0,23633.3,5,11,58226454
1384,2,4,14.6,38618.5,6,0,0
1353,0,0,245.3,61105.3,7,0,0
2114,2,4,14.6,23573.7,6,0,0
2170,2,4,1150.0,48361.4,0,0,0
271,0,3,21231.0,21831.0,0,0,0
1790,2,1,4095.0,57291.1,1,10,21518677
804,0,0,22.1,9141.1,7,0,0
1806,2,4,900.0,34041.0,0,0,0
1521,2,4,640.0,20260.9,0,0,0
1104,2,4,6300.0,49096.4,0,0,0
479,0,3,2000.0,21885.2,0,0,0
1366,0,2,5649.0,21151.4,2,4,61639571
1779,0,0,81.7,19909.1,7,0,0
1150,2,1,1705.0,43966.5,5,12,86834001
2030,2,1,2282.0,51377.4,1,10,70089435
622,0,0,143.4,29689.5,7,0,0
1445,0,0,206.5,49883.4,7,0,0
1348,2,4,12600.0,26388.7,0,0,0
754,0,3,17313.0,34003.8,0,0,0
1991,2,4,14.6,13555.9,6,0,0
601,0,3,17765.0,38477.2,0,0,0
1208,2,4,34200.0,53911.5,0,0,0
996,2,1,1321.0,26341.7,0,6,52539473
1220,2,4,3200.0,29365.5,0,0,0
469,2,4,14.6,33607.1,6,0,0
1395,0,2,4039.0,13518.0,2,4,30588859
1397,0,3,22894.0,60946.8,0,0,0
1841,0,0,253.1,51459.4,7,0,0
2035,0,2,3098.0,19576.2,0,1,21098941
1429,2,4,11200.0,31690.6,0,0,0
957,2,4,14.6,21680.9,6,0,0
1596,0,0,95.7,78757.8,7,0,0
1296,2,4,3440.0,42527.6,0,0,0
1391,0,2,5163.0,36467.9,2,6,47449284
1638,2,1,1445.0,31689.1,8,7,13170600
998,2,1,3048.0,28307.0,5,1,93704944
1461,2,4,1360.0,20995.4,0,0,0
1565,2,4,14.6,16688.5,6,0,0
2003,2,1,1651.0,43572.1,1,9,99677460
1990,2,4,20300.0,26929.2,0,0,0
453,2,4,14700.0,36424.2,0,0,0
697,2,4,8400.0,27256.8,0,0,0
1756,0,2,6656.0,40137.0,2,1,91523855
1299,2,4,17400.0,42930.3,0,0,0
1943,2,1,1612.0,18287.5,1,10,14182174
1976,2,4,16000.0,50387.6,0,0,0
1832,2,4,1440.0,21498.0,0,0,0
895,0,0,77.7,17114.6,7,0,0
1836,2,4,6600.0,6963.9,0,0,0
1560,2,4,700.0,17078.0,0,0,0
2096,2,1,644.0,59039.0,1,6,33418482
1261,0,0,152.7,20608.6,7,0,0
1103,2,4,500.0,35801.4,0,0,0
1841,0,0,315.2,61757.3,7,0,0
1119,2,1,3306.0,35453.9,5,13,87724715
439,0,0,149.7,36720.2,7,0,0
1606,0,3,23832.0,65575.8,0,0,0
1878,2,4,2400.0,49508.4,0,0,0
773,0,0,100.9,24348.3,7,0,0
1596,0,0,175.5,34128.6,7,0,0
1884,2,4,1700.0,61836.7,0,0,0
1079,0,0,138.9,32189.7,7,0,0
1633,2,4,11300.0,31247.2,0,0,0
2118,0,3,13286.0,90228.6,0,0,0
1874,0,3,23081.0,81783.2,0,0,0
1930,0,0,103.6,18987.7,7,0,0
2127,2,4,5400.0,48334.1,0,0,0
288,0,0,31.2,13929.9,7,0,0
966,2,1,2885.0,17045.6,5,1,49887746
1376,2,4,9200.0,61677.5,0,0,0
1975,1,4,4436.0,35952.6,0,0,0
659,2,1,2332.0,27001.4,5,5,36960655
1370,2,4,5500.0,46676.6,0,0,0
2060,2,1,75.0,39993.5,3,9,82856064
1243,2,1,495.0,33298.4,5,3,54853975
1991,2,4,14.6,61495.8,6,0,0
625,2,4,7000.0,34613.9,0,0,0
1961,2,4,14.6,31535.0,6,0,0
581,2,4,4000.0,32124.2,0,0,0
1421,0,2,3437.0,11311.0,0,5,13867229
1292,2,4,14.6,75527.8,6,0,0
1330,2,4,4300.0,26864.0,0,0,0
606,2,1,908.0,65513.5,5,9,83610647
980,2,4,840.0,25432.7,0,0,0
1838,0,3,24738.0,42715.6,0,0,0
2114,2,4,14.6,19577.6,6,0,0
1320,2,4,7100.0,22792.6,0,0,0
1790,2,1,101.0,62631.2,1,4,57943856
1718,2,4,14.6,18482.4,6,0,0
1758,2,4,510.0,21990.7,0,0,0
1300,0,2,10707.0,13534.2,0,1,58915007
753,0,3,18660.0,55899.1,0,0,0
592,0,0,133.0,29186.7,7,0,0
1823,0,2,6263.0,22240.3,2,5,9922194
1178,0,3,800.0,20210.2,0,0,0
813,0,3,17287.0,51888.7,0,0,0
1690,0,3,100.0,22590.9,0,0,0
1421,2,1,2691.0,31352.9,5,3,82371133
689,2,1,1367.0,25272.1,5,10,74249100
2147,2,5,3800.0,76379.9,0,0,0
1079,0,0,207.3,48748.2,7,0,0
521,2,4,16300.0,41990.1,0,0,0
1723,2,1,121.0,46600.1,1,2,47281420
2083,0,0,61.7,15646.9,7,0,0
1779,0,0,86.2,23111.5,7,0,0
1975,0,3,34596.0,59369.0,0,0,0
784,0,2,6877.0,33945.5,2,12,11260474
987,0,0,177.3,43639.6,7,0,0
707,2,4,33000.0,60345.1,0,0,0
1267,0,3,18299.0,52165.9,0,0,0
1853,2,1,3840.2,43861.0,8,7,28203147
726,2,1,68.0,25701.3,1,7,77462422
859,2,4,4100.0,28107.5,0,0,0
1762,2,4,4200.0,22038.3,0,0,0
1515,2,1,2661.0,44708.0,5,1,53374159
1183,2,1,5394.0,30123.8,5,12,11074567
1900,0,0,152.6,34495.2,7,0,0
1577,2,4,2280.0,48461.5,0,0,0
2024,2,4,3300.0,11895.5,0,0,0
1565,2,4,14.6,103095.6,6,0,0
834,0,0,65.9,13971.3,7,0,0
1744,2,4,1900.0,44428.7,0,0,0
380,0,0,181.5,23339.3,7,0,0
993,0,2,26217.0,69621.2,0,8,91739892
318,0,0,216.7,40714.4,7,0,0
2156,2,1,3555.0,71386.4,8,12,43682754
878,0,3,700.0,22205.5,0,0,0
1438,2,4,2400.0,35434.4,0,0,0
990,2,4,6000.0,25086.3,0,0,0
2083,2,4,14.6,19010.1,6,0,0
1901,1,4,7338.0,67742.3,0,0,0
1078,2,4,62000.0,51718.6,0,0,0
1900,0,0,92.9,22989.8,7,0,0
1605,2,1,2739.0,39940.6,1,4,54822939
2059,0,3,24692.0,46622.7,0,0,0
1810,0,0,165.5,38260.5,7,0,0
1718,2,4,14.6,51541.7,6,0,0
1261,2,4,30.0,120441.3,6,0,0
355,2,1,3383.0,21782.9,5,7,74407583
1048,2,4,30.0,32797.5,6,0,0
1018,0,0,24.8,5511.0,7,0,0
1793,2,1,2444.0,34860.2,5,13,11799949
1907,0,3,8378.0,16917.4,0,0,0
605,0,3,20795.0,66476.4,0,0,0
1764,2,4,4000.0,30489.3,0,0,0
257,0,0,140.2,47515.9,7,0,0
695,0,2,2901.0,24186.2,0,5,69472062
182,2,4,54900.0,50386.0,0,0,0
700,2,4,4100.0,23540.4,0,0,0
1900,0,0,95.1,23961.6,7,0,0
2114,2,4,14.6,104634.1,6,0,0
518,0,3,7300.0,21873.4,0,0,0
1419,2,1,1281.0,61641.6,5,9,56383961
373,2,4,2280.0,22711.6,0,0,0
1445,0,0,188.5,44455.3,7,0,0
1061,0,3,26475.0,48934.5,0,0,0
1754,0,3,7964.0,72672.1,0,0,0
1544,2,1,4723.0,45026.1,5,11,28312742
1813,2,4,600.0,16000.4,0,0,0
1749,2,4,14.6,38150.5,6,0,0
2022,0,0,297.0,107445.6,7,0,0
1749,0,0,201.2,51705.9,7,0,0
530,2,4,14.6,20412.3,6,0,0
1476,2,4,14.6,14490.6,6,0,0
773,0,0,52.4,13297.5,7,0,0
683,2,4,14.6,24336.2,6,0,0
1638,0,3,12342.0,28123.8,0,0,0
1879,2,4,8200.0,88194.0,0,0,0
691,2,4,17600.0,40446.4,0,0,0
437,2,4,2080.0,19714.5,0,0,0
1847,0,3,19227.0,59441.3,0,0,0
1961,0,0,166.6,40543.2,7,0,0
1779,0,0,102.9,25159.7,7,0,0
1565,2,4,14.6,21960.4,6,0,0
926,0,0,234.6,68409.7,7,0,0
1876,2,4,7400.0,43019.0,0,0,0
1079,2,4,14.6,42744.8,6,0,0
2018,2,4,16700.0,33673.1,0,0,0
1550,0,3,300.0,29594.2,0,0,0
1513,2,1,5491.0,20337.0,5,10,86091345
1170,2,4,14.6,32776.2,6,0,0
1816,0,3,23621.0,92281.7,0,0,0
1782,0,3,2200.0,41182.5,0,0,0
1527,2,4,3000.0,65275.1,0,0,0
2053,0,0,93.5,33362.9,7,0,0
1969,2,1,1326.0,66831.8,5,3,72628474
1634,0,3,10588.0,31104.7,0,0,0
1324,0,3,1900.0,24941.6,0,0,0
844,0,3,4600.0,17900.0,0,0,0
1236,0,2,6086.0,12672.0,2,8,51712715
759,2,1,8054.0,22803.4,5,11,41454017
804,2,4,14.6,32191.3,6,0,0
1535,2,4,14.6,14538.1,6,0,0
1953,2,4,900.0,19929.3,0,0,0
408,0,0,7.1,8863.1,7,0,0
512,0,3,38823.0,147974.6,0,0,0
1079,0,0,68.0,16964.7,7,0,0
1882,0,3,2700.0,35481.6,0,0,0
1445,0,0,103.0,22735.1,7,0,0
1991,2,4,14.6,25050.4,6,0,0
1056,2,1,1961.0,28116.9,5,8,65114086
1711,2,4,8100.0,59590.7,0,0,0
469,2,4,14.6,32155.0,6,0,0
1882,0,2,43825.0,76314.4,0,9,84854560
1671,2,1,4206.0,36808.1,5,9,25673014
2114,0,0,182.5,42759.4,7,0,0
721,2,4,5800.0,42840.3,0,0,0
627,2,1,3041.0,53018.8,5,13,91662942
1596,2,4,14.6,44785.9,6,0,0
1356,2,4,30600.0,54648.2,0,0,0
1272,0,3,5300.0,61280.5,0,0,0
785,2,1,7951.0,23998.7,1,9,94053124
1413,0,3,31651.0,70752.0,0,0,0
692,2,1,2173.0,19783.8,5,10,56916624
1657,0,0,233.9,59286.9,7,0,0
2157,2,4,1500.0,18799.2,0,0,0
2022,2,4,30.0,30084.3,6,0,0
726,2,4,2880.0,58725.8,0,0,0
1827,0,3,17073.0,57728.4,0,0,0
1362,2,4,3200.0,33991.6,0,0,0
1156,2,4,3480.0,31429.7,0,0,0
848,2,1,9.0,57975.4,1,11,30289006
2036,0,2,5266.0,55974.8,2,9,92258953
43,0,0,34.1,19151.1,7,0,0
895,0,0,172.4,37280.0,7,0,0
1649,2,4,7700.0,35923.9,0,0,0
1110,0,0,183.2,32603.0,7,0,0
1997,1,4,15843.0,30802.6,0,0,0
1871,0,3,800.0,28407.2,0,0,0
2117,0,3,49483.0,97469.2,0,0,0
1270,2,1,2432.0,20713.3,5,12,84145503
683,0,0,232.7,45677.1,7,0,0
1460,2,4,840.0,19025.1,0,0,0
2065,0,2,5298.0,27831.1,2,7,67021775
569,2,1,2204.0,17797.5,0,6,70317125
2083,0,0,139.6,32649.8,7,0,0
1170,2,4,14.6,44825.3,6,0,0
1231,0,0,319.1,70744.1,7,0,0
1261,0,0,214.3,32936.1,7,0,0
1301,0,3,8409.0,41136.2,0,0,0
1810,2,4,100.0,69909.1,6,0,0
1841,2,4,14.6,14228.0,6,0,0
394,0,2,3175.0,10325.0,0,4,84242337
1596,0,0,207.6,48532.3,7,0,0
966,2,1,260.0,34067.7,5,3,83133846
1991,0,0,76.9,17790.4,7,0,0
366,2,4,6000.0,83298.2,0,0,0
1504,2,4,14.6,18277.1,6,0,0
918,0,3,5881.0,65605.3,0,0,0
1909,2,1,8852.0,11711.9,5,6,18580800
1596,0,0,137.5,34715.9,7,0,0
1578,2,1,1546.0,35666.4,5,4,67947453
690,2,4,800.0,61193.3,0,0,0
1991,2,4,14.6,17326.1,6,0,0
2046,1,4,20717.0,32102.3,0,0,0
1384,0,0,151.5,28901.2,7,0,0
1240,2,1,3026.0,12383.0,5,8,48705834
1691,0,3,800.0,43173.1,0,0,0
1943,0,3,38590.0,51314.9,0,0,0
1088,2,4,2640.0,20631.9,0,0,0
2114,0,0,92.6,19447.1,7,0,0
1340,2,5,2200.0,54107.9,0,0,0
1384,2,4,14.6,58177.0,6,0,0
1139,0,0,64.6,15335.7,7,0,0
1657,2,4,14.6,28164.2,6,0,0
280,2,4,3840.0,19507.8,0,0,0
994,2,1,3102.0,14645.9,5,9,49371123
1991,0,0,47.9,12566.0,7,0,0
1517,2,1,1500.0,8396.2,3,11,1665688
1546,0,3,2600.0,52605.2,0,0,0
1671,2,1,1785.0,18376.2,5,8,83596694
1749,0,0,79.4,17114.0,7,0,0
1900,2,4,14.6,48599.7,6,0,0
1961,0,0,269.3,76506.6,7,0,0
987,0,0,194.9,19237.2,7,0,0
1841,0,0,207.6,44806.7,7,0,0
465,2,4,6900.0,59042.0,0,0,0
1243,2,1,6330.2,40860.5,8,8,77285653
1930,2,4,14.6,24757.8,6,0,0
1414,0,0,158.1,32912.5,7,0,0
895,2,4,14.6,33962.3,6,0,0
823,0,3,1900.0,34757.5,0,0,0
2149,2,1,7949.0,54205.1,5,12,87787443
1504,0,0,243.4,63654.1,7,0,0
135,2,4,14.6,25649.9,6,0,0
2066,2,1,2046.0,25768.5,5,10,77312248
2053,2,4,14.6,74800.3,6,0,0
1333,2,4,18900.0,50500.2,0,0,0
1968,2,1,4930.0,57249.1,1,12,56243741
1895,1,4,20321.0,57448.6,0,0,0
1921,2,4,2040.0,31933.7,0,0,0
189,0,3,17961.0,68671.4,0,0,0
658,2,4,5200.0,26927.5,0,0,0
1476,2,4,14.6,25855.6,6,0,0
1535,2,4,14.6,32889.4,6,0,0
1465,2,4,1080.0,45242.4,0,0,0
1244,0,2,3345.0,17625.0,0,7,43728011
2083,2,4,14.6,22499.4,6,0,0
2159,2,4,2080.0,32076.4,0,0,0
1086,0,3,17279.0,52663.1,0,0,0
1231,2,4,30.0,49517.1,6,0,0
1110,0,0,165.0,26614.3,7,0,0
1961,0,0,378.3,92397.7,7,0,0
1930,0,0,55.1,13276.9,7,0,0
380,2,4,14.6,19799.8,6,0,0
689,2,4,2100.0,28138.5,0,0,0
2062,2,1,3587.0,16635.6,5,9,61846792
1328,0,3,10942.0,49335.6,0,0,0
2144,0,0,307.4,76911.3,7,0,0
2081,2,4,37100.0,97153.8,0,0,0
1667,2,1,3176.0,16463.0,1,5,23477942
1635,0,2,3185.0,19133.7,0,12,2390736
1160,0,3,2900.0,10197.2,0,0,0
957,0,0,17.3,16150.3,7,0,0
2127,0,3,24400.0,70149.7,0,0,0
850,2,4,2960.0,28699.0,0,0,0
429,2,4,7700.0,37076.2,0,0,0
2097,2,1,4351.0,25712.0,3,13,70442372
1519,0,3,41037.0,97058.6,0,0,0
1421,0,2,64503.0,98237.8,0,4,82294130
2149,2,4,3000.0,52793.2,0,0,0
2126,2,1,2650.2,56238.8,8,1,40932357
1882,2,4,2400.0,82762.5,0,0,0
1793,2,1,2423.0,18343.1,5,5,26984930
1815,2,4,550.0,26827.2,0,0,0
908,2,1,2389.0,29867.8,5,9,20193255
2083,0,0,197.9,47988.3,7,0,0
1816,0,3,23852.0,74446.4,0,0,0
2022,0,0,491.2,124588.4,7,0,0
967,2,1,2232.0,17919.5,0,6,30277490
1991,2,4,14.6,28046.1,6,0,0
2151,2,4,18400.0,57181.3,0,0,0
1831,2,4,7040.0,34095.5,0,0,0
865,2,4,14.6,24698.9,6,0,0
1979,2,4,5200.0,21607.7,0,0,0
1841,0,0,280.1,53188.5,7,0,0
1991,0,0,44.8,13884.0,7,0,0
1090,2,4,14700.0,42924.7,0,0,0
1240,1,4,6210.0,15164.4,0,0,0
1799,2,4,3200.0,32214.6,0,0,0
1419,2,4,3100.0,20428.9,0,0,0
349,2,4,30.0,83173.6,6,0,0
1471,2,4,180.0,31031.7,0,0,0
895,0,0,308.2,64154.4,7,0,0
439,2,4,14.6,39493.5,6,0,0
1699,2,4,1000.0,16674.6,0,0,0
1930,2,4,14.6,29215.4,6,0,0
1445,2,4,14.6,58785.9,6,0,0
1604,2,1,2038.0,43657.8,1,8,83177405
1626,2,4,14.6,14926.5,6,0,0
1048,2,4,14.6,29259.9,6,0,0
1461,2,4,840.0,37732.2,0,0,0
1248,2,4,7500.0,36665.4,0,0,0
1998,2,4,7600.0,47339.7,0,0,0
1718,0,0,240.9,50923.1,7,0,0
1117,2,1,5542.0,26133.4,1,12,28735864
1443,2,4,23600.0,46780.5,0,0,0
1565,2,4,14.6,13289.5,6,0,0
716,0,3,1100.0,28746.9,0,0,0
2044,2,4,600.0,15955.6,0,0,0
1384,0,0,132.8,32218.6,7,0,0
2144,2,4,14.6,26997.3,6,0,0
359,2,4,240.0,19488.5,0,0,0
744,2,4,800.0,22932.6,0,0,0
1991,0,0,81.5,16917.8,7,0,0
2114,2,4,14.6,38535.4,6,0,0
500,2,4,14.6,17990.8,6,0,0
1353,2,4,14.6,18584.4,6,0,0
1055,2,4,700.0,22008.9,0,0,0
2088,2,1,2166.0,29822.4,5,3,8150911
1688,2,4,14.6,17668.7,6,0,0
1821,2,1,1463.0,22074.1,1,13,86592346
1697,1,4,23640.0,88134.4,0,0,0
1445,2,4,14.6,26552.2,6,0,0
1479,2,4,1440.0,17681.4,0,0,0
475,0,3,2800.0,26600.0,0,0,0
1000,2,1,2589.0,27637.8,5,1,57065409
2066,2,1,567.0,80441.1,1,3,86246293
1718,0,0,289.4,71578.5,7,0,0
2083,2,4,14.6,29320.6,6,0,0
979,2,4,800.0,25405.9,0,0,0
527,0,3,44447.0,98813.5,0,0,0
1297,0,3,4000.0,18265.4,0,0,0
1614,2,4,19500.0,28332.7,0,0,0
1822,2,1,2106.0,16434.3,5,7,36616581
1612,0,3,1400.0,14500.0,0,0,0
1961,0,0,2.0,-1629.8,7,0,0
2159,2,5,400.0,80159.3,0,0,0
1661,2,4,28500.0,86897.2,0,0,0
2114,0,0,129.5,32594.6,7,0,0
1450,0,3,18249.0,67998.5,0,0,0
1374,2,4,3800.0,15482.3,0,0,0
1207,2,1,8084.0,38249.5,5,9,4736280
1749,2,4,14.6,27099.4,6,0,0
875,2,1,7607.0,45830.8,5,2,41483783
1392,0,3,19130.0,60968.5,0,0,0
1682,2,4,18200.0,59779.7,0,0,0
1779,0,0,245.6,59325.6,7,0,0
1239,2,1,3430.0,43186.4,5,3,31000817
1930,2,4,14.6,28404.1,6,0,0
1759,1,4,22011.0,56569.9,0,0,0
1789,0,2,4714.0,26064.1,2,8,31212187
1750,2,4,600.0,14629.5,0,0,0
1110,2,4,14.6,59885.8,6,0,0
1424,0,3,29901.0,70366.8,0,0,0
1869,0,0,221.9,78198.9,7,0,0
1565,2,4,14.6,41496.8,6,0,0
1389,2,4,5600.0,19665.6,0,0,0
773,0,0,173.4,59320.4,7,0,0
485,2,4,700.0,39503.9,0,0,0
1631,2,1,1907.0,13987.1,5,5,5768174
1634,1,4,23857.0,39381.5,0,0,0
1445,0,0,161.0,44281.9,7,0,0
1841,2,4,14.6,66076.8,6,0,0
1518,2,1,3167.0,14176.4,5,9,37438416
1657,2,4,14.6,54406.7,6,0,0
1346,2,4,9600.0,40455.9,0,0,0
1504,0,0,127.8,35801.8,7,0,0
1632,2,1,2100.0,18285.6,0,8,39149236
1991,0,0,106.0,16820.3,7,0,0
2160,0,3,16153.0,83241.6,0,0,0
1535,0,0,78.0,19601.4,7,0,0
1770,2,4,14900.0,28849.8,0,0,0
1472,2,4,1800.0,17010.3,0,0,0
750,2,1,1173.0,25829.7,3,4,57924091
1805,2,4,1200.0,20203.8,0,0,0
1445,2,4,14.6,31775.9,6,0,0
592,0,0,138.6,34575.5,7,0,0
810,2,1,1143.0,16643.6,1,3,99499773
1987,1,4,18966.0,29558.5,0,0,0
1779,2,4,14.6,25295.4,6,0,0
1339,2,4,5300.0,32403.9,0,0,0
1991,0,0,61.4,19139.1,7,0,0
1114,2,4,16600.0,49239.4,0,0,0
2053,2,4,14.6,17172.6,6,0,0
1366,2,4,12400.0,45635.7,0,0,0
1991,0,0,74.6,17336.3,7,0,0
1971,2,1,3252.0,79404.8,5,8,86823993
1115,0,2,3223.0,21478.8,0,7,6607431
1340,2,4,6900.0,24137.1,0,0,0
570,0,3,11466.0,44155.7,0,0,0
1086,2,5,1600.0,43743.8,0,0,0
2094,2,4,4680.0,27938.8,0,0,0
1546,0,3,7481.0,86867.0,0,0,0
1548,2,4,11800.0,28603.0,5,0,0
1199,0,3,8500.0,16303.0,0,0,0
1718,0,0,130.9,32720.5,7,0,0
1822,2,1,4028.0,64784.6,5,7,37446361
1089,2,4,1800.0,39203.8,0,0,0
2175,0,0,78.7,19756.9,7,0,0
1756,2,1,152.0,66867.6,1,6,9583253
1565,2,4,14.6,36569.5,6,0,0
1900,2,4,14.6,62705.0,6,0,0
1899,0,3,16394.0,64104.9,0,0,0
2066,2,1,484.0,49513.8,5,13,91279679
1731,0,3,25212.0,77965.2,0,0,0
1900,0,0,96.7,21144.0,7,0,0
1779,0,0,369.2,36776.1,7,0,0
1900,2,4,14.6,42496.3,6,0,0
1780,2,4,18400.0,50234.2,0,0,0
1642,0,3,11693.0,74593.5,0,0,0
1310,2,4,9800.0,25904.9,0,0,0
1323,2,4,14.6,27864.6,6,0,0
1145,0,3,16993.0,39856.8,0,0,0
1883,0,3,18237.0,45215.9,0,0,0
1459,0,3,17102.0,68138.6,0,0,0
683,0,0,170.5,60446.8,7,0,0
1657,2,4,14.6,45460.3,6,0,0
1900,0,0,94.1,22864.9,7,0,0
1869,0,0,109.3,36375.6,7,0,0
1578,2,1,2073.0,17731.1,5,12,51732343
2114,2,4,14.6,51154.3,6,0,0
1214,2,1,455.0,36904.9,3,9,20838284
1359,2,1,1906.0,30009.2,3,8,8703875
1852,2,1,5629.0,14579.3,5,3,34219330
1565,0,0,207.4,36202.9,7,0,0
1535,2,4,14.6,13395.0,6,0,0
2071,0,3,1300.0,57777.6,0,0,0
1353,0,0,71.4,17423.2,7,0,0
882,2,4,7020.0,19140.5,0,0,0
294,2,4,720.0,35409.4,0,0,0
2175,0,0,69.3,19182.5,7,0,0
1835,2,4,360.0,30761.1,0,0,0
987,2,4,14.6,22206.2,6,0,0
2058,2,1,6009.0,85615.2,5,5,47246265
1632,2,1,5887.0,65416.9,5,13,15201545
1930,0,0,439.2,101752.6,7,0,0
778,2,4,3300.0,22124.6,0,0,0
1571,2,4,3200.0,34647.1,0,0,0
2029,2,1,3408.0,30615.3,5,2,86137228
2144,0,0,65.1,14396.7,7,0,0
1545,0,2,4641.0,15769.2,2,6,50038367
1535,2,4,3900.0,24952.5,0,0,0
873,2,4,45200.0,94680.9,0,0,0
1546,2,1,4173.0,30885.0,5,11,49245339
2101,0,3,8219.0,12124.3,0,0,0
1420,2,1,314.0,34241.4,5,13,3428841
1841,0,0,109.3,22403.7,7,0,0
834,2,4,8900.0,30756.8,0,0,0
1779,2,4,14.6,42806.2,6,0,0
500,2,4,14.6,27320.3,6,0,0
1612,2,4,9800.0,41521.0,0,0,0
2022,2,4,27.1,-2691.7,4,0,0
1754,0,3,17275.0,47781.5,0,0,0
1231,0,0,134.3,29145.6,7,0,0
810,2,1,3168.0,21101.5,5,9,5411524
2119,2,4,4440.0,32906.1,0,0,0
1428,2,4,10300.0,61920.4,0,0,0
500,2,4,14.6,76768.9,6,0,0
1900,0,0,170.4,38353.4,7,0,0
2065,0,3,17477.0,44479.6,0,0,0
1362,2,1,7082.0,52115.3,3,3,80783962
1749,0,0,92.0,24732.3,7,0,0
1333,2,1,1771.0,59961.4,3,7,43612647
1476,2,4,14.6,78485.8,6,0,0
1973,2,1,2676.0,32237.0,8,1,8848363
683,0,0,125.3,27983.7,7,0,0
1657,2,4,14.6,35136.9,6,0,0
2144,2,4,14.6,73569.1,6,0,0
1843,2,4,2000.0,15263.8,0,0,0
477,0,3,17448.0,36635.9,0,0,0
1663,0,3,12745.0,31622.9,0,0,0
2053,0,0,74.3,17331.1,7,0,0
835,2,4,3100.0,22517.0,0,0,0
2083,2,4,14.6,28419.5,6,0,0
1596,2,4,14.6,62449.4,6,0,0
1991,2,4,4.6,37008.1,4,0,0
1881,2,4,1300.0,38712.9,0,0,0
1363,0,3,37248.0,73560.7,0,0,0
1657,0,0,89.9,-1870.0,7,0,0
2035,2,1,10.0,18807.9,1,4,4786676
1124,2,1,3028.0,37454.6,5,13,24106633
500,0,0,153.3,40226.8,7,0,0
2134,0,3,28841.0,64108.2,0,0,0
1302,2,4,8800.0,29381.5,0,0,0
1535,2,4,14.6,27069.8,6,0,0
1255,2,4,10300.0,39837.9,0,0,0
2089,2,1,6260.0,32790.1,5,1,37868559
1779,0,0,89.7,22523.5,7,0,0
1329,0,3,7731.0,29433.1,0,0,0
1055,2,1,120.0,37517.1,1,1,6115699
2002,2,1,3347.0,23200.2,5,9,745589
1602,2,1,4285.0,20426.5,5,13,40565508
1043,2,4,3100.0,48120.0,0,0,0
1833,2,4,400.0,17320.7,0,0,0
350,2,4,6300.0,49976.1,0,0,0
1504,2,4,14.6,50939.6,6,0,0
1231,0,0,131.5,32957.8,7,0,0
1585,0,3,2200.0,35762.9,0,0,0
1064,2,4,1280.0,33104.3,0,0,0
721,0,3,18942.0,52487.8,0,0,0
1705,2,4,9000.0,56035.1,0,0,0
1363,0,2,3197.0,18766.9,0,2,89602392
1847,0,3,16993.0,68360.9,0,0,0
1147,0,3,5400.0,24090.4,0,0,0
1266,2,4,5600.0,25735.2,0,0,0
1397,2,4,1100.0,29950.4,3,0,0
1646,2,4,13600.0,45560.8,0,0,0
1060,2,4,2500.0,47773.4,0,0,0
1759,2,1,3730.0,20460.0,5,2,65763521
1269,0,3,4800.0,21101.0,0,0,0
1422,0,2,3488.0,33885.3,0,2,1785916
1380,2,4,3600.0,29103.3,0,0,0
1450,2,5,2600.0,85381.0,0,0,0
1548,0,2,5506.0,23024.0,2,10,56668645
1779,2,4,14.6,47932.4,6,0,0
895,0,3,8900.0,22503.9,0,0,0
1779,0,0,253.5,62413.8,7,0,0
1793,0,3,36630.0,62684.0,0,0,0
1815,0,3,20213.0,43885.3,0,0,0
1292,0,0,114.5,24452.0,7,0,0
1841,2,4,14.6,36960.0,6,0,0
1364,2,1,1428.0,27040.3,3,10,21958375
1457,2,4,2000.0,28521.9,0,0,0
1384,2,4,14.6,9151.6,6,0,0
1573,0,3,10134.0,42181.1,0,0,0
205,0,3,4939.0,33462.1,0,0,0
1535,2,4,14.6,43931.1,6,0,0
751,0,2,12485.0,47799.0,0,3,83870011
1571,0,3,7871.0,38314.9,0,0,0
1476,2,4,14.6,17432.6,6,0,0
1485,0,3,6284.0,34216.9,0,0,0
1883,0,3,15191.0,43385.2,0,0,0
318,2,4,14.6,29748.5,6,0,0
1749,2,4,46.9,-3523.9,4,0,0
1333,0,2,22789.0,56947.6,0,13,58388644
1383,2,4,14100.0,40960.5,0,0,0
1975,2,1,1785.0,28268.8,5,8,83596694
1657,2,4,14.6,60997.7,6,0,0
1992,2,4,8400.0,46264.7,0,0,0
804,2,4,14.6,26017.4,6,0,0
1299,2,1,1956.0,17110.7,1,13,58911669
556,0,3,34322.0,90797.5,0,0,0
2079,0,3,28920.0,67211.1,0,0,0
1749,2,4,14.6,17253.3,6,0,0
1688,2,4,14.6,27734.9,6,0,0
1900,2,4,49900.0,61206.9,0,0,0
1732,2,1,591.0,26356.1,1,12,2818489
992,0,3,4893.0,33934.6,0,0,0
1626,0,0,39.7,16512.2,7,0,0
1695,2,1,2806.0,18942.4,5,9,20080882
2065,0,3,21854.0,72735.4,0,0,0
1535,2,4,14.6,25650.3,6,0,0
439,0,0,129.0,31058.6,7,0,0
1577,2,1,1552.0,34412.8,1,9,17476857
1496,2,4,14100.0,15747.2,0,0,0
1834,0,3,39796.0,71641.5,0,0,0
2034,2,1,3016.7,58994.6,8,4,75494760
1275,0,3,700.0,66352.2,0,0,0
1816,2,4,2700.0,33266.5,0,0,0
227,2,4,14.6,31976.2,6,0,0
967,2,1,647.0,18013.3,5,11,53003144
1822,2,1,5810.0,25424.3,5,13,97079294
1396,2,1,6649.0,45216.0,5,4,98498379
1851,0,2,5523.0,22915.2,2,7,95951663
2094,0,3,12473.0,53311.4,0,0,0
1648,0,3,2200.0,22172.7,0,0,0
1785,2,1,73.0,17472.7,1,4,1038826
199,0,3,45233.0,79925.0,0,0,0
1662,0,3,7188.0,30549.3,0,0,0
996,0,3,13297.0,27406.0,0,0,0
1261,2,4,14.6,31054.3,6,0,0
1905,2,4,5900.0,86089.2,0,0,0
1779,2,4,14.6,37795.7,6,0,0
719,2,4,10800.0,30030.3,0,0,0
932,2,1,906.0,29536.0,3,11,51602697
1145,0,2,30408.0,47165.2,0,12,59107029
1091,2,1,735.0,29303.2,3,2,85405385
2040,0,3,1300.0,57826.8,0,0,0
1414,2,4,14.6,9028.1,6,0,0
1841,0,0,111.2,26424.1,7,0,0
1445,0,0,66.6,13234.0,7,0,0
1640,2,4,3200.0,14456.9,0,0,0
1640,0,3,16654.0,68915.1,0,0,0
1520,0,3,9100.0,28588.2,0,0,0
507,2,4,1200.0,17275.6,0,0,0
1420,2,1,1437.0,18104.2,1,7,81579917
901,2,1,5119.0,88820.4,5,6,17279625
1664,2,1,2988.0,75024.1,1,8,33257001
2005,2,1,1922.0,2092.6,5,7,92189216
2154,0,3,9354.0,58066.9,0,0,0
1604,2,1,8940.0,53351.1,5,11,67060506
1913,2,4,53300.0,105681.8,0,0,0
1079,2,4,14.6,58728.0,6,0,0
724,2,4,10500.0,32204.2,0,0,0
1425,2,4,2100.0,31969.9,0,0,0
1329,0,3,11268.0,30574.3,0,0,0
408,0,0,77.6,23742.5,7,0,0
1838,2,4,2400.0,21197.9,0,0,0
1841,0,0,100.1,25470.5,7,0,0
1256,2,4,4500.0,17207.4,0,0,0
1753,1,4,11895.0,2963.1,0,0,0
1876,0,2,3277.0,25572.5,0,1,17274576
935,0,3,17874.0,50934.2,0,0,0
1078,2,4,9300.0,63699.9,0,0,0
1841,0,0,172.3,40328.0,7,0,0
439,0,0,78.2,19483.4,7,0,0
2089,2,1,9846.0,27834.6,5,8,65154915
717,2,4,5400.0,39411.7,0,0,0
2083,2,4,14.6,49128.9,6,0,0
759,2,4,100.0,16157.5,0,0,0
1718,2,4,14.6,28988.6,6,0,0
1841,2,4,14.6,19957.7,6,0,0
1816,0,3,34566.0,63091.4,0,0,0
2022,2,4,14.6,33896.9,6,0,0
1448,2,4,1900.0,42487.4,0,0,0
773,0,0,117.7,30155.9,7,0,0
1991,0,0,164.4,40134.0,7,0,0
393,0,2,4636.0,18028.8,2,12,16116291
1770,2,4,9000.0,67329.8,0,0,0
673,2,4,6500.0,35122.9,0,0,0
1688,0,0,81.3,24392.9,7,0,0
1422,2,4,2400.0,17838.7,0,0,0
2088,0,2,22595.0,55402.2,0,1,41621381
1048,2,4,14.6,20961.7,6,0,0
1998,2,1,143.0,24085.6,1,4,80483859
2073,0,3,4200.0,29405.7,0,0,0
707,2,4,3400.0,28751.7,0,0,0
2022,2,4,30.0,38648.7,6,0,0
1991,0,0,101.3,22167.9,7,0,0
1841,0,0,233.1,44327.8,7,0,0
1500,0,3,1900.0,42034.7,0,0,0
1940,2,1,2884.0,19905.0,1,13,17459643
568,2,1,3204.0,22572.8,5,2,74252974
1790,0,3,15076.0,11888.3,0,0,0
1869,0,0,181.8,44345.3,7,0,0
294,2,1,16.0,27123.7,3,11,84126734
1423,2,1,900.0,72728.2,1,11,27539909
1231,2,4,14.6,18384.8,6,0,0
717,2,4,100.0,24815.5,0,0,0
1546,2,5,3000.0,39599.2,0,0,0
1900,2,4,14.6,40080.9,6,0,0
1472,1,4,17456.0,55782.9,0,0,0
528,2,4,13300.0,21444.8,0,0,0
1476,2,4,14.6,45143.7,6,0,0
177,2,1,1348.0,40901.6,5,12,66115546
695,0,3,32289.0,70922.9,0,0,0
1849,2,1,4737.0,16686.5,1,4,92438989
407,2,4,7100.0,32364.4,0,0,0
1754,2,1,4515.0,15904.3,1,8,30791741
1504,0,0,122.8,34210.0,7,0,0
1105,2,4,3000.0,21176.8,0,0,0
1749,2,4,14.6,71371.7,6,0,0
2004,0,2,3919.0,33440.7,0,12,36282843
1688,0,0,66.5,16188.5,7,0,0
1487,0,3,2100.0,28824.1,0,0,0
1414,0,0,416.7,62485.5,7,0,0
2022,0,0,80.2,19719.4,7,0,0
1178,0,3,19532.0,62989.0,0,0,0
479,2,1,295.0,14541.7,1,12,62635773
731,2,4,24100.0,49466.5,0,0,0
1632,2,1,2780.0,15832.0,5,10,95479797
2085,2,4,30300.0,49326.7,0,0,0
1018,0,0,137.6,30132.0,7,0,0
1385,0,3,26549.0,49288.1,0,0,0
1841,2,4,14.6,17677.4,6,0,0
773,2,4,14.6,37054.2,6,0,0
1940,0,3,24589.0,63196.1,0,0,0
1900,2,4,14.6,48753.7,6,0,0
2011,2,4,5100.0,85350.6,0,0,0
1821,2,4,15600.0,31719.8,0,0,0
1938,0,3,16623.0,75712.0,0,0,0
1991,2,4,14.6,13665.2,6,0,0
445,0,2,4356.0,32283.1,2,4,31564527
1670,2,1,3090.0,19194.4,5,9,44777083
2153,2,4,8400.0,50914.6,0,0,0
1841,2,4,14.6,38374.9,6,0,0
683,0,0,308.8,28472.9,7,0,0
511,2,1,4714.0,16735.7,1,3,30132371
1393,2,1,2953.0,60328.6,5,9,81520026
318,0,0,222.3,30168.7,7,0,0
1565,2,4,14.6,50359.5,6,0,0
1883,2,1,3115.0,9145.9,5,12,36951273
2105,2,4,11000.0,91977.6,0,0,0
1785,2,5,1400.0,49221.2,0,0,0
1504,0,0,153.5,38463.9,7,0,0
1961,2,4,14.6,20064.3,6,0,0
1612,2,4,4500.0,19415.1,0,0,0
1599,0,3,10500.0,50221.6,0,0,0
2122,2,1,545.0,13867.1,0,7,9709912
1671,0,2,20116.0,72264.5,0,1,58239436
1811,2,4,2040.0,19327.8,0,0,0
2051,2,4,1260.0,15609.6,0,0,0
380,2,4,14.6,25703.9,6,0,0
1869,0,0,97.4,20776.2,7,0,0
2072,2,4,1400.0,58363.4,0,0,0
1810,0,0,110.4,24747.8,7,0,0
1266,0,3,47673.0,104372.3,0,0,0
1550,2,4,17200.0,30694.9,0,0,0
1054,1,4,22310.0,30723.0,0,0,0
1835,2,4,4400.0,20581.1,0,0,0
151,0,3,8200.0,15351.0,0,0,0
1272,2,1,335.0,18307.6,3,5,3588748
515,2,4,1380.0,13663.4,0,0,0
2162,0,3,1000.0,90175.3,0,0,0
359,2,4,18000.0,47131.8,0,0,0
264,2,1,2144.0,18302.7,0,1,8294791
1682,2,4,640.0,23990.1,0,0,0
1414,2,4,14.6,39724.4,6,0,0
1657,2,4,14.6,25827.4,6,0,0
1440,2,4,2480.0,17696.5,0,0,0
1683,2,4,8600.0,25553.7,0,0,0
1419,1,4,3789.0,5472.2,0,0,0
628,0,2,17660.0,33821.6,0,4,49404096
1488,2,1,210.0,13301.0,1,5,4607093
1005,2,4,16600.0,35828.9,0,0,0
2158,0,2,2949.0,19979.9,0,4,94407939
2088,2,1,236.0,20722.6,0,5,87259512
1478,2,4,2880.0,28507.9,0,0,0
1838,0,3,3700.0,26378.2,0,0,0
1360,0,3,14642.0,50724.7,0,0,0
731,2,4,300.0,15977.7,0,0,0
1476,2,4,14.6,99012.9,6,0,0
2022,2,4,14.6,61531.1,6,0,0
1706,0,3,800.0,34396.0,0,0,0
1821,2,4,1920.0,16162.1,0,0,0
751,2,1,403.0,14696.1,5,6,71656483
1869,2,4,30.0,20321.1,6,0,0
1205,2,1,133.0,30192.0,1,3,54634529
1724,2,4,3700.0,23411.4,0,0,0
1854,2,1,6968.0,16639.3,5,1,77842962
1814,2,4,2280.0,24021.6,0,0,0
1504,0,0,57.0,14109.5,7,0,0
1139,0,3,2600.0,32439.4,0,0,0
1458,2,4,900.0,31113.9,0,0,0
2144,2,4,14.6,76779.4,6,0,0
1869,2,4,14.6,37441.1,6,0,0
408,2,4,14.6,14988.7,6,0,0
1728,2,4,11300.0,32737.0,0,0,0
1596,0,0,136.5,34008.0,7,0,0
293,2,4,50200.0,86236.6,0,0,0
1110,0,0,71.4,24319.6,7,0,0
1688,2,4,14.6,72098.3,6,0,0
1712,0,3,3400.0,43961.9,0,0,0
1193,2,4,14600.0,46525.3,0,0,0
1967,0,2,6632.0,24245.6,2,12,5632484
1846,2,1,297.0,18711.7,5,7,86616670
1814,2,4,420.0,20220.2,0,0,0
1697,1,4,18637.0,46023.0,0,0,0
1440,2,4,2000.0,62489.9,0,0,0
2003,2,1,4564.0,38920.6,5,1,55640232
1663,0,3,22755.0,68699.8,0,0,0
1852,0,2,6105.0,67610.2,2,12,71350979
2114,2,4,14.6,47132.2,6,0,0
1578,0,3,6924.0,39850.1,0,0,0
488,2,4,59800.0,41695.2,0,0,0
2164,2,4,540.0,16249.9,0,0,0
1311,0,3,10700.0,23580.9,0,0,0
751,2,1,7012.0,26962.1,5,4,4039895
1824,2,4,8200.0,30907.5,0,0,0
1610,2,5,600.0,46086.4,0,0,0
1412,2,4,3400.0,25323.5,0,0,0
2144,2,4,14.6,29696.3,6,0,0
1806,0,3,29099.0,109660.0,0,0,0
1079,0,0,174.0,35101.8,7,0,0
1781,0,3,15524.0,113081.8,0,0,0
834,2,4,14.6,38027.9,6,0,0
2053,0,0,94.3,13004.1,7,0,0
1435,0,3,6592.0,28979.6,0,0,0
1501,1,4,4926.0,52799.7,0,0,0
239,0,2,25609.0,43579.5,0,9,51120805
987,0,0,99.7,22931.5,7,0,0
1829,2,5,800.0,58948.1,0,0,0
2083,2,4,14.6,21931.2,6,0,0
1420,2,5,3700.0,46690.6,0,0,0
1452,0,2,39862.0,97233.1,0,11,68360191
1024,2,1,186.0,54238.3,5,2,73939931
1664,0,2,5678.0,24295.9,2,8,93250393
1766,0,3,22235.0,72194.0,0,0,0
1943,2,1,594.0,56149.7,1,11,59887331
361,2,1,2463.0,26673.6,5,5,35891682
1488,2,1,228.0,14388.7,1,2,60394644
543,2,1,1017.0,-4256.6,3,5,7772154
1337,2,1,3009.0,19195.5,5,3,94832020
683,0,0,114.1,27046.9,7,0,0
1394,1,4,19244.0,50246.1,0,0,0
1726,2,1,2266.0,27361.4,5,9,48036253
1815,2,1,4742.0,50517.6,3,6,1780486
1090,2,4,210.0,13988.9,0,0,0
1474,2,4,1320.0,35576.1,0,0,0
1810,2,4,14.6,22003.7,6,0,0
1457,2,1,4206.0,44972.7,1,1,22744047
1323,0,0,399.4,23304.4,7,0,0
2065,0,3,4606.0,63122.2,0,0,0
2114,2,4,14.6,27055.8,6,0,0
1603,2,1,2077.0,18057.5,5,6,67380297
1365,2,1,3004.5,23926.2,8,7,63972902
1603,2,4,5900.0,46570.5,0,0,0
1626,0,0,147.6,34200.8,7,0,0
1758,2,1,5183.0,56365.8,5,6,32246267
1657,2,4,14.6,48668.3,6,0,0
2066,2,1,4007.0,87725.2,1,5,6592476
1445,0,0,179.6,31792.7,7,0,0
1777,2,4,22400.0,24455.6,0,0,0
782,2,4,300.0,22949.1,0,0,0
1930,0,0,100.3,22277.9,7,0,0
1755,0,2,37358.0,84389.3,0,10,2198994
1779,2,4,14.6,37701.7,6,0,0
2169,2,5,2100.0,85842.3,0,0,0
1995,2,4,25100.0,43230.6,0,0,0
907,0,2,6029.0,31095.3,2,8,10931772
1457,2,1,8260.0,18189.1,8,8,6516325
1712,2,4,11600.0,53337.4,0,0,0
1079,0,0,240.9,89505.6,7,0,0
1980,1,4,3058.0,30735.9,0,0,0
2154,2,1,3261.0,10938.2,5,3,63280850
1806,2,5,2200.0,69938.0,0,0,0
1849,0,3,5755.0,46578.0,0,0,0
1384,2,4,100.0,27083.1,6,0,0
1577,2,1,129.0,48086.8,3,12,10508221
1900,2,4,14.6,27516.4,6,0,0
622,0,0,130.4,29992.0,7,0,0
877,2,1,3472.0,30091.9,5,10,55240148
2053,0,0,69.0,9909.8,7,0,0
1361,2,1,5120.0,29576.6,5,9,92529356
1640,2,1,5367.0,47576.6,5,9,86276912
1779,0,0,298.4,59907.2,7,0,0
714,2,4,14.6,48325.7,6,0,0
469,0,0,176.9,44454.8,7,0,0
1779,2,4,14.6,25197.2,6,0,0
2088,2,1,3203.0,14151.0,1,12,15063757
722,2,4,2880.0,31196.1,0,0,0
1585,0,3,4100.0,34115.9,0,0,0
257,0,0,73.0,16828.1,7,0,0
2126,2,1,3532.0,27940.7,8,6,97231417
1882,0,2,20548.0,36953.5,0,9,18991834
1535,2,4,14.6,20601.2,6,0,0
1841,2,4,14.6,11498.7,6,0,0
318,0,0,212.1,55099.5,7,0,0
1239,0,2,4220.0,23839.3,2,7,67308264
2083,2,4,14.6,16795.1,6,0,0
1471,2,4,750.0,18612.6,0,0,0
879,0,3,23688.0,52639.5,0,0,0
1182,2,1,434.0,17605.6,8,11,847703
957,0,0,69.9,17003.8,7,0,0
1941,0,3,11569.0,49842.5,0,0,0
1311,2,4,8600.0,40897.2,0,0,0
1719,0,3,10826.0,114018.1,0,0,0
745,2,4,100.0,23600.3,6,0,0
1575,0,3,11373.0,48746.2,0,0,0
1779,0,0,247.1,60278.8,7,0,0
1930,0,0,211.8,49729.6,7,0,0
1508,2,4,10100.0,21290.5,0,0,0
1028,2,1,4694.0,32126.2,1,11,1495051
1869,2,4,30.0,31374.6,6,0,0
1240,2,1,7598.0,31577.8,5,6,8791333
1668,2,1,4414.0,19906.3,5,8,23516989
1477,0,3,14144.0,97117.0,0,0,0
1367,2,1,2642.0,54613.3,5,3,71699601
2126,0,2,6341.0,66618.6,2,13,51111900
1369,0,3,18100.0,22692.8,0,0,0
1175,2,1,4339.0,21187.0,5,6,74345159
1323,2,4,14.6,14459.0,6,0,0
1900,2,4,14.6,33801.2,6,0,0
1110,2,4,14.6,34574.4,6,0,0
1149,2,1,1316.0,21887.3,1,13,50605297
2120,0,3,6000.0,38228.3,0,0,0
1271,2,1,280.0,56250.6,3,12,50320124
665,2,1,3317.0,48050.5,8,2,13973260
2020,2,4,10800.0,78208.0,0,0,0
475,2,1,7567.0,23930.4,1,5,49652427
1358,2,1,2470.0,24177.4,1,11,42364639
1824,2,4,4200.0,55828.3,0,0,0
745,0,0,58.5,18202.5,7,0,0
659,2,4,26100.0,51047.8,0,0,0
2175,0,0,109.0,21600.7,7,0,0
1749,0,0,211.9,50280.7,7,0,0
1323,0,0,180.3,46029.3,7,0,0
627,2,1,10134.0,36476.6,5,12,55833750
1905,2,4,3000.0,70235.6,0,0,0
1231,2,4,14.6,19251.9,6,0,0
1639,2,1,323.0,49670.1,5,4,38603085
1413,2,4,30100.0,58848.3,0,0,0
1779,0,0,151.2,33110.1,7,0,0
1837,2,4,1680.0,18786.0,0,0,0
1793,2,1,850.0,51286.9,5,5,88170289
653,2,4,14.6,20047.6,6,0,0
1035,2,4,7700.0,40834.8,0,0,0
2022,2,4,12200.0,42906.0,0,0,0
1596,2,4,14.6,28323.8,6,0,0
2095,2,4,41700.0,115009.6,0,0,0
1513,2,4,7900.0,48187.2,0,0,0
2152,2,4,27400.0,66701.8,0,0,0
1807,2,4,21900.0,55897.9,0,0,0
1853,2,4,30400.0,47860.4,0,0,0
1718,2,4,900.0,12453.6,0,0,0
462,2,4,23500.0,48330.5,0,0,0
1139,0,0,107.7,31295.2,7,0,0
1935,2,1,2447.0,13469.8,5,1,20515662
1336,0,2,6698.0,35437.4,2,13,76209622
1930,2,4,14.6,35419.5,6,0,0
1445,2,4,14.6,30802.1,6,0,0
1968,2,4,1040.0,18805.5,0,0,0
2022,2,4,30.0,37698.5,6,0,0
1729,0,2,12154.0,47362.7,0,9,19537103
1608,2,1,9268.0,28198.5,8,6,30865085
1908,2,1,2228.0,13076.8,0,13,88755988
2087,2,4,1500.0,39880.3,0,0,0
1785,2,4,4300.0,46486.2,0,0,0
1882,2,1,3027.0,47347.4,5,5,59559762
1298,2,4,3200.0,16772.8,0,0,0
1779,2,4,14.6,19106.2,6,0,0
653,0,0,138.9,32210.8,7,0,0
1269,2,1,13.0,24315.3,3,8,68989574
1810,0,0,107.0,39513.6,7,0,0
861,0,3,41757.0,69804.6,0,0,0
1604,0,2,62982.0,110114.2,0,4,94058370
2083,0,0,127.0,31851.2,7,0,0
1626,2,4,14.6,34238.5,6,0,0
2022,0,0,60.2,14790.1,7,0,0
1782,2,4,6300.0,36122.2,0,0,0
1095,2,4,960.0,35664.7,0,0,0
955,2,4,14200.0,33877.7,0,0,0
1576,2,1,915.0,19207.1,5,9,94945477
1292,2,4,14.6,28519.3,6,0,0
2065,0,3,24756.0,91586.6,0,0,0
1820,2,4,2700.0,58165.9,0,0,0
353,2,4,200.0,24765.1,0,0,0
1237,0,3,9738.0,34793.4,0,0,0
1211,0,2,5896.0,29870.3,2,11,71632808
1874,2,1,2040.0,17773.4,5,1,21871125
1668,2,1,263.0,43828.4,3,8,20428276
1838,2,4,1200.0,21851.5,0,0,0
1906,0,2,3492.0,22456.7,0,7,52195888
1975,0,2,6336.0,28422.4,2,1,4163349
1779,0,0,82.0,19805.7,7,0,0
2022,2,4,14.6,64094.8,6,0,0
1212,2,1,1652.0,18402.0,1,11,10629874
2096,2,4,11200.0,65211.7,0,0,0
1175,2,1,2509.0,20585.4,1,2,25392246
604,2,1,5496.0,45182.2,5,2,39447444
1916,2,4,10300.0,16675.4,0,0,0
1688,0,0,110.8,26571.2,7,0,0
1139,0,0,110.8,25229.4,7,0,0
2008,1,4,16591.0,32818.8,0,0,0
1581,2,4,32100.0,42689.3,0,0,0
2023,2,4,3300.0,30230.0,0,0,0
1016,2,4,2040.0,28298.1,0,0,0
1837,2,4,1900.0,20000.3,0,0,0
730,2,4,1280.0,26492.7,0,0,0
1353,2,4,14.6,35002.9,6,0,0
1875,2,1,6157.0,20503.6,5,6,62685650
1891,2,4,7400.0,45083.3,0,0,0
1323,2,4,14.6,37612.9,6,0,0
1565,2,4,14.6,20111.1,6,0,0
1665,2,1,49.0,36261.2,1,1,20771622
1200,2,4,14.6,45704.7,6,0,0
736,2,4,2600.0,64539.5,0,0,0
1768,2,4,1680.0,44621.4,0,0,0
1793,2,1,2403.0,65124.7,5,6,45403152
2114,2,4,1100.0,39718.0,0,0,0
966,0,2,16002.0,62392.9,0,9,6313664
1787,0,3,30950.0,79962.4,0,0,0
2022,2,4,14.6,54916.9,6,0,0
1377,1,4,22557.0,68117.0,0,0,0
1541,2,1,10387.0,10399.0,5,3,12891853
1565,0,0,309.0,85545.8,7,0,0
447,2,1,247.0,31308.3,3,12,78589880
626,0,3,2600.0,27139.0,0,0,0
2004,2,4,12700.0,11706.3,5,0,0
1798,2,4,15700.0,78510.0,0,0,0
865,0,0,174.2,39111.5,7,0,0
1455,0,3,18203.0,51215.2,0,0,0
1596,0,0,89.0,18520.5,7,0,0
1841,0,0,170.9,37891.3,7,0,0
1829,2,4,1300.0,21791.9,0,0,0
1571,2,1,3671.0,80905.7,3,13,99652116
2175,0,0,103.0,25127.7,7,0,0
1657,0,0,84.3,25179.3,7,0,0
1271,2,1,3007.0,22226.6,1,2,76031207
1807,2,4,630.0,22004.8,0,0,0
1764,0,3,500.0,47991.5,0,0,0
1267,2,1,1852.0,32640.5,1,5,61951309
1246,2,4,12000.0,41185.9,0,0,0
2004,0,3,15914.0,68211.4,0,0,0
1994,2,4,3500.0,43626.1,0,0,0
2155,0,3,13954.0,30546.2,0,0,0
2061,0,3,11438.0,55848.5,0,0,0
1883,2,1,37.0,76572.7,5,12,78467875
957,2,4,14.6,32682.5,6,0,0
1705,2,4,18000.0,57788.2,0,0,0
834,2,4,14.6,17100.2,6,0,0
1749,2,4,30.0,10460.4,6,0,0
2022,0,0,176.3,43504.6,7,0,0
1758,2,1,7062.0,38431.2,5,3,53012669
1905,0,2,5079.0,21174.1,2,11,87209295
1170,2,4,14.6,29280.0,6,0,0
2157,2,1,1536.0,16836.0,5,3,65556877
2128,2,1,299.0,18606.5,1,9,62296283
1543,0,3,6077.0,82555.6,0,0,0
1900,0,0,171.6,99779.6,7,0,0
1166,2,4,30700.0,53152.8,0,0,0
2027,0,3,26913.0,95110.1,0,0,0
1758,0,2,5012.0,28149.0,2,5,11814129
2053,2,4,30.0,19187.1,6,0,0
2034,2,1,2768.0,21157.8,5,11,80013709
683,2,4,30.0,31537.6,6,0,0
1788,2,1,132.0,68856.7,3,13,10269540
1637,2,1,8879.0,28495.6,5,13,39556306
2117,2,4,480.0,16647.4,0,0,0
1023,2,4,2300.0,24714.3,0,0,0
1178,2,4,10200.0,30032.2,0,0,0
2007,2,4,33600.0,42021.8,0,0,0
834,0,0,114.5,28909.8,7,0,0
1477,2,4,600.0,20634.7,0,0,0
967,0,2,38453.0,82480.8,0,10,71542995
1353,2,4,14.6,46160.2,6,0,0
2083,2,4,14.6,31254.1,6,0,0
1304,2,1,3448.0,36372.3,5,9,53213423
1909,2,1,5367.0,45732.1,1,1,81232100
1628,2,4,4800.0,21596.8,0,0,0
1468,2,4,1680.0,39555.1,0,0,0
1637,0,3,11906.0,61604.1,0,0,0
1678,2,4,5300.0,38411.1,0,0,0
556,2,4,9400.0,39981.6,0,0,0
1261,2,4,14.6,39166.4,6,0,0
1454,2,4,1000.0,52302.1,0,0,0
1110,2,4,14.6,39919.5,6,0,0
846,2,1,525.0,59777.8,1,3,63795244
1910,2,4,1300.0,14754.9,0,0,0
1607,2,1,138.0,37202.5,1,8,78649419
975,2,4,16300.0,45002.5,0,0,0
1853,2,1,1272.0,28313.8,8,7,49866914
1943,0,3,20612.0,41224.8,0,0,0
1883,2,1,4605.0,26479.3,5,4,53805935
1151,2,1,7384.0,35601.1,5,12,62923598
755,2,4,9900.0,57040.2,0,0,0
1426,2,1,667.0,14184.4,1,11,42386043
456,2,4,800.0,22449.9,0,0,0
1863,0,3,19820.0,88478.4,0,0,0
1335,2,4,4680.0,48691.5,0,0,0
843,2,1,3859.0,42439.9,1,9,69614529
1753,2,4,690.0,28799.6,0,0,0
993,2,1,2884.0,19327.2,5,9,47281336
2153,2,1,3240.0,33361.2,5,9,72621738
1779,2,4,14.6,62641.4,6,0,0
2001,0,3,9783.0,20113.2,0,0,0
904,2,4,17900.0,37569.9,0,0,0
1841,0,0,111.1,22716.1,7,0,0
1048,0,0,201.7,42115.5,7,0,0
1445,2,4,14.6,13588.1,6,0,0
1516,2,1,1624.0,3444.3,1,4,27650201
2022,2,4,14.6,28560.5,6,0,0
1660,2,4,3000.0,22040.6,0,0,0
1416,2,4,4000.0,37594.4,0,0,0
1323,0,0,54.6,16973.6,7,0,0
1486,0,3,13400.0,36242.8,0,0,0
1394,2,1,1608.0,46941.9,1,4,24337905
1476,0,0,165.9,52814.7,7,0,0
354,0,3,4500.0,19400.0,0,0,0
1718,0,0,121.3,32766.1,7,0,0
1384,2,4,14.6,23743.5,6,0,0
1914,0,3,8530.0,16441.8,0,0,0
2098,2,4,1920.0,65993.7,0,0,0
2092,2,1,3056.0,16374.9,5,13,33446622
811,0,3,17069.0,60334.7,0,0,0
734,2,4,900.0,28615.4,0,0,0
1541,0,3,900.0,18800.0,0,0,0
2114,0,0,107.9,25750.8,7,0,0
1214,2,1,2033.0,27855.3,5,4,6762600
1602,2,4,22400.0,22001.2,0,0,0
1961,0,0,319.8,79168.7,7,0,0
878,2,4,25200.0,57447.7,0,0,0
1869,2,4,14.6,34736.6,6,0,0
2028,2,4,7300.0,20464.7,0,0,0
1664,2,1,2691.0,25432.1,5,3,82371133
2022,2,4,14.6,53796.4,6,0,0
778,0,3,25860.0,83001.2,0,0,0
1088,2,1,6946.0,54100.4,5,9,71955466
1332,0,3,3900.0,18847.5,0,0,0
1235,2,4,2900.0,28609.9,0,0,0
1991,0,0,118.4,28800.0,7,0,0
2083,2,4,14.6,56986.1,6,0,0
1084,2,1,1350.0,29309.4,1,13,45163714
1110,2,4,100.0,2040.7,6,0,0
1476,0,0,214.2,50478.0,7,0,0
1384,2,4,14.6,50504.4,6,0,0
1657,2,4,14.6,22782.6,6,0,0
992,0,2,5029.0,24862.8,2,11,39912659
1170,0,0,205.3,38362.8,7,0,0
1779,2,4,14.6,14791.9,6,0,0
1836,2,4,25800.0,32795.9,0,0,0
1993,0,3,10108.0,108917.8,0,0,0
357,2,1,5268.0,58960.5,5,12,249654
1391,0,3,22224.0,23224.0,0,0,0
1341,2,4,640.0,42167.9,0,0,0
1358,2,1,3641.0,33353.8,5,3,58687466
1900,0,0,170.9,42027.5,7,0,0
1474,2,4,1350.0,45139.6,0,0,0
2066,2,1,2128.0,84381.4,5,4,7829064
1146,2,1,2264.0,28174.1,1,9,32205635
2097,2,1,1208.0,64803.5,1,10,80628025
1626,0,0,242.6,54551.5,7,0,0
757,2,4,2800.0,44588.2,0,0,0
265,0,3,4619.0,20955.9,0,0,0
1991,2,4,14.6,16868.2,6,0,0
1749,2,4,14.6,49076.0,6,0,0
1547,2,1,1394.0,71637.3,5,1,52683812
1427,2,1,1326.0,37615.5,1,7,25704860
1543,2,1,4689.0,17769.9,5,9,43392902
2121,0,3,4744.0,23354.9,0,0,0
1424,0,3,14002.5,40704.2,0,0,0
1261,0,0,268.6,55091.6,7,0,0
2088,0,2,11213.0,36418.0,0,2,97748749
1110,0,0,110.2,20958.5,7,0,0
2083,0,0,262.4,66605.5,7,0,0
1913,0,3,20806.0,86295.8,0,0,0
628,2,1,1321.0,25663.4,1,3,96697401
1058,0,3,21348.0,105183.1,0,0,0
2166,2,4,13100.0,72039.3,0,0,0
1812,2,4,7100.0,46963.6,0,0,0
439,0,0,248.9,59739.3,7,0,0
380,0,0,306.7,75057.9,7,0,0
1062,2,4,16200.0,51218.9,0,0,0
782,2,1,4292.0,21328.5,5,6,70831024
1686,2,4,8100.0,24609.2,0,0,0
728,0,3,400.0,20800.0,0,0,0
1944,0,3,12834.0,20391.3,0,0,0
706,0,3,1000.0,1000.0,0,0,0
1384,0,0,66.9,13198.3,7,0,0
1548,2,1,5915.0,71570.5,1,3,18397510
1841,2,4,14.6,14613.2,6,0,0
1504,2,4,14.6,44649.8,6,0,0
179,0,2,6336.0,7436.0,2,1,4163349
653,2,4,14.6,17565.5,6,0,0
1250,2,4,2220.0,16564.2,0,0,0
1706,0,3,1200.0,30768.7,0,0,0
1535,2,4,14.6,40467.0,6,0,0
1029,2,1,254.0,24680.0,1,1,90330576
1876,0,3,20074.0,67256.8,0,0,0
1426,0,3,16692.0,46581.9,0,0,0
2000,2,1,7082.0,49693.2,3,3,80783962
1730,2,1,316.0,44266.1,1,5,98776262
1810,2,4,14.6,47545.1,6,0,0
1900,2,4,14.6,41306.2,6,0,0
1869,0,0,148.4,46519.2,7,0,0
1238,0,3,36637.5,77863.2,0,0,0
1328,2,1,1748.0,42095.2,1,10,12887466
1912,2,1,1534.0,20326.7,1,7,44051182
1056,2,4,14000.0,32820.0,0,0,0
1969,2,1,2554.0,25179.5,5,4,70597290
1535,2,4,14.6,54713.7,6,0,0
1588,2,4,29000.0,60143.8,0,0,0
1426,2,1,3016.7,11106.0,8,8,68610131
1638,0,3,12245.0,34529.6,0,0,0
1445,0,0,289.6,58423.1,7,0,0
970,0,2,2924.0,17862.6,0,4,92152994
1414,2,4,14.6,32701.3,6,0,0
815,0,3,8608.0,37873.9,0,0,0
1725,0,3,18057.0,45695.3,0,0,0
1967,2,1,4372.0,22308.5,3,7,89044069
1837,2,5,3600.0,37313.6,0,0,0
527,2,4,2700.0,18392.0,0,0,0
1219,2,4,9900.0,46569.5,0,0,0
895,0,0,61.5,21670.5,7,0,0
1676,2,4,8500.0,22605.4,0,0,0
1988,0,3,26262.0,85523.3,0,0,0
2121,0,2,10266.0,26648.8,0,7,49335420
1657,0,0,185.9,53277.8,7,0,0
349,0,0,347.5,95307.4,7,0,0
1749,0,0,109.8,25176.9,7,0,0
1900,0,0,193.6,46937.0,7,0,0
2094,0,3,24608.0,67593.6,0,0,0
1732,2,1,866.0,20299.7,1,13,5275464
1837,2,5,3200.0,41303.5,0,0,0
1085,2,4,1000.0,20557.2,0,0,0
2001,0,2,2962.0,18843.3,0,6,6256688
1588,2,4,2600.0,83426.6,0,0,0
745,0,0,111.1,18880.0,7,0,0
1175,1,4,7197.0,41337.7,0,0,0
653,2,4,14.6,24055.0,6,0,0
962,0,3,9729.0,29711.3,0,0,0
1572,2,4,900.0,23969.4,0,0,0
1060,2,1,1040.0,39355.3,3,5,83130889
1247,2,4,4560.0,39070.7,0,0,0
1088,2,4,4950.0,23338.4,0,0,0
1139,0,0,110.7,28467.8,7,0,0
2036,0,2,3113.0,20545.2,0,12,89569824
1119,0,3,21993.0,43626.3,0,0,0
1633,2,1,34.0,62693.9,1,9,69750815
1420,2,1,1690.0,22655.2,5,10,56866002
960,2,4,2500.0,28500.6,0,0,0
1657,2,4,14.6,37500.6,6,0,0
1961,0,0,129.6,31232.4,7,0,0
1878,2,4,26700.0,36518.6,0,0,0
605,0,3,200.0,22225.5,0,0,0
1852,0,2,2910.0,14689.3,0,4,40256655
1841,2,4,14.6,19905.8,6,0,0
1175,0,3,9924.0,26988.5,0,0,0
1991,0,0,242.4,64431.8,7,0,0
1445,0,0,349.8,68545.7,7,0,0
1817,2,1,4187.0,36282.7,5,2,79496711
1425,2,1,9698.0,11728.5,5,3,48173946
1791,2,1,2253.0,31933.9,5,3,82259255
957,2,4,14.6,24191.1,6,0,0
981,2,4,1600.0,41378.7,0,0,0
1485,2,1,4503.0,52901.8,5,2,38411343
2050,2,4,2700.0,21096.3,0,0,0
1579,2,1,17.0,53761.9,1,5,4935080
968,2,1,1950.0,25816.7,1,5,96339386
1794,2,4,10800.0,18039.7,0,0,0
1657,2,4,14.6,31340.6,6,0,0
474,0,3,22360.0,61531.3,0,0,0
1032,2,1,2875.0,27431.8,1,8,92192554
773,2,4,14.6,53173.8,6,0,0
1535,2,4,14.6,30126.8,6,0,0
1830,2,4,2800.0,32219.9,0,0,0
356,0,2,14097.0,16091.4,0,8,66315013
1191,2,4,26400.0,39697.7,0,0,0
1328,2,1,8319.0,23899.3,5,7,51145178
1791,2,1,3205.0,24572.0,5,8,30212110
785,1,4,22741.0,51835.7,0,0,0
1027,2,4,1100.0,29615.8,0,0,0
1231,2,4,14.6,31663.5,6,0,0
1365,2,1,528.0,29830.0,1,1,56284767
1912,0,3,12740.0,45509.4,0,0,0
288,0,0,128.9,31195.7,7,0,0
745,2,4,30.0,40086.0,6,0,0
714,2,4,14.6,59435.5,6,0,0
1596,2,4,14.6,52167.7,6,0,0
1646,2,4,5300.0,15624.6,0,0,0
1200,2,4,30.0,26660.0,6,0,0
1677,2,4,6700.0,39207.0,0,0,0
1026,2,1,2817.0,16093.1,5,12,70212787
1841,2,4,14.6,71610.0,6,0,0
1517,2,1,3365.0,19171.2,5,12,86708855
2053,0,0,229.2,60414.4,7,0,0
2143,0,3,4200.0,47031.5,0,0,0
1579,2,1,272.0,16733.4,1,6,32849800
1596,2,4,14.6,46305.9,6,0,0
822,2,4,1500.0,35531.6,0,0,0
1426,2,1,525.0,66003.9,1,3,63795244
773,0,0,108.3,25149.8,7,0,0
1332,2,1,2057.0,14751.8,5,12,63851803
1869,0,0,247.9,52778.9,7,0,0
1637,2,4,1400.0,40543.2,0,0,0
1869,2,4,800.0,45455.4,0,0,0
1079,2,4,14.6,34136.8,6,0,0
1447,0,3,3100.0,46979.2,0,0,0
1818,2,4,9700.0,33783.5,0,0,0
2053,0,0,69.0,9572.8,7,0,0
1565,0,0,281.0,61269.3,7,0,0
1596,0,0,246.3,56953.8,7,0,0
2073,0,3,41435.0,74685.7,0,0,0
1821,2,4,7200.0,42560.4,0,0,0
1543,0,2,20328.0,48563.9,0,8,19404459
1969,2,1,5828.0,8486.1,1,12,72857814
1944,2,4,1500.0,31329.5,0,0,0
1144,0,2,4660.0,18514.8,2,6,65423965
1930,2,4,14.6,64970.8,6,0,0
1961,2,4,14.6,30027.5,6,0,0
1869,2,4,14.6,22825.3,6,0,0
820,2,4,17900.0,-9968.5,5,0,0
1361,2,1,994.0,12165.0,5,8,90582960
813,2,4,13400.0,38284.5,0,0,0
1596,2,4,14.6,24555.0,6,0,0
378,2,4,690.0,16664.4,0,0,0
1366,0,2,2956.0,23916.0,0,3,46188896
1816,2,5,2400.0,73530.3,0,0,0
1664,0,3,6104.0,49339.0,0,0,0
1973,2,1,10202.0,29684.7,5,10,42430687
2022,0,0,179.4,42826.6,7,0,0
2114,0,0,117.5,28804.6,7,0,0
1529,2,4,3920.0,15792.8,0,0,0
2148,2,4,3040.0,28176.7,0,0,0
1080,2,4,9600.0,30243.1,0,0,0
1323,2,4,14.6,13006.7,6,0,0
1724,0,2,6923.0,23651.5,2,7,7631910
1931,2,4,2960.0,17285.9,0,0,0
1245,2,4,12600.0,21421.7,0,0,0
1930,0,0,242.5,59018.9,7,0,0
1878,1,4,14211.0,78454.8,0,0,0
1657,0,0,129.8,31486.8,7,0,0
1900,2,4,30.0,18278.1,6,0,0
1353,0,0,102.6,23060.6,7,0,0
1404,2,4,1260.0,19504.4,0,0,0
1562,0,3,46774.0,66449.9,0,0,0
745,2,4,30.0,46299.8,6,0,0
1832,2,4,7500.0,34864.1,0,0,0
1657,2,4,14.6,28602.1,6,0,0
2155,0,2,6457.0,21140.7,2,13,86485772
1730,2,4,30000.0,68374.3,0,0,0
1979,2,4,4680.0,28978.4,0,0,0
2083,2,4,100.0,91712.6,6,0,0
1990,2,4,4200.0,40872.3,0,0,0
2061,0,2,36517.0,64904.9,0,13,57903301
394,2,1,489.0,21864.2,5,7,46385306
1051,2,4,3300.0,40203.5,0,0,0
773,0,0,86.5,21941.0,7,0,0
1688,2,4,14.6,27447.7,6,0,0
1718,0,0,70.7,16679.3,7,0,0
1455,2,1,2113.0,34027.6,5,13,80860942
1048,2,4,14.6,53720.8,6,0,0
1504,2,4,14.6,20637.1,6,0,0
1139,2,4,14.6,10184.9,6,0,0
592,2,4,14.6,41452.9,6,0,0
257,2,4,5600.0,26662.8,0,0,0
1657,2,4,14.6,23496.6,6,0,0
1963,2,4,2500.0,31203.0,0,0,0
738,2,4,240.0,18642.6,0,0,0
940,0,2,3063.0,17781.1,0,9,40405446
1938,2,1,408.0,39921.1,1,12,54740381
1850,2,5,1200.0,58219.5,0,0,0
1517,0,2,6318.0,33138.5,2,5,35888862
810,0,2,5692.0,26690.0,2,4,51558619
1876,2,4,100.0,13261.0,0,0,0
1779,0,0,137.5,33442.8,7,0,0
844,2,1,8127.0,40132.9,5,12,75165712
1836,2,4,960.0,22898.4,0,0,0
1048,0,3,100.0,20618.9,0,0,0
1062,0,3,500.0,39769.7,0,0,0
592,0,0,114.9,28896.9,7,0,0
1565,2,4,14.6,26337.3,6,0,0
1682,2,4,1680.0,20579.7,0,0,0
605,2,1,3095.0,24125.9,5,9,26923066
1911,0,3,8608.0,15401.4,0,0,0
878,2,1,269.0,18824.9,3,11,35746020
2126,0,2,6454.0,21462.5,2,13,55372971
561,0,0,113.4,27958.4,7,0,0
732,2,4,880.0,13614.2,0,0,0
1851,0,2,28329.0,42861.5,0,7,15725326
2140,2,4,10500.0,57631.4,0,0,0
2053,0,0,194.0,37408.8,7,0,0
987,2,4,14.6,32551.8,6,0,0
1841,2,4,14.6,34705.2,6,0,0
1420,2,1,936.0,23319.3,5,8,20603227
1000,0,3,1000.0,31908.5,0,0,0
2169,1,4,5149.0,50076.6,0,0,0
1846,2,1,185.0,43142.6,1,11,66745954
1760,2,1,6814.0,47653.8,5,2,78418945
1565,2,4,3840.0,23545.9,0,0,0
1218,2,4,6600.0,31607.9,0,0,0
365,2,4,2600.0,23919.6,0,0,0
1108,2,4,2040.0,35971.1,0,0,0
1231,0,0,373.1,97873.5,7,0,0
1739,2,4,5000.0,41657.3,0,0,0
1243,2,1,6450.2,63456.9,8,13,13822353
957,2,4,14.6,25490.4,6,0,0
523,2,4,11100.0,35045.1,0,0,0
1490,0,3,6583.0,22778.5,0,0,0
1426,1,4,9573.0,30920.5,0,0,0
1620,2,4,23800.0,38903.4,0,0,0
1445,2,4,14.6,49944.2,6,0,0
1818,2,1,7300.0,31954.2,5,7,41153532
1688,2,4,14.6,21360.9,6,0,0
1729,2,1,4254.0,64011.3,5,4,73115485
2076,0,3,49615.0,131444.3,0,0,0
1736,0,3,1200.0,13290.7,0,0,0
1335,2,1,2554.0,29475.4,5,7,92487829
2066,2,1,1809.0,40901.3,5,11,5695713
1536,0,3,1200.0,31538.9,0,0,0
734,2,4,8300.0,20956.9,0,0,0
1323,2,4,700.0,25021.7,0,0,0
2083,2,4,14.6,19673.0,6,0,0
1787,2,4,1600.0,15544.3,0,0,0
1639,0,3,37503.0,74411.4,0,0,0
1414,2,4,14.6,31249.3,6,0,0
1869,2,4,14.6,40734.7,6,0,0
1984,2,4,49200.0,25754.4,0,0,0
1535,2,4,14.6,17717.4,6,0,0
1991,2,4,1840.0,23076.4,0,0,0
1744,2,4,14700.0,41632.5,0,0,0
2121,0,2,5641.0,25976.6,2,2,10410821
1034,2,4,1500.0,40310.1,0,0,0
2029,2,4,6500.0,60862.0,0,0,0
1261,2,4,14.6,17128.1,6,0,0
1414,2,4,14.6,37613.4,6,0,0
408,2,4,14.6,48799.1,6,0,0
1102,2,4,4800.0,24147.6,0,0,0
1900,0,0,86.6,19901.3,7,0,0
2022,2,4,100.0,83591.9,6,0,0
1168,2,4,2600.0,17628.5,0,0,0
2053,2,4,14.6,30973.6,6,0,0
1273,2,1,68.0,27833.2,3,3,62852764
1197,2,4,2000.0,30820.6,0,0,0
1476,2,4,14.6,23867.3,6,0,0
1837,2,4,2400.0,31321.7,0,0,0
1718,2,4,14.6,53423.1,6,0,0
1657,0,0,61.2,22917.8,7,0,0
727,2,4,810.0,20971.7,0,0,0
2083,2,4,14.6,24282.5,6,0,0
1961,0,0,229.5,55434.5,7,0,0
1565,2,4,14.6,62621.3,6,0,0
1476,2,4,14.6,27804.4,6,0,0
2161,2,4,6000.0,16276.2,0,0,0
1941,2,1,5938.0,77651.2,5,4,45864230
1909,0,2,3225.0,16886.2,0,13,99605637
1760,2,1,1463.0,17652.3,1,13,86592346
1853,0,2,5476.0,17250.2,2,13,76315682
2151,0,3,34147.5,71278.2,0,0,0
1914,2,1,1133.0,17418.3,1,3,95304095
2063,2,1,1268.0,57850.6,1,7,55095195
1565,0,0,206.7,50835.2,7,0,0
1517,2,1,6676.0,21723.3,1,1,1613778
737,2,4,4200.0,28051.0,0,0,0
443,0,3,2300.0,27100.6,0,0,0
696,2,4,15400.0,26385.0,5,0,0
1741,2,4,15600.0,80693.2,0,0,0
1939,0,3,19375.0,30179.2,0,0,0
1565,0,0,72.1,18765.8,7,0,0
722,2,4,4100.0,24065.1,0,0,0
622,0,0,77.5,19022.2,7,0,0
2122,2,1,1148.0,20102.5,5,12,11703169
2083,0,0,70.6,17667.7,7,0,0
1900,0,0,104.0,22762.1,7,0,0
262,0,2,5123.0,31351.9,2,13,62457513
1612,2,4,4200.0,87149.3,0,0,0
1879,2,1,2993.0,19275.8,1,8,16610890
294,2,4,11400.0,36657.0,0,0,0
1917,0,3,15692.0,56890.7,0,0,0
1504,2,4,14.6,18734.9,6,0,0
1930,0,0,122.1,32503.4,7,0,0
1749,2,4,14.6,28736.0,6,0,0
629,2,1,2306.0,18058.1,5,9,96140414
1472,2,4,3000.0,27148.9,0,0,0
973,2,4,12100.0,34433.3,0,0,0
1139,0,0,164.1,49631.6,7,0,0
745,2,4,14.6,46071.1,6,0,0
57,0,3,20567.0,42081.9,0,0,0
1793,2,1,2245.0,95048.5,1,4,42563897
2114,2,4,14.6,86785.0,6,0,0
561,2,4,14.6,24168.9,6,0,0
1657,0,0,76.0,14001.6,7,0,0
1128,0,3,1800.0,40991.2,0,0,0
2096,0,2,4604.0,80155.3,2,2,64907359
1001,2,4,1800.0,30105.2,0,0,0
1939,2,1,59.0,32402.4,1,3,82538950
1791,2,1,1160.0,26994.8,0,7,48764252
2075,0,3,20206.0,83385.7,0,0,0
2174,2,4,8700.0,7877.7,0,0,0
938,2,1,1322.0,17615.7,8,4,90159475
452,2,4,22200.0,50983.9,0,0,0
1455,2,4,1760.0,13438.9,0,0,0
1571,2,1,731.0,20466.9,3,5,73238503
1841,0,0,70.5,15931.7,7,0,0
2067,0,3,20577.0,75030.8,0,0,0
1974,0,2,5239.0,21000.4,2,4,26591027
1817,2,4,880.0,13998.3,0,0,0
2029,2,1,5428.0,52425.1,1,4,6110102
1476,2,4,14.6,18471.8,6,0,0
1565,2,4,14.6,47795.1,6,0,0
1270,2,1,192.0,26854.3,1,8,19998705
1572,0,2,5163.0,26818.3,2,6,47449284
1243,2,4,1600.0,14360.4,0,0,0
592,2,4,14.6,36076.8,6,0,0
1579,2,1,4351.0,36439.5,3,13,70442372
1452,2,1,4187.0,31751.6,5,2,79496711
1426,2,4,13000.0,35534.1,0,0,0
2092,2,1,726.0,77352.5,5,6,22049463
829,2,4,1000.0,15482.4,0,0,0
1665,2,1,10.0,15055.9,3,11,24497020
1445,2,4,14.6,44890.2,6,0,0
1306,0,3,39590.0,131822.2,0,0,0
2144,0,0,328.9,98631.9,7,0,0
1997,0,2,6918.0,25740.8,2,5,66863059
408,0,0,102.5,25334.5,7,0,0
1018,2,4,14.6,25944.3,6,0,0
1626,0,0,192.1,40271.1,7,0,0
1749,2,4,14.6,19749.2,6,0,0
2024,2,4,20900.0,91760.2,0,0,0
622,0,0,121.9,26762.3,7,0,0
813,2,4,7900.0,51922.7,0,0,0
1570,0,3,22991.0,39116.3,0,0,0
345,2,4,12500.0,37571.1,0,0,0
2083,2,4,14.6,92913.1,6,0,0
561,2,4,14.6,41224.4,6,0,0
1596,0,0,328.5,80907.2,7,0,0
1810,0,0,236.4,62130.4,7,0,0
733,2,4,2040.0,27502.9,0,0,0
1079,0,0,140.9,30408.8,7,0,0
1335,2,1,34.0,59372.9,1,4,79024326
1151,2,1,218.0,28329.9,3,12,79532688
1671,2,4,60500.0,81530.5,0,0,0
1702,0,3,37307.0,61700.1,0,0,0
2101,1,4,5268.0,35241.6,0,0,0
928,2,4,8700.0,48401.9,0,0,0
667,0,2,4930.0,31812.6,2,4,37056750
1535,0,0,270.5,59194.6,7,0,0
1170,0,0,70.4,15897.9,7,0,0
1729,2,1,123.0,97492.4,1,2,76187407
1292,0,0,352.5,91455.8,7,0,0
1200,0,0,135.5,32273.5,7,0,0
2064,2,1,3482.0,27489.5,5,9,75203019
2063,0,3,20264.0,53378.6,0,0,0
1420,2,4,3100.0,23472.9,0,0,0
1662,0,3,22991.0,36279.8,0,0,0
599,2,4,22900.0,46546.4,0,0,0
1841,0,0,292.1,58874.0,7,0,0
1967,2,1,1862.0,37191.6,1,7,15075981
642,2,4,3900.0,28617.3,0,0,0
740,2,4,7800.0,48029.9,0,0,0
1688,2,4,14.6,33756.3,6,0,0
1614,0,3,6454.0,71981.9,0,0,0
1535,0,0,161.9,38388.5,7,0,0
1799,2,4,11600.0,47806.8,0,0,0
196,2,4,14.6,15466.7,6,0,0
1090,2,4,720.0,19931.4,0,0,0
1092,0,2,5036.0,10786.6,2,5,23016327
1270,0,3,8753.0,28020.4,0,0,0
1727,2,4,3500.0,24467.2,0,0,0
1713,2,4,39200.0,61836.6,0,0,0
934,2,1,2430.0,46940.9,5,8,15451962
2022,0,0,142.0,34699.2,7,0,0
453,2,4,1280.0,15724.1,0,0,0
2022,2,4,14.6,19629.6,6,0,0
1549,2,4,600.0,29889.9,0,0,0
1258,2,4,4900.0,12348.5,0,0,0
1297,0,2,41038.0,90946.6,0,1,41058838
1139,2,4,14.6,13795.8,6,0,0
2063,2,1,6185.0,71972.8,5,5,20581275
834,2,4,14.6,25296.5,6,0,0
726,2,1,4358.0,27585.1,8,5,17114121
1079,0,0,144.4,36817.0,7,0,0
530,2,4,14.6,43343.3,6,0,0
1754,2,1,8157.0,31287.9,5,3,68440097
1071,2,4,9900.0,40532.0,0,0,0
2035,2,1,2212.0,40004.5,5,7,51401966
2083,2,4,14.6,37940.2,6,0,0
1492,2,4,3040.0,14179.6,0,0,0
1207,2,1,2256.0,22733.4,5,5,28000951
1414,2,4,30.0,46540.8,6,0,0
1231,2,4,14.6,15927.4,6,0,0
1863,2,4,1200.0,16486.4,0,0,0
1073,2,4,800.0,31972.4,0,0,0
2114,2,4,14.6,26000.6,6,0,0
1353,2,4,14.6,22205.6,6,0,0
815,0,3,24863.0,56773.6,0,0,0
1449,2,4,5400.0,52940.4,0,0,0
1425,2,4,2700.0,35883.9,0,0,0
1769,2,4,46100.0,68728.8,0,0,0
1880,2,1,8339.0,19846.9,5,10,60398054
784,0,2,3374.0,21432.4,0,6,48985826
1930,2,4,14.6,45770.2,6,0,0
2022,0,0,228.2,46554.7,7,0,0
2124,2,1,95.0,45326.8,1,12,88884788
1061,2,1,240.0,17864.9,1,13,72860312
560,2,4,9400.0,42178.1,0,0,0
1090,2,4,25500.0,51569.6,0,0,0
1272,2,1,5821.0,28325.7,1,13,18643141
960,2,4,19400.0,51824.7,0,0,0
1121,2,1,335.0,37048.0,3,5,3588748
1090,0,3,17467.0,64289.2,0,0,0
2053,2,4,14.6,64642.1,6,0,0
2022,2,4,14.6,19936.8,6,0,0
1051,2,4,7400.0,31561.3,0,0,0
1079,0,0,312.2,76589.3,7,0,0
1565,0,0,151.7,37688.8,7,0,0
1323,0,0,165.5,42023.2,7,0,0
819,2,4,8800.0,27478.0,0,0,0
871,2,1,5812.0,33163.2,5,2,50854969
469,2,4,14.6,43496.9,6,0,0
2175,0,0,91.6,21196.4,7,0,0
1545,2,1,1730.0,17408.9,5,4,61220621
970,2,4,800.0,23011.1,0,0,0
288,0,0,65.4,16190.3,7,0,0
1948,0,3,1000.0,59445.5,0,0,0
1810,0,0,164.7,32589.7,7,0,0
1975,2,1,2745.0,45383.0,5,8,98407303
1305,2,1,762.0,45602.9,3,12,51038181
1504,0,0,277.1,42374.7,7,0,0
2094,0,3,20740.0,84614.9,0,0,0
1017,2,4,6700.0,46684.1,0,0,0
1048,2,4,14.6,33360.1,6,0,0
2083,2,4,14.6,27155.7,6,0,0
1414,2,4,14.6,26408.1,6,0,0
1037,2,4,200.0,21739.9,0,0,0
569,2,1,2430.0,45858.6,5,8,15451962
2119,2,5,1500.0,35631.4,0,0,0
1944,0,3,23064.0,46353.5,0,0,0
1087,2,4,9500.0,59059.7,0,0,0
1106,2,4,2640.0,17272.6,0,0,0
843,2,1,1.0,25481.2,3,11,48775595
1869,2,4,14.6,29680.8,6,0,0
540,0,2,5424.0,17410.6,2,9,93262522
1048,0,0,163.1,32986.9,7,0,0
1447,2,4,210.0,16604.5,0,0,0
1535,2,4,14.6,57803.4,6,0,0
1700,2,1,836.0,62328.3,3,9,29283583
1294,2,4,600.0,25414.8,0,0,0
1667,2,1,2858.0,17023.9,5,8,14357602
1124,2,1,7538.0,56126.4,5,13,56577050
1869,2,4,14.6,27027.7,6,0,0
1292,0,0,213.4,51720.9,7,0,0
670,2,4,3360.0,36231.3,0,0,0
987,2,4,14.6,37813.7,6,0,0
1601,2,1,2705.0,10213.7,5,10,30807364
349,2,4,14.6,38712.3,6,0,0
1878,0,2,15214.0,28253.4,0,3,60677164
1820,2,1,1917.0,22356.9,5,2,24857425
1055,2,1,4015.0,81191.7,1,9,21013897
2095,2,1,9910.0,84285.3,8,5,13666057
318,0,0,141.9,39636.6,7,0,0
1269,2,1,4325.0,43878.0,5,7,91104155
1565,0,0,78.9,19963.0,7,0,0
2127,2,1,6583.0,25364.9,5,2,41765970
633,2,1,3170.0,21019.0,5,9,24686056
719,2,4,1500.0,43178.8,0,0,0
567,2,1,2190.0,19237.9,5,11,32186746
1936,2,1,1906.0,32745.0,3,8,8703875
1718,0,0,129.6,32395.1,7,0,0
667,0,3,4337.0,27545.5,0,0,0
2022,0,0,145.3,44211.7,7,0,0
616,2,4,15400.0,41053.3,0,0,0
1394,2,1,2210.0,20218.0,0,4,22294932
477,2,1,2165.0,23621.5,5,2,51830822
1911,2,1,3850.0,54879.9,5,7,78194093
1240,2,1,2264.0,66303.3,1,1,4327679
1157,1,4,4390.0,1484.9,0,0,0
22,0,3,5080.0,5280.0,0,0,0
1749,2,4,14.6,21891.7,6,0,0
2053,0,0,67.5,15559.5,7,0,0
773,2,4,14.6,23201.1,6,0,0
1968,2,1,2054.0,15754.4,0,8,22078037
1626,0,0,32.6,7153.4,7,0,0
1930,2,4,100.0,12920.0,6,0,0
1048,0,0,316.1,77054.6,7,0,0
719,2,4,2240.0,14789.0,0,0,0
871,2,1,1876.0,17828.9,5,11,44067668
2114,2,4,14.6,59308.2,6,0,0
569,2,4,200.0,27637.0,0,0,0
1459,2,4,2080.0,18533.4,0,0,0
1152,2,1,733.0,57542.3,1,2,75502043
2114,2,4,14.6,16864.6,6,0,0
987,0,0,81.3,18205.2,7,0,0
1730,0,3,24662.0,67412.9,0,0,0
926,0,0,120.2,26396.3,7,0,0
1139,2,4,14.6,15429.1,6,0,0
1279,0,3,10222.0,122394.8,0,0,0
1059,0,3,35496.0,74841.2,0,0,0
898,0,3,6200.0,22465.9,0,0,0
1227,2,4,59400.0,64213.5,0,0,0
1941,0,3,20252.0,71049.9,0,0,0
987,2,4,3600.0,34740.2,0,0,0
1798,2,4,1500.0,58212.2,0,0,0
1011,2,4,400.0,19458.5,0,0,0
1702,2,4,13400.0,32599.5,0,0,0
1116,0,3,8531.0,25819.0,0,0,0
1657,0,0,101.1,20844.4,7,0,0
1913,2,4,7500.0,16695.0,0,0,0
1441,2,4,4160.0,16151.3,0,0,0
1059,0,2,6677.0,26058.7,2,1,15285545
1120,2,1,8742.0,9566.7,3,11,21008116
1626,2,4,14.6,42461.7,6,0,0
1828,2,4,630.0,18730.7,0,0,0
1819,2,4,4500.0,54078.7,0,0,0
1976,1,4,17717.0,63777.7,0,0,0
2151,0,3,7366.0,58487.6,0,0,0
1900,2,4,14.6,20965.5,6,0,0
1718,0,0,82.0,19374.3,7,0,0
1604,2,1,5930.0,65424.2,5,2,90090238
1749,0,0,290.1,85104.0,7,0,0
1825,0,3,500.0,59448.5,0,0,0
1749,2,4,14.6,33581.6,6,0,0
2069,2,4,12400.0,20804.4,0,0,0
1943,0,2,3021.0,14953.1,0,9,65946370
2090,2,1,3403.0,28023.6,5,8,1005852
1231,2,4,14.6,35800.7,6,0,0
1127,0,3,24188.0,67037.2,0,0,0
1453,0,2,3020.0,31902.9,0,8,98878043
1881,2,1,701.0,22032.1,1,1,51943343
1716,1,4,3684.0,80708.3,0,0,0
2123,2,1,2791.0,27624.5,1,10,64506924
1529,2,4,3600.0,12600.2,0,0,0
303,2,4,18200.0,41525.4,0,0,0
1836,2,4,2000.0,16111.7,0,0,0
1601,2,1,9101.0,12755.6,5,13,79120719
1864,2,4,5600.0,23126.7,0,0,0
1239,2,4,55800.0,61254.3,0,0,0
1831,2,4,4440.0,44466.6,0,0,0
2119,2,1,2505.0,16660.9,5,13,36294978
522,2,4,5500.0,30727.6,0,0,0
2083,2,4,14.6,45649.4,6,0,0
1790,2,4,6900.0,14680.5,0,0,0
1786,2,1,4803.0,44934.5,5,2,62673318
1565,2,4,14.6,41476.5,6,0,0
2083,0,0,118.2,29791.5,7,0,0
1139,2,4,14.6,15495.8,6,0,0
726,2,4,1560.0,34435.0,0,0,0
1669,0,2,3033.0,22793.6,0,6,40431803
1763,2,1,3124.0,28739.9,5,1,49062126
1961,2,4,14.6,18889.5,6,0,0
1468,2,4,7300.0,62128.9,0,0,0
1608,2,1,4439.0,16914.4,5,2,10035527
2128,2,1,1968.0,72348.5,1,13,26668000
1824,0,3,23757.0,73819.3,0,0,0
1488,0,3,12043.0,31497.1,0,0,0
1049,2,4,5880.0,45743.0,0,0,0
1292,0,0,198.7,50924.3,7,0,0
834,0,0,98.4,23218.2,7,0,0
995,0,2,3063.0,15815.0,0,8,74493413
1991,0,0,187.3,45882.5,7,0,0
1629,0,3,3800.0,21691.5,0,0,0
1851,0,3,20685.0,48048.9,0,0,0
926,0,0,87.5,21191.1,7,0,0
1841,0,0,249.6,59763.8,7,0,0
1565,0,0,96.9,19350.0,7,0,0
1305,0,2,6582.0,22083.4,2,3,24612278
2079,2,4,10000.0,92695.2,0,0,0
1941,2,4,800.0,14671.3,0,0,0
1810,0,0,183.3,38599.4,7,0,0
1110,0,0,14.2,4602.2,7,0,0
1841,0,0,88.9,29206.2,7,0,0
1758,0,2,6646.0,29548.6,2,6,67791449
1106,2,4,2760.0,27668.6,0,0,0
1018,0,0,219.0,49292.4,7,0,0
697,2,1,1508.0,21310.9,5,4,5904931
1817,2,4,1300.0,15030.1,0,0,0
1663,2,1,3114.0,77120.5,5,1,55347096
349,2,4,23.9,8253.4,4,0,0
1637,2,1,3537.0,42120.3,5,12,31848305
1048,2,4,14.6,10760.6,6,0,0
714,2,4,14.6,32099.0,6,0,0
1007,0,3,49634.0,50334.0,0,0,0
804,0,0,90.0,18470.5,7,0,0
1535,0,0,155.6,64299.9,7,0,0
435,2,4,3400.0,20707.1,0,0,0
1657,2,4,100.0,35943.5,6,0,0
1515,2,4,9600.0,42500.5,0,0,0
1230,1,4,9984.0,28008.3,0,0,0
1883,0,3,16369.0,41969.9,0,0,0
2144,2,4,14.6,36754.2,6,0,0
2114,0,0,77.4,17119.2,7,0,0
1688,0,0,100.9,24056.1,7,0,0
2175,0,0,137.0,34924.4,7,0,0
1718,0,0,109.7,25335.4,7,0,0
1973,2,1,2108.0,41905.5,3,7,75770503
1048,2,4,14.6,32905.7,6,0,0
1608,2,4,10400.0,37165.1,0,0,0
1944,2,4,9600.0,13877.3,0,0,0
2012,2,4,16600.0,46911.6,0,0,0
987,2,4,14.6,24073.3,6,0,0
1061,2,1,1538.0,68422.2,5,5,74637114
1573,2,4,2280.0,21842.5,0,0,0
421,0,3,9448.0,94548.8,0,0,0
1914,2,1,850.0,55082.3,5,5,88170289
1540,2,1,463.0,25114.4,0,5,32109809
877,2,1,3382.0,73934.3,1,2,4398906
1911,2,1,3407.0,40990.3,1,9,59543710
1512,0,3,10391.0,52854.8,0,0,0
1577,0,3,14938.0,15338.0,0,0,0
1749,2,4,14.6,30894.4,6,0,0
1801,2,4,1450.0,17943.0,0,0,0
1621,2,4,5920.0,58558.0,0,0,0
531,0,3,2000.0,29804.9,0,0,0
1031,2,1,8947.0,13006.9,5,8,17903107
1506,0,3,500.0,500.0,0,0,0
722,2,4,3000.0,33909.0,0,0,0
1892,1,4,12346.0,57509.7,0,0,0
1717,1,4,13300.0,7617.9,0,0,0
660,2,1,3110.0,50985.7,5,8,38994044
2004,0,3,15602.0,53344.8,0,0,0
936,2,4,9600.0,28990.3,0,0,0
1380,2,4,4300.0,36707.6,0,0,0
1604,2,4,3200.0,21732.9,0,0,0
1779,2,4,14.6,70192.8,6,0,0
2144,0,0,37.4,8602.3,7,0,0
1881,2,4,3720.0,65897.8,0,0,0
1572,0,3,18465.0,58569.1,0,0,0
1749,2,4,14.6,30447.3,6,0,0
1237,2,4,24700.0,60156.9,0,0,0
1801,1,4,10495.0,63499.8,0,0,0
1393,2,1,499.0,13326.3,5,8,76905709
1535,2,4,14.6,20177.1,6,0,0
843,0,2,5611.0,21908.4,2,7,42512309
1756,2,4,7000.0,22235.9,0,0,0
1723,0,3,23131.0,63540.1,0,0,0
1784,2,1,9979.0,22839.9,5,4,76534843
1817,0,3,14920.0,49590.9,0,0,0
1384,0,0,114.0,27928.8,7,0,0
509,2,1,300.0,45313.2,5,4,99985640
2022,0,0,247.7,60552.4,7,0,0
349,0,0,150.7,42000.2,7,0,0
1879,2,1,8.0,29163.9,1,8,5581480
957,0,0,329.3,65315.6,7,0,0
877,2,1,841.0,30265.3,8,13,96265625
1847,2,1,3050.0,42088.0,5,8,24390584
1476,2,4,800.0,22877.3,0,0,0
1362,2,1,774.0,19217.0,5,6,47292917
1586,0,3,6800.0,18059.0,0,0,0
1930,2,4,14.6,59089.0,6,0,0
1930,2,4,14.6,7171.7,6,0,0
302,0,3,18497.0,45027.5,0,0,0
1207,0,3,17069.0,61193.9,0,0,0
1893,0,3,36618.0,90332.9,0,0,0
810,2,1,2643.0,18603.2,5,12,87020074
2053,0,0,369.0,102318.8,7,0,0
109,0,2,4718.0,14654.0,2,8,98568486
1488,2,1,7182.5,20581.2,8,9,97387158
1856,0,3,20359.0,21175.9,0,0,0
2114,2,4,14.6,46510.1,6,0,0
908,2,4,870.0,16230.0,0,0,0
1205,2,1,689.0,20555.4,3,7,92217593
1957,2,4,3100.0,15932.4,0,0,0
1089,0,2,18631.0,50751.4,0,4,41146189
1292,0,0,115.6,26390.7,7,0,0
1972,2,4,48900.0,65378.8,0,0,0
1900,0,0,125.7,33497.3,7,0,0
989,2,4,6600.0,27955.8,0,0,0
663,0,3,12101.0,30123.7,0,0,0
1747,0,3,30235.0,70906.4,0,0,0
2022,2,4,14.6,15837.5,6,0,0
1292,0,0,96.9,22171.2,7,0,0
1646,0,3,5700.0,59228.3,0,0,0
2175,0,0,197.8,45760.3,7,0,0
1760,2,4,3700.0,15734.6,0,0,0
1391,2,4,37800.0,62975.3,0,0,0
974,2,4,2100.0,22091.1,0,0,0
865,2,4,14.6,33275.5,6,0,0
245,2,4,19900.0,37444.9,0,0,0
1657,2,4,14.6,34871.7,6,0,0
1665,2,5,2600.0,24414.5,0,0,0
2119,2,1,3424.0,14398.4,5,11,47578817
1810,0,0,135.1,34390.1,7,0,0
513,2,4,26100.0,33132.8,0,0,0
902,0,3,700.0,22084.0,0,0,0
1033,1,4,6224.0,25974.4,0,0,0
1810,0,0,60.6,21231.6,7,0,0
1414,2,4,14.6,30067.1,6,0,0
1824,2,4,2600.0,63142.4,0,0,0
1759,0,2,6885.0,33974.8,2,13,79778361
1942,2,1,4206.0,65494.2,1,1,22744047
1976,2,4,16200.0,18723.0,0,0,0
1491,1,4,5863.0,72059.5,0,0,0
1770,2,4,15700.0,23005.3,0,0,0
1693,0,3,2700.0,22894.6,0,0,0
2083,2,4,14.6,19916.3,6,0,0
901,0,3,5756.0,25315.3,0,0,0
728,2,4,2320.0,23122.5,0,0,0
1544,0,3,20376.0,30806.8,0,0,0
1543,2,1,1726.0,16762.9,5,12,41357261
2117,2,4,8300.0,60563.9,0,0,0
691,2,1,2200.0,20279.5,5,10,81761723
2083,0,0,169.4,37071.6,7,0,0
1543,2,1,1592.0,19895.0,3,13,38318204
926,2,4,14.6,24695.5,6,0,0
987,2,4,4.0,18506.3,4,0,0
1902,2,5,1200.0,63306.1,0,0,0
1384,0,0,152.4,42871.5,7,0,0
1372,2,4,2100.0,12967.1,0,0,0
2030,0,3,8412.0,45079.4,0,0,0
2122,0,2,4280.0,29287.9,2,8,5645209
1991,0,0,253.5,85349.4,7,0,0
2096,2,1,2095.0,36370.1,1,1,37661731
1565,2,4,14.6,44688.5,6,0,0
653,2,4,14.6,24049.3,6,0,0
2027,2,5,500.0,26175.1,0,0,0
954,2,4,12700.0,35027.9,0,0,0
2103,0,3,22454.0,104303.8,0,0,0
879,2,1,7844.0,49940.5,5,1,56361120
1018,2,4,14.6,79204.5,6,0,0
1106,2,4,1250.0,28294.5,0,0,0
1534,0,3,600.0,32546.0,0,0,0
1073,2,4,13500.0,24585.1,0,0,0
1245,2,1,2403.0,63696.2,5,6,45403152
1705,2,4,64800.0,76720.8,0,0,0
1426,1,4,12566.0,41022.1,0,0,0
1875,2,1,18.0,10709.1,3,12,14715516
1610,2,4,12050.0,28888.4,0,0,0
683,2,4,14.6,56461.9,6,0,0
1869,0,0,144.3,23685.5,7,0,0
1535,0,0,120.6,27304.5,7,0,0
1998,2,1,1388.0,39038.4,1,4,4071104
2007,2,4,19100.0,66937.7,0,0,0
2011,2,4,930.0,27947.8,0,0,0
683,2,4,30.0,50771.3,6,0,0
1535,2,4,14.6,70017.9,6,0,0
1323,0,0,172.7,39330.4,7,0,0
622,0,0,135.5,32589.5,7,0,0
1337,0,3,21372.0,73717.7,0,0,0
227,0,0,312.6,50057.5,7,0,0
2144,0,0,155.0,33901.7,7,0,0
2027,2,4,5800.0,10869.4,0,0,0
1445,0,0,116.7,27389.8,7,0,0
1090,2,1,2439.0,63225.4,1,10,6988245
1001,2,1,6279.0,33863.0,5,2,10819483
1360,0,2,13730.0,37273.8,0,9,82911830
358,2,4,5100.0,25354.5,0,0,0
1267,2,1,756.0,30736.2,5,6,32180041
1456,0,2,6480.0,26269.7,2,13,75945204
1540,2,4,570.0,17241.6,0,0,0
1900,2,4,14.6,19992.6,6,0,0
750,2,1,3344.0,43770.0,3,11,41846251
1810,0,0,114.2,26727.9,7,0,0
500,0,0,237.8,44547.5,7,0,0
1688,2,4,30.0,61842.5,6,0,0
1688,2,4,14.6,12752.6,6,0,0
589,2,4,10800.0,55030.2,0,0,0
1190,2,4,15400.0,59639.9,0,0,0
1288,2,4,2480.0,18998.0,0,0,0
482,0,3,14680.0,36802.3,0,0,0
1869,2,4,14.6,62655.6,6,0,0
1889,2,4,800.0,37614.8,0,0,0
1900,0,0,149.9,35436.1,7,0,0
1841,0,0,103.9,25265.3,7,0,0
2033,0,3,18598.0,52836.9,0,0,0
1590,2,4,13100.0,39509.7,0,0,0
2016,2,4,9600.0,34449.2,0,0,0
1781,0,3,1300.0,20400.0,0,0,0
1900,0,0,207.0,53156.2,7,0,0
1496,2,4,2560.0,13844.2,0,0,0
1726,2,1,6608.0,46512.0,5,6,31062770
1900,0,0,97.9,25727.5,7,0,0
1504,0,0,67.2,17719.8,7,0,0
1694,0,3,48088.0,86390.2,0,0,0
1242,0,2,28446.0,50542.0,0,8,80365901
2127,0,3,24342.0,38224.5,0,0,0
2083,0,0,337.2,64427.9,7,0,0
596,2,4,700.0,30380.0,0,0,0
865,2,4,14.6,35394.8,6,0,0
2036,2,1,4101.0,25467.5,1,9,91295229
1810,0,0,132.2,32794.6,7,0,0
718,2,4,3200.0,31091.8,0,0,0
865,2,4,14.6,25116.5,6,0,0
1754,2,1,390.0,35761.6,5,13,28566903
798,2,4,35100.0,57766.4,0,0,0
694,2,1,251.0,20772.9,0,4,1312548
1693,2,4,500.0,22670.8,0,0,0
279,2,4,12500.0,33449.7,0,0,0
2022,0,0,79.3,19376.0,7,0,0
773,0,0,146.4,45310.5,7,0,0
1200,0,0,121.5,41320.5,7,0,0
1451,2,1,2850.0,16123.0,5,1,57004982
1049,2,4,3100.0,40750.3,0,0,0
1760,0,2,2907.0,22860.7,0,12,35845464
1961,0,0,72.8,17083.8,7,0,0
1139,0,0,83.0,20865.1,7,0,0
1936,2,1,109.0,41806.7,3,4,63160019
1423,2,1,369.0,72757.7,1,4,91816699
1565,0,0,120.4,32686.0,7,0,0
1601,0,3,22236.0,59485.6,0,0,0
1901,0,3,1900.0,4828.5,0,0,0
745,2,4,14.6,14381.2,6,0,0
469,2,4,14.6,89202.5,6,0,0
592,0,0,211.2,42523.0,7,0,0
1414,2,4,14.6,42918.9,6,0,0
2083,0,0,62.9,13187.8,7,0,0
1371,0,3,1500.0,34492.9,0,0,0
1258,2,4,3400.0,23952.6,0,0,0
1630,0,3,3300.0,62102.7,0,0,0
1792,2,4,3000.0,43433.7,0,0,0
2053,0,0,193.0,48826.5,7,0,0
1384,0,0,124.7,34625.9,7,0,0
2088,2,1,1727.0,27954.9,1,4,10578328
2145,2,4,5600.0,22505.9,0,0,0
1165,2,4,960.0,25626.3,0,0,0
2144,0,0,265.1,105211.7,7,0,0
1456,2,1,2548.0,26240.2,5,1,75456380
953,2,4,14300.0,41438.3,0,0,0
745,0,0,224.6,76388.2,7,0,0
1270,2,1,1296.0,20081.8,3,2,46939146
1749,0,0,126.8,38798.2,7,0,0
850,2,4,26600.0,46626.6,0,0,0
653,0,0,137.6,41303.8,7,0,0
1626,0,0,190.3,33054.6,7,0,0
1358,2,4,13100.0,37472.5,0,0,0
1664,2,1,8728.0,13614.7,5,4,24389368
2156,2,1,4114.7,82175.6,8,11,84370898
2097,2,1,2024.0,54667.5,5,13,56467163
2023,0,3,5300.0,39945.6,0,0,0
1626,0,0,135.1,27991.3,7,0,0
1445,2,4,14.6,21571.7,6,0,0
1853,2,1,3400.0,31516.4,5,8,79923873
574,2,1,3860.0,19523.1,5,12,28522896
1408,2,4,17000.0,52703.1,0,0,0
2037,0,3,400.0,40473.5,0,0,0
1718,0,0,137.3,19074.3,7,0,0
1210,2,1,3179.0,57378.0,5,13,78449135
2083,2,4,14.6,21191.4,6,0,0
394,0,2,4848.0,25140.0,2,12,69677310
1545,0,3,17585.0,64063.4,0,0,0
2042,2,4,5520.0,47908.0,0,0,0
1096,2,4,5200.0,21086.5,0,0,0
1480,2,4,2600.0,25949.5,0,0,0
1060,0,3,2500.0,25577.6,0,0,0
2022,2,4,14.6,29871.2,6,0,0
732,2,4,630.0,22815.9,0,0,0
1970,2,1,342.0,64870.0,1,11,54287219
2144,0,0,256.0,58562.3,7,0,0
1633,2,4,46800.0,67364.6,0,0,0
752,2,1,1941.0,65928.6,5,13,95369791
1603,2,4,10300.0,38993.8,0,0,0
1643,0,3,7200.0,25884.7,0,0,0
1292,2,4,14.6,36206.4,6,0,0
1241,0,2,3758.0,12646.6,0,13,75932419
1626,2,4,14.6,50467.2,6,0,0
1512,0,2,3442.0,15945.5,0,6,2472830
755,0,2,3871.0,22338.7,0,12,56348478
1139,0,0,62.5,15632.9,7,0,0
1565,2,4,1080.0,40310.3,0,0,0
1935,0,2,6057.0,35276.1,2,13,69630348
1026,0,3,4058.0,26603.4,0,0,0
1815,2,4,2700.0,52554.0,0,0,0
1472,2,4,4000.0,13200.7,0,0,0
1961,0,0,150.8,40594.4,7,0,0
1657,2,4,14900.0,27400.9,0,0,0
380,0,0,95.7,16668.5,7,0,0
1910,2,1,33.0,31446.2,3,1,44200831
1718,2,4,14.6,44454.3,6,0,0
1813,2,4,2760.0,22373.9,0,0,0
1565,0,0,254.1,68429.5,7,0,0
1877,2,1,10312.0,12495.0,5,13,18163431
1749,2,4,14.6,21997.4,6,0,0
1180,0,2,5383.0,27066.8,2,13,91859644
350,1,4,5473.0,61588.9,0,0,0
1550,2,4,6000.0,71971.4,0,0,0
1463,2,4,11520.0,29111.2,0,0,0
1431,2,4,8000.0,50800.4,0,0,0
1426,2,1,701.0,15438.0,1,1,51943343
1810,2,4,14.6,47366.4,6,0,0
1384,2,4,14.6,64559.7,6,0,0
1871,0,3,39269.0,98389.4,0,0,0
1476,0,0,171.8,35897.4,7,0,0
2029,2,1,3871.0,40757.4,5,13,55113202
2005,0,3,13931.0,55531.8,0,0,0
1526,2,4,2900.0,21340.0,0,0,0
1353,0,0,103.5,21545.2,7,0,0
1261,2,4,14.6,46830.2,6,0,0
1454,2,4,1400.0,30480.6,0,0,0
1969,2,1,728.0,44224.3,1,1,13954824
1472,2,4,2280.0,24107.2,0,0,0
804,0,0,98.2,24119.1,7,0,0
1053,2,1,1498.0,104152.0,1,13,21647364
1925,2,4,35600.0,113027.3,0,0,0
1632,0,3,6800.0,49642.4,0,0,0
1657,0,0,158.3,27300.6,7,0,0
2053,2,4,10600.0,28998.3,0,0,0
2155,0,2,35871.0,61932.8,0,12,83349090
2090,0,3,2400.0,26083.6,0,0,0
1869,0,0,220.7,49702.1,7,0,0
1718,0,0,329.1,105428.0,7,0,0
161,2,4,16800.0,36192.2,0,0,0
895,0,0,129.9,29847.3,7,0,0
683,2,4,14.6,26658.2,6,0,0
1208,0,3,4543.0,31115.1,0,0,0
831,0,3,3800.0,31312.7,0,0,0
2053,0,0,211.1,55065.5,7,0,0
1048,2,4,14.6,53218.2,6,0,0
2022,0,0,202.2,55591.7,7,0,0
2126,2,1,1045.0,71024.7,8,11,65873688
1718,0,0,114.8,32946.8,7,0,0
962,0,3,11518.0,34664.9,0,0,0
2114,2,4,1300.0,25969.3,0,0,0
1596,2,4,14.6,41228.2,6,0,0
2024,0,3,27194.0,104131.7,0,0,0
1607,2,1,1167.0,44777.5,1,11,50147646
2083,2,4,14.6,16328.4,6,0,0
1763,2,1,121.0,14496.7,5,9,31394452
1304,2,1,2298.2,68352.6,8,4,85509657
772,0,3,2400.0,25529.3,0,0,0
1810,2,4,14.6,59687.0,6,0,0
683,0,0,130.9,30443.5,7,0,0
1353,2,4,14.6,18528.0,6,0,0
74,0,0,168.0,42429.3,7,0,0
227,0,0,129.6,32584.1,7,0,0
2053,2,4,14.6,18298.6,6,0,0
1365,2,1,1839.0,24716.2,5,3,96368914
751,0,2,10699.0,34635.5,0,6,38067805
1581,2,4,19300.0,13565.4,0,0,0
653,2,4,14.6,25259.6,6,0,0
1640,0,3,6834.0,24083.0,0,0,0
2035,0,3,14878.0,34421.7,0,0,0
1906,0,2,22831.0,33209.3,0,5,81347185
1938,2,1,987.0,19396.7,1,2,54040610
1365,2,1,2302.0,23000.9,5,13,48485803
1592,0,3,10827.0,42349.4,0,0,0
1450,2,1,2313.0,24101.2,5,12,58378344
1967,2,1,799.0,39761.3,1,1,61292290
2095,2,1,6041.0,83870.5,3,7,10620361
683,0,0,93.9,22119.5,7,0,0
269,2,1,1028.0,31405.9,1,4,98507838
1795,2,4,2400.0,82255.3,0,0,0
1565,0,0,128.8,30821.8,7,0,0
1728,2,1,1455.0,55624.2,5,5,63995122
1540,0,2,3016.0,18943.1,0,7,35820675
1303,0,3,3700.0,37480.9,0,0,0
1885,2,4,2400.0,24561.7,0,0,0
1018,0,0,118.0,27519.1,7,0,0
1602,2,1,357.0,37639.7,5,12,698990
1330,2,4,8600.0,36139.0,0,0,0
2128,2,4,13700.0,47075.0,0,0,0
1092,2,4,960.0,14279.8,0,0,0
244,2,4,7500.0,31701.5,0,0,0
2122,2,1,164.0,33290.8,3,12,52864879
1183,2,1,4325.0,58465.0,5,2,8332980
1472,2,4,1900.0,24637.3,0,0,0
1928,2,4,1000.0,37372.5,0,0,0
1139,0,0,119.6,30063.7,7,0,0
1476,2,4,14.6,24833.6,6,0,0
2075,2,4,27100.0,17589.2,0,0,0
1384,0,0,83.2,20046.3,7,0,0
2118,2,4,19700.0,58546.9,0,0,0
1453,2,4,15600.0,36625.2,0,0,0
2119,2,1,12056.0,11997.3,5,11,60230421
1097,2,4,700.0,33830.9,0,0,0
1333,0,2,28329.0,51094.4,0,7,15725326
1022,2,4,4400.0,31759.2,0,0,0
1572,2,1,330.0,28394.5,3,10,40799850
1688,0,0,105.3,25320.4,7,0,0
1275,0,3,20258.0,53023.5,0,0,0
500,2,4,14.6,26733.1,6,0,0
1504,0,0,69.0,19520.0,7,0,0
2100,2,4,2240.0,22554.7,0,0,0
1751,2,4,3000.0,18294.0,0,0,0
2126,2,1,8517.0,31142.6,5,1,78590231
270,2,4,36100.0,64188.2,0,0,0
1414,0,0,20.1,36119.1,7,0,0
1565,2,4,14.6,22182.6,6,0,0
600,2,1,8110.0,12961.1,5,3,14627766
1129,2,4,810.0,22221.4,0,0,0
876,2,4,16200.0,39991.9,0,0,0
1446,2,4,8700.0,38439.5,0,0,0
1542,1,4,16119.0,56996.1,0,0,0
834,0,0,171.8,42509.3,7,0,0
1829,2,4,2160.0,16020.9,0,0,0
1323,2,4,14.6,22071.7,6,0,0
2114,2,4,14.6,21019.6,6,0,0
2173,2,5,3500.0,95034.9,0,0,0
1512,2,1,2670.0,38120.5,5,1,49330854
2054,2,4,1920.0,53399.5,0,0,0
1688,2,4,14.6,19220.8,6,0,0
1428,2,1,4223.0,34470.5,5,1,17819351
2035,2,4,600.0,18743.5,0,0,0
1626,2,4,14.6,25387.5,6,0,0
1175,0,3,15206.0,54231.8,0,0,0
2095,0,2,23726.0,40800.4,0,11,85668760
1085,2,1,172.0,13966.3,0,1,35908234
1726,2,1,6889.0,65029.5,5,5,52970862
1814,2,4,7200.0,50240.9,0,0,0
2083,2,4,14.6,21762.6,6,0,0
1462,2,4,1360.0,32148.8,0,0,0
1911,2,1,4.0,50181.2,1,10,17516535
1414,2,4,14.6,43516.0,6,0,0
1779,2,4,14.6,39648.2,6,0,0
834,2,4,14.6,34259.4,6,0,0
1455,2,4,640.0,27723.0,0,0,0
1812,2,4,2700.0,44125.5,0,0,0
1973,2,4,23700.0,30334.8,0,0,0
1899,2,4,3700.0,14344.6,0,0,0
2022,0,0,132.2,33127.3,7,0,0
957,0,0,64.0,25569.8,7,0,0
1579,2,4,12100.0,929.3,0,0,0
1151,2,1,6336.0,18307.3,8,4,80799913
1301,1,4,20147.0,37458.3,0,0,0
1000,0,2,6490.0,33560.7,2,8,75701802
1701,0,2,6596.0,24039.1,2,10,12585705
1453,1,4,22573.0,40213.0,0,0,0
1869,0,0,65.4,17202.1,7,0,0
1408,0,3,49103.0,106715.2,0,0,0
755,2,1,382.0,34341.6,5,1,21777671
561,2,4,14.6,42362.8,6,0,0
1657,0,0,88.9,19932.6,7,0,0
1231,0,0,101.0,25119.6,7,0,0
1079,2,4,14.6,56969.3,6,0,0
1822,2,4,6800.0,56813.1,0,0,0
357,0,3,32451.0,119934.1,0,0,0
1930,0,0,155.0,22762.2,7,0,0
1790,2,1,1965.0,32706.1,5,12,10469216
1657,0,0,80.2,20160.5,7,0,0
1869,0,0,277.9,69755.0,7,0,0
2151,0,3,30370.5,73852.6,0,0,0
1231,0,0,272.2,68916.9,7,0,0
1941,0,3,11720.0,70781.1,0,0,0
2105,2,4,2760.0,13172.0,0,0,0
2126,2,1,4521.0,7313.1,8,6,87599461
1718,2,4,14.6,65437.7,6,0,0
2083,2,4,14.6,18616.6,6,0,0
1028,0,2,22064.0,39567.9,0,6,54256457
884,2,4,16480.0,46888.9,0,0,0
1110,0,0,60.5,14824.6,7,0,0
2030,0,3,17400.0,71953.8,0,0,0
2036,2,1,5720.0,34718.4,5,13,7258689
1298,2,1,3964.0,34054.4,5,11,81127321
1241,2,1,1652.0,24083.2,3,3,77783399
1959,2,5,1800.0,40773.1,0,0,0
791,2,4,900.0,40119.5,1,0,0
2083,0,0,214.2,49620.0,7,0,0
1853,0,2,25207.0,52853.8,0,8,68884998
1669,2,4,4500.0,56265.3,0,0,0
1200,2,4,14.6,25526.3,6,0,0
1967,2,1,1931.0,27395.7,5,10,23482644
1377,2,4,2400.0,39658.3,0,0,0
479,2,4,1300.0,38106.7,0,0,0
1757,2,1,5873.0,42351.0,5,2,73948222
1093,2,1,17.0,59012.9,1,5,4935080
2048,2,4,21200.0,25117.7,0,0,0
1858,2,5,1200.0,59884.9,0,0,0
1810,2,4,14.6,54870.8,6,0,0
1961,0,0,209.3,55739.6,7,0,0
1762,2,1,2899.0,86035.0,5,5,66278958
2114,0,0,90.5,22994.8,7,0,0
406,2,4,5640.0,41976.9,0,0,0
1241,2,1,4036.0,18591.2,5,3,60668200
1886,2,4,10100.0,16833.7,0,0,0
1437,2,4,1100.0,24674.5,0,0,0
1009,1,4,2360.0,53755.3,0,0,0
653,0,0,117.1,23425.7,7,0,0
1966,2,1,2889.0,53265.6,1,3,4869163
871,2,4,5900.0,26231.3,0,0,0
1852,2,1,4227.0,64286.8,5,3,32061487
341,2,4,400.0,24039.2,0,0,0
593,2,4,17400.0,47678.9,0,0,0
1048,2,4,14.6,21053.5,6,0,0
1455,2,4,6900.0,24582.1,0,0,0
926,0,0,77.1,19249.5,7,0,0
1832,2,4,4160.0,46298.8,0,0,0
841,0,3,7766.0,35745.1,0,0,0
1024,0,2,4281.0,13677.2,2,5,28620410
1304,0,3,10938.0,11838.0,0,0,0
2144,0,0,220.4,49949.3,7,0,0
1500,2,4,810.0,31751.3,0,0,0
653,2,4,14.6,23251.8,6,0,0
2114,0,0,235.0,52076.4,7,0,0
2151,2,1,8910.0,99356.1,5,2,13765102
1688,2,4,14.6,18353.9,6,0,0
1548,0,2,4729.0,19828.6,2,1,59773492
957,2,4,14.6,16038.4,6,0,0
1482,2,4,3700.0,38654.5,0,0,0
1360,0,2,5145.0,22803.6,2,7,38287580
1454,0,3,300.0,300.0,0,0,0
1592,0,3,2200.0,19826.2,0,0,0
1326,2,4,15500.0,25194.0,0,0,0
952,2,4,1400.0,29631.2,0,0,0
1938,0,3,10391.0,58030.9,0,0,0
288,0,0,136.6,22496.7,7,0,0
1162,0,3,49719.0,110908.6,0,0,0
1699,2,1,2687.0,43496.5,5,11,38371622
1482,0,2,18100.0,41964.3,0,4,84178596
1440,2,4,3520.0,37352.5,0,0,0
1788,2,4,11400.0,12820.5,0,0,0
1517,2,1,4708.0,20266.3,5,10,90144109
1637,0,3,24608.0,41524.7,0,0,0
998,0,3,12298.0,35479.1,0,0,0
1068,2,4,600.0,42182.5,0,0,0
1417,2,4,3840.0,67464.5,0,0,0
1869,0,0,212.0,42311.4,7,0,0
1275,2,1,308.0,17549.2,0,9,77061086
601,0,3,10239.0,44076.4,0,0,0
2156,2,1,1940.0,13205.9,5,11,74184041
1527,2,4,4000.0,22479.0,0,0,0
1596,2,4,14.6,41503.9,6,0,0
1445,0,0,66.6,19484.9,7,0,0
400,2,4,10100.0,37938.5,0,0,0
1547,0,2,2929.0,15739.9,0,9,36391699
1082,2,4,1400.0,17346.9,0,0,0
1810,2,4,14.6,23897.2,6,0,0
1930,0,0,151.4,38609.1,7,0,0
1606,2,1,691.0,26197.9,3,9,43513906
342,2,4,17400.0,39432.5,0,0,0
1565,2,4,15800.0,44204.7,0,0,0
1139,0,0,67.6,17207.6,7,0,0
1845,2,4,10000.0,12188.4,5,0,0
1565,0,0,157.6,37606.2,7,0,0
666,0,2,4636.0,19834.7,2,12,16116291
1779,0,0,59.0,14096.0,7,0,0
1784,0,3,32302.0,76951.1,0,0,0
622,0,0,119.4,28952.7,7,0,0
1152,0,3,15521.0,27020.8,0,0,0
814,0,2,15139.0,16139.0,0,8,29053187
1261,0,0,240.1,54581.1,7,0,0
1894,2,4,15400.0,28444.3,0,0,0
1330,0,3,11584.0,48065.5,0,0,0
389,0,3,400.0,400.0,0,0,0
714,2,4,14.6,41617.9,6,0,0
1323,0,0,97.1,24439.7,7,0,0
365,2,4,35400.0,57029.8,0,0,0
1966,2,1,3041.0,90849.7,5,13,91662942
727,0,2,6028.0,31710.8,2,3,64280104
1579,2,4,1080.0,39977.3,0,0,0
966,0,3,9820.0,44249.5,0,0,0
1761,0,3,43974.0,60126.6,0,0,0
1930,0,0,217.9,53191.9,7,0,0
810,0,3,6932.0,29104.9,0,0,0
1657,2,4,1900.0,25381.9,0,0,0
1720,0,3,2600.0,18537.7,0,0,0
2103,0,3,9800.0,78342.9,0,0,0
996,2,1,9463.0,22991.4,5,1,81584167
530,0,0,179.2,35514.0,7,0,0
2022,2,4,14.6,22585.5,6,0,0
967,0,2,6007.0,27798.5,2,7,73166322
1190,2,4,5520.0,29314.6,0,0,0
1200,0,0,296.7,96225.7,7,0,0
1569,2,4,2480.0,15036.8,0,0,0
1727,0,3,10078.0,40318.8,0,0,0
1990,2,4,30700.0,74816.1,0,0,0
1812,2,5,1200.0,51560.9,0,0,0
1612,2,5,3800.0,59927.7,0,0,0
992,2,1,210.0,35852.1,1,3,3710729
128,2,4,15200.0,38229.8,0,0,0
1410,2,4,8700.0,71168.2,0,0,0
570,2,4,540.0,29797.0,0,0,0
1657,2,4,14.6,28404.0,6,0,0
326,2,1,2145.0,31123.2,5,4,60684478
1535,2,4,30.0,20512.1,6,0,0
1483,2,1,7962.0,19568.6,1,5,23946857
1384,0,0,16.0,6618.0,7,0,0
2129,2,4,7200.0,59732.8,0,0,0
1819,2,4,600.0,18722.1,0,0,0
1847,2,4,13200.0,33218.0,0,0,0
539,0,2,3463.0,21106.8,0,3,99633556
1397,2,1,5259.0,18875.2,5,12,13273746
1841,0,0,104.0,27694.4,7,0,0
2104,2,4,800.0,57652.4,0,0,0
1961,0,0,355.9,81251.2,7,0,0
1667,2,1,2768.0,16043.5,5,9,90735184
2162,1,4,7231.0,29881.1,0,0,0
1485,2,1,2229.0,32465.7,1,13,25649327
1336,2,4,450.0,17351.7,0,0,0
1427,2,1,1538.0,75131.6,5,5,74637114
957,2,4,14.6,25437.4,6,0,0
1815,0,3,13734.0,63439.4,0,0,0
1991,2,4,14.6,42016.2,6,0,0
1938,0,2,5880.0,28740.9,2,10,55781102
1768,2,4,1300.0,40764.2,0,0,0
1700,2,1,2964.0,20901.4,5,4,82395380
769,0,3,900.0,900.0,0,0,0
1261,2,4,14.6,14114.8,6,0,0
763,2,4,4100.0,36216.3,0,0,0
2060,2,1,3035.0,76422.2,5,2,941700
1810,0,0,182.9,36575.2,7,0,0
957,0,0,137.3,30639.8,7,0,0
1323,0,0,222.0,56331.6,7,0,0
288,0,0,257.5,62679.8,7,0,0
871,2,1,3422.0,17486.6,5,1,48282474
1998,0,2,3718.0,17671.5,0,10,60092472
1909,0,2,5880.0,26536.8,2,9,12108809
2175,0,0,20.0,4472.7,7,0,0
1625,2,4,24700.0,63237.3,0,0,0
1313,2,4,22000.0,43717.2,0,0,0
1445,2,4,14.6,72361.5,6,0,0
627,0,3,20213.0,57338.5,0,0,0
1880,2,1,9921.0,46419.1,5,8,62603348
2149,2,4,690.0,19856.1,0,0,0
1445,0,0,232.3,57124.2,7,0,0
1657,0,0,60.4,15220.5,7,0,0
1680,2,4,12000.0,33203.9,0,0,0
2083,0,0,84.1,18750.7,7,0,0
1149,1,4,4644.0,45189.2,0,0,0
1701,2,1,1435.0,34819.7,3,3,40573519
1243,2,1,2142.0,59777.9,8,5,15837014
1972,0,3,14982.0,26653.2,0,0,0
653,2,4,14.6,33625.3,6,0,0
1626,0,0,148.8,26357.2,7,0,0
1786,2,1,3427.0,21714.8,1,5,31916600
1476,2,4,14.6,18324.2,6,0,0
1093,2,1,1208.0,53513.4,1,10,80628025
1956,0,3,35446.0,55759.0,0,0,0
789,2,4,3000.0,47470.8,0,0,0
2066,0,2,5009.0,20002.1,2,1,54522466
510,2,4,32300.0,53744.8,0,0,0
2122,2,1,3930.0,40875.4,5,3,11714333
1022,2,4,13300.0,30553.9,0,0,0
447,0,2,27666.0,66161.1,0,3,17497700
994,0,3,11293.0,47938.9,0,0,0
1473,2,4,33600.0,60125.0,0,0,0
721,2,4,5160.0,25303.3,0,0,0
1268,2,1,2697.0,24513.7,5,4,80065911
2144,2,4,14.6,40710.2,6,0,0
537,0,3,5186.0,33894.0,0,0,0
1300,2,1,6307.0,37597.2,5,4,88401656
1610,2,4,2900.0,14772.5,0,0,0
561,0,0,75.3,19439.2,7,0,0
2053,2,4,14.6,18403.7,6,0,0
1761,0,3,5135.0,14734.8,0,0,0
615,2,4,960.0,42624.3,0,0,0
1986,0,3,6600.0,37442.5,0,0,0
2165,2,4,16500.0,27404.2,0,0,0
1847,0,3,29934.0,63607.2,0,0,0
1961,2,4,14.6,36689.1,6,0,0
1337,0,2,5893.0,24731.0,2,11,35075765
1869,0,0,107.7,30915.1,7,0,0
739,2,4,2700.0,27812.6,0,0,0
345,2,4,24700.0,46711.2,0,0,0
1805,0,3,8779.0,45570.9,0,0,0
1300,0,2,29561.0,62946.7,0,1,98223465
987,2,4,14.6,32784.5,6,0,0
779,2,1,2442.0,19876.1,5,13,34629786
781,0,3,17853.0,38142.2,0,0,0
1752,2,4,2100.0,16883.1,0,0,0
1462,2,4,23100.0,71858.9,0,0,0
1220,0,3,24577.0,34779.0,0,0,0
1877,0,3,15878.0,36714.6,0,0,0
1384,0,0,162.5,38772.2,7,0,0
1087,2,4,30600.0,62814.8,0,0,0
1487,0,3,18908.0,35435.2,0,0,0
1028,2,1,251.0,64857.3,1,5,71377277
2018,0,3,2600.0,42637.8,0,0,0
924,2,4,12600.0,42492.7,0,0,0
1790,2,4,600.0,47712.5,0,0,0
2144,0,0,148.3,42848.0,7,0,0
400,0,3,14382.0,50798.9,0,0,0
622,0,0,276.0,111153.6,7,0,0
1303,2,1,11657.0,40859.2,5,4,32954842
1850,0,2,15802.0,36367.5,0,5,75457590
1963,0,3,100.0,26400.0,0,0,0
1085,2,4,7500.0,25321.3,0,0,0
1101,2,4,2700.0,28714.7,0,0,0
500,0,0,61.5,18913.5,7,0,0
1157,0,3,1900.0,17582.7,0,0,0
987,0,0,205.0,48320.7,7,0,0
2150,0,3,14568.0,26458.8,0,0,0
1121,2,4,33100.0,87709.3,0,0,0
926,0,0,304.8,50078.7,7,0,0
1466,2,4,700.0,41820.0,0,0,0
1394,2,1,2929.0,22759.6,1,4,99278032
2141,2,4,10000.0,39565.0,0,0,0
424,2,4,9600.0,40804.5,0,0,0
1079,2,4,14.6,43151.7,6,0,0
1761,2,1,2008.0,24739.4,5,9,34224891
1292,2,4,14.6,21654.3,6,0,0
895,2,4,14.6,58003.0,6,0,0
1826,2,4,840.0,27048.2,0,0,0
1698,0,2,3353.0,17036.0,0,13,1911378
1840,2,4,3900.0,69907.9,0,0,0
1929,2,4,3300.0,20143.0,0,0,0
1518,0,3,7930.0,46205.8,0,0,0
1773,0,3,38627.0,81261.9,0,0,0
1238,0,3,26571.0,60105.3,0,0,0
1504,2,4,14.6,29795.9,6,0,0
1841,2,4,14.6,47080.7,6,0,0
998,2,4,25900.0,55502.5,0,0,0
1779,0,0,77.7,19046.9,7,0,0
1476,2,4,14.6,35497.1,6,0,0
1846,0,3,18471.0,37665.1,0,0,0
1291,2,4,2160.0,31575.6,0,0,0
1904,2,4,100.0,14051.0,0,0,0
135,0,0,159.9,39998.0,7,0,0
1883,2,1,3479.0,24116.4,3,1,198555
1018,0,0,101.6,23691.7,7,0,0
653,0,0,120.7,25821.8,7,0,0
995,2,1,1948.0,64781.0,5,13,46153497
1448,0,3,37145.0,152383.2,0,0,0
1306,2,1,2262.0,16149.3,5,2,77140342
1708,0,3,27839.0,61078.7,0,0,0
1940,0,2,6364.0,42966.8,2,1,70277392
2088,0,2,6957.0,24730.4,2,4,10323864
926,2,4,14.6,45045.2,6,0,0
2083,2,4,14.6,49320.6,6,0,0
1878,2,4,7800.0,55802.9,0,0,0
773,2,4,14.6,55328.5,6,0,0
452,2,4,2500.0,31689.9,0,0,0
2061,0,2,6173.0,26812.8,2,5,84225409
1429,2,4,1700.0,42606.2,0,0,0
172,0,2,6932.0,33374.7,2,12,16577571
991,2,4,4400.0,21576.1,0,0,0
711,2,4,5700.0,32118.4,0,0,0
1663,2,1,4410.0,18631.8,5,1,77193778
1266,0,2,6005.0,25962.2,2,8,62281173
1718,0,0,86.8,22273.7,7,0,0
2157,2,4,1800.0,45200.6,0,0,0
1018,2,4,14.6,29603.0,6,0,0
1353,0,0,71.9,17868.8,7,0,0
957,2,4,14.6,28101.1,6,0,0
1752,1,4,24670.0,30024.8,0,0,0
1810,2,4,14.6,48126.6,6,0,0
414,2,1,2442.0,39482.7,5,13,34629786
1749,2,4,14.6,56210.2,6,0,0
2022,2,4,100.7,-9224.4,4,0,0
1818,2,4,2400.0,45063.6,0,0,0
2152,2,4,3600.0,71662.2,0,0,0
1971,2,1,5492.0,64453.4,5,6,21153784
877,2,1,7246.0,69612.2,1,12,20153117
1699,0,3,9200.0,36788.0,0,0,0
1841,2,4,14.6,13177.3,6,0,0
1814,2,4,300.0,26146.4,0,0,0
2070,2,4,41900.0,62211.0,0,0,0
1292,0,0,28.2,69975.2,7,0,0
1869,2,4,8100.0,38543.2,0,0,0
1366,2,4,6400.0,24123.4,0,0,0
1470,2,4,1600.0,32323.7,0,0,0
1942,2,1,633.0,27837.2,8,11,18494886
1820,2,1,3007.0,35843.5,1,2,76031207
1761,2,1,4393.8,61247.9,8,12,43853229
1030,2,1,4557.2,26942.1,8,3,27702808
1608,2,4,16500.0,48208.8,0,0,0
1183,2,1,881.0,75046.6,1,1,95008945
1968,2,4,2100.0,40447.7,0,0,0
1819,2,4,600.0,31587.3,0,0,0
1541,0,3,21881.0,56911.9,0,0,0
1502,0,3,19500.0,35801.1,0,0,0
1048,2,4,14.6,29944.1,6,0,0
1488,2,1,2247.0,23887.3,1,8,25474483
439,2,4,15500.0,38238.1,0,0,0
2069,0,3,12803.0,65916.8,0,0,0
1231,2,4,14.6,20744.4,6,0,0
1840,2,4,800.0,16064.3,0,0,0
716,2,4,1280.0,23185.3,0,0,0
1015,0,3,38891.0,118059.2,0,0,0
1359,2,4,7900.0,27984.8,0,0,0
1688,2,4,14.6,16762.5,6,0,0
1509,0,3,23429.0,67290.7,0,0,0
1969,0,2,3389.0,22738.4,0,11,75748979
1558,2,4,1920.0,30239.0,0,0,0
812,2,1,2559.0,17780.9,5,2,87679588
1601,2,1,10472.0,60801.2,5,1,71402126
1912,2,1,1756.0,40736.0,8,8,46252030
1089,0,3,300.0,44402.2,0,0,0
1775,2,4,29900.0,122189.5,0,0,0
1848,2,1,3102.0,15232.0,5,9,49371123
2030,0,3,20633.0,78289.3,0,0,0
1430,2,4,8300.0,50253.8,0,0,0
1476,2,4,30.0,55319.8,6,0,0
1670,2,1,90.0,46135.6,1,9,20700508
1596,2,4,14.6,35024.4,6,0,0
1749,0,0,66.4,11636.4,7,0,0
1326,2,4,49800.0,55729.4,0,0,0
1052,2,4,2400.0,23100.7,0,0,0
1705,2,4,5600.0,40673.7,0,0,0
1231,2,4,14.6,22517.2,6,0,0
1297,2,1,3067.0,90102.8,1,1,19900185
171,2,4,18300.0,38477.8,0,0,0
369,2,4,720.0,16179.0,0,0,0
1834,2,4,450.0,18653.3,0,0,0
469,0,0,502.7,44012.4,7,0,0
1504,0,0,99.2,23316.3,7,0,0
1353,0,0,51.0,14387.3,7,0,0
1433,2,4,8200.0,12156.7,0,0,0
653,0,0,92.8,22130.1,7,0,0
1749,0,0,247.1,58177.3,7,0,0
1261,2,4,14.6,18254.5,6,0,0
1810,0,0,100.2,24414.5,7,0,0
1930,2,4,30.0,51559.8,6,0,0
730,0,3,5600.0,16635.7,0,0,0
1496,1,4,24208.0,48932.2,0,0,0
865,2,4,14.6,28946.9,6,0,0
2053,0,0,38.1,15040.2,7,0,0
1841,0,0,82.9,23079.1,7,0,0
1908,2,1,12579.0,41974.1,5,5,21882123
1139,0,0,292.9,93933.3,7,0,0
1470,2,4,1080.0,21903.3,0,0,0
1414,0,0,149.5,37488.3,7,0,0
653,0,0,280.6,70079.9,7,0,0
1473,2,4,9500.0,28563.2,0,0,0
1718,0,0,71.0,15416.7,7,0,0
967,0,3,31070.0,58294.1,0,0,0
1841,0,0,85.0,21639.9,7,0,0
1018,2,4,14.6,29608.1,6,0,0
1353,0,0,125.8,28654.3,7,0,0
1151,0,2,20236.0,51138.4,0,10,66487163
416,2,1,8818.0,20135.7,5,9,45089298
1476,2,4,14.6,14316.9,6,0,0
1422,2,1,465.0,35156.4,5,13,81990486
1499,2,4,7500.0,39740.0,0,0,0
1669,2,1,4797.0,62829.8,5,5,75312357
1152,2,1,4783.0,56110.0,5,11,42289441
1488,2,1,6494.8,37666.1,8,1,15843767
1384,0,0,73.8,14586.7,7,0,0
1961,0,0,247.4,60345.6,7,0,0
2127,2,1,5286.0,34878.7,5,13,35530597
2026,0,3,10818.0,81461.5,0,0,0
380,0,0,111.9,17068.3,7,0,0
2083,2,4,14.6,44026.1,6,0,0
1359,2,4,1800.0,32691.8,0,0,0
1067,2,4,1600.0,30980.2,0,0,0
2109,2,4,29300.0,96896.5,0,0,0
1170,2,4,14.6,23080.2,6,0,0
2114,2,4,14.6,17949.4,6,0,0
1088,2,1,9095.0,29141.6,5,9,85631554
1302,0,2,23585.0,68750.5,0,13,61292606
1657,0,0,83.0,21964.5,7,0,0
1535,2,4,14.6,66979.0,6,0,0
1424,0,3,11022.0,44690.1,0,0,0
1455,0,2,30832.0,57837.4,0,9,62510245
1261,0,0,109.6,24630.3,7,0,0
1152,2,1,2655.0,18539.9,5,13,17385280
987,0,0,169.8,41157.6,7,0,0
1423,2,1,9678.0,31487.4,5,7,42665183
1892,2,4,1950.0,47318.6,0,0,0
987,0,0,87.4,21581.3,7,0,0
1088,2,4,2040.0,15536.7,0,0,0
1110,2,4,14.6,11703.4,6,0,0
1854,0,2,5485.0,16627.4,2,8,84314924
1120,0,3,6564.0,36780.1,0,0,0
1638,2,1,59.0,34224.7,1,5,16981333
1727,2,1,3419.0,23461.8,1,13,80957543
1515,2,1,13208.0,17189.2,5,12,58510798
606,0,2,3198.0,24163.0,0,5,69613659
1949,2,4,3960.0,42580.9,0,0,0
1869,0,0,123.2,32802.0,7,0,0
1504,2,4,14.6,22543.8,6,0,0
1261,2,4,14.6,66037.8,6,0,0
1490,2,1,29.0,15494.2,1,4,27458155
1754,2,1,7266.0,34478.9,5,9,13943797
987,2,4,14.6,27121.9,6,0,0
1504,0,0,130.5,33649.6,7,0,0
798,2,4,1300.0,17124.9,0,0,0
1810,2,4,14.6,14513.2,6,0,0
1504,0,0,164.5,41291.2,7,0,0
592,2,4,14.6,35636.1,6,0,0
2144,2,4,14.6,75856.9,6,0,0
1565,0,0,199.2,47449.8,7,0,0
1398,2,1,1066.0,41774.7,5,1,72237545
1018,2,4,14.6,17365.3,6,0,0
2048,2,4,11900.0,75003.2,0,0,0
1961,2,4,14.6,21413.2,6,0,0
1229,2,4,6300.0,26915.9,0,0,0
1061,0,2,5531.0,21886.6,2,5,7849169
1239,2,1,479.0,20173.8,1,13,19875437
2083,0,0,84.7,14810.7,7,0,0
1657,2,4,14.6,15757.1,6,0,0
1671,0,3,13100.0,59067.1,0,0,0
2088,2,1,3344.0,45573.3,3,11,41846251
2174,2,4,40000.0,93244.7,0,0,0
2075,0,3,30246.0,48776.1,0,0,0
2151,0,3,1200.0,25602.3,0,0,0
1991,2,4,14.6,17954.2,6,0,0
1810,0,0,236.6,48173.1,7,0,0
1877,2,1,3964.0,11337.3,5,3,82399522
1841,2,4,14.6,23728.4,6,0,0
561,0,0,120.0,25758.4,7,0,0
1854,2,1,3509.0,14113.5,5,11,4756558
74,0,0,91.2,29639.6,7,0,0
1779,0,0,214.7,52560.1,7,0,0
1323,0,0,116.3,24196.9,7,0,0
1445,0,0,284.6,48419.1,7,0,0
1909,0,2,44713.0,85344.9,0,6,76316427
1323,0,0,81.1,16207.9,7,0,0
1414,0,0,183.2,44744.6,7,0,0
2091,2,1,4662.0,85122.2,5,10,19728160
2144,0,0,102.3,24400.8,7,0,0
1334,0,3,9303.0,33526.7,0,0,0
2157,2,4,1400.0,23057.3,0,0,0
1106,2,4,5400.0,67264.2,0,0,0
1841,2,4,14.6,12557.7,6,0,0
940,0,2,3167.0,4167.0,0,13,70861989
1793,0,3,25761.0,49066.3,0,0,0
1487,2,1,5950.0,13523.2,5,10,51806682
1359,2,1,884.0,13562.8,5,6,8779210
1900,0,0,46.4,11246.8,7,0,0
840,0,3,30046.0,47646.0,0,0,0
2121,2,1,3403.0,31403.0,5,8,1005852
1457,2,4,2100.0,72652.0,0,0,0
879,2,1,6403.0,19030.3,5,9,85891317
2125,2,4,400.0,27591.3,0,0,0
1991,2,4,14.6,50961.6,6,0,0
1909,2,1,3489.0,71393.5,1,11,29040438
1657,0,0,79.3,19213.4,7,0,0
1596,0,0,128.5,30336.9,7,0,0
1657,0,0,273.9,49048.4,7,0,0
987,2,4,14.6,31055.6,6,0,0
1364,0,2,3390.0,20267.3,0,1,570375
790,0,3,10500.0,28420.9,0,0,0
1810,0,0,143.4,34678.6,7,0,0
1396,0,2,5196.0,21852.3,2,4,8807903
1180,2,1,2975.0,16199.9,5,4,41246616
1841,0,0,185.2,41611.0,7,0,0
1482,0,2,6022.0,21343.9,2,7,66209596
1177,2,1,2119.0,61335.0,1,2,63311707
1900,0,0,206.5,46467.8,7,0,0
1802,0,3,5000.0,37615.2,0,0,0
683,2,4,14.6,26518.8,6,0,0
1821,0,3,17644.0,34719.7,0,0,0
1292,2,4,14.6,41550.7,6,0,0
494,2,4,21200.0,49797.5,0,0,0
111,0,2,4212.0,17548.0,2,12,72322171
2123,2,1,3208.0,12163.4,5,2,20250928
1718,2,4,14.6,20261.7,6,0,0
827,0,3,500.0,500.0,0,0,0
1899,0,3,2700.0,29451.5,0,0,0
2121,0,3,11368.0,63856.6,0,0,0
735,2,4,2500.0,32097.6,0,0,0
2114,0,0,199.8,50263.1,7,0,0
1079,2,4,14.6,38060.4,6,0,0
1841,2,4,14.6,59795.2,6,0,0
1565,0,0,91.6,22553.1,7,0,0
439,2,4,14.6,21050.8,6,0,0
2092,2,4,4100.0,62392.4,0,0,0
2012,2,4,8700.0,24965.0,0,0,0
1727,2,4,29300.0,56805.2,0,0,0
2083,2,4,14.6,20729.6,6,0,0
1292,2,4,14.6,22973.1,6,0,0
1654,2,5,2100.0,60172.9,0,0,0
1646,2,4,3440.0,25411.5,0,0,0
2089,0,3,20016.0,36015.6,0,0,0
1504,0,0,230.8,46252.6,7,0,0
1370,2,4,3000.0,22694.0,0,0,0
1972,0,3,18993.0,68986.9,0,0,0
1458,0,2,3425.0,20790.6,0,3,89210503
1718,0,0,123.9,31421.7,7,0,0
1984,2,4,360.0,30921.2,0,0,0
1554,2,4,5160.0,42233.5,0,0,0
1476,2,4,30.0,2032.1,6,0,0
1626,2,4,14.6,34465.1,6,0,0
1262,2,4,1800.0,24398.6,0,0,0
1718,2,4,14.6,54745.2,6,0,0
1213,0,3,20010.0,57404.2,0,0,0
2107,2,4,3300.0,46476.3,0,0,0
1476,0,0,75.3,17078.1,7,0,0
1731,2,4,5700.0,18767.4,0,0,0
1390,2,1,6385.0,45874.1,5,9,88697516
1718,2,4,30.0,99284.1,6,0,0
1930,0,0,74.6,15998.1,7,0,0
1754,0,3,24368.0,90256.4,0,0,0
1124,2,4,3000.0,37480.8,0,0,0
729,2,4,870.0,22193.8,0,0,0
1929,0,3,11257.0,43012.7,0,0,0
743,2,4,3480.0,37091.9,0,0,0
1292,2,4,14.6,48448.2,6,0,0
2053,0,0,120.3,33917.5,7,0,0
509,2,1,2155.0,19514.5,1,7,21620893
2067,0,3,12138.0,61666.6,0,0,0
368,2,4,300.0,25632.3,0,0,0
1987,0,3,46861.0,82669.0,0,0,0
1930,0,0,66.5,14640.4,7,0,0
653,2,4,14.6,30577.5,6,0,0
2029,0,3,31547.0,64000.7,0,0,0
597,0,3,17623.0,47990.1,0,0,0
1648,0,3,1800.0,27177.0,0,0,0
2114,0,0,170.8,63720.7,7,0,0
845,2,1,123.0,24375.0,1,2,76187407
1823,2,5,1500.0,8486.4,0,0,0
1869,2,4,14.6,35768.2,6,0,0
2158,2,1,4456.0,77465.7,5,12,2289492
1776,2,5,1000.0,63325.0,0,0,0
1869,2,4,14.6,15307.6,6,0,0
904,0,3,5600.0,11995.6,0,0,0
1200,0,0,160.3,41300.8,7,0,0
1445,0,0,125.1,33589.5,7,0,0
865,0,3,2300.0,31108.3,0,0,0
667,0,3,10562.0,28220.7,0,0,0
1869,2,4,14.6,62527.1,6,0,0
1961,2,4,14.6,47056.9,6,0,0
1353,2,4,14.6,30831.4,6,0,0
1609,2,1,1785.0,13545.4,5,3,14724040
1657,2,4,14.6,13590.7,6,0,0
170,0,3,1100.0,1100.0,0,0,0
2001,0,2,5383.0,20646.7,2,13,91859644
1979,2,4,15600.0,36239.6,0,0,0
1841,2,4,14.6,23430.3,6,0,0
2053,2,4,14.6,16742.3,6,0,0
2090,0,2,5325.0,17151.2,2,1,73287576
1113,2,4,3500.0,22537.6,0,0,0
1542,0,2,43440.0,93303.3,0,11,25468045
1792,2,1,2013.0,46943.2,5,7,51578915
380,2,4,14.6,17053.7,6,0,0
690,0,3,28413.0,60545.9,0,0,0
2094,2,1,38.0,66988.7,1,11,13214141
1239,2,4,27200.0,102561.9,0,0,0
1390,0,3,12088.0,45916.6,0,0,0
911,2,4,3800.0,56395.4,0,0,0
1577,2,4,2640.0,19144.3,0,0,0
1092,2,1,646.0,33892.5,3,8,24150228
719,2,4,1200.0,35584.1,0,0,0
697,0,3,9167.0,84743.5,0,0,0
1640,2,4,800.0,11323.7,0,0,0
2175,0,0,293.8,69791.7,7,0,0
1122,2,1,2809.0,11322.2,5,7,20655334
2053,2,4,14.6,21754.7,6,0,0
1722,2,4,12700.0,22223.7,0,0,0
653,2,4,14.6,43488.1,6,0,0
1535,2,4,14.6,41092.4,6,0,0
1812,2,4,2700.0,48435.4,0,0,0
713,2,4,950.0,20187.1,0,0,0
1361,2,1,1374.0,51181.0,1,7,40625691
969,0,2,35557.0,85653.6,0,10,60952126
2114,0,0,347.1,86148.0,7,0,0
1459,0,3,1700.0,26024.2,0,0,0
1700,2,1,2637.0,11945.9,5,1,584811
1086,2,4,8700.0,44828.3,0,0,0
648,2,4,2280.0,38233.7,0,0,0
1724,2,4,900.0,11600.0,0,0,0
1967,0,3,5200.0,45121.6,0,0,0
1414,0,0,180.1,48197.3,7,0,0
1760,2,1,3723.0,60217.0,1,9,85721850
1592,2,4,2700.0,27492.6,0,0,0
1079,0,0,208.0,39232.1,7,0,0
1048,0,0,98.9,35883.9,7,0,0
1359,2,1,287.0,40720.5,1,6,31666642
1812,2,4,3000.0,36541.4,0,0,0
1726,1,4,8490.0,72200.1,0,0,0
575,0,3,1000.0,27937.6,0,0,0
1693,2,1,2094.0,18335.1,0,12,77653699
770,2,4,3900.0,38114.7,0,0,0
1930,0,0,157.3,31917.7,7,0,0
1945,2,4,28000.0,45472.7,0,0,0
286,2,4,2200.0,26478.5,0,0,0
1815,2,1,1748.0,60500.7,1,10,12887466
1090,2,1,9716.0,67051.2,5,1,72762232
745,2,4,14.6,14208.1,6,0,0
1384,0,0,171.7,42319.3,7,0,0
1909,2,1,6358.0,47929.6,5,7,74623369
2150,2,4,850.0,28671.2,0,0,0
1879,0,2,6541.0,53707.0,2,12,64665311
1757,1,4,16944.0,5646.5,0,0,0
1795,2,4,4700.0,66970.2,0,0,0
1152,0,3,9624.0,10024.0,0,0,0
541,2,1,1287.0,17156.2,1,3,41393333
1504,0,0,264.8,62024.5,7,0,0
56,0,2,5718.0,17695.8,2,11,45134812
1779,0,0,85.6,20535.3,7,0,0
1996,2,1,12445.0,52287.1,5,4,66254877
1018,0,0,57.7,14244.4,7,0,0
1793,0,3,2500.0,32592.1,0,0,0
1535,2,4,30.0,35791.3,6,0,0
1354,2,4,1400.0,45935.4,0,0,0
1779,2,4,14.6,32545.6,6,0,0
2022,0,0,145.9,34498.6,7,0,0
2034,0,2,44692.0,55182.6,0,11,21064383
2011,2,4,6900.0,82706.7,0,0,0
1953,2,4,21700.0,15851.6,0,0,0
1589,2,4,2320.0,16911.7,0,0,0
2083,0,0,65.7,15443.4,7,0,0
1606,0,2,6846.0,24782.7,2,12,87446176
1718,2,4,14.6,17370.6,6,0,0
1090,2,4,600.0,19647.1,0,0,0
1610,0,3,1400.0,56056.8,0,0,0
926,0,0,237.3,59685.6,7,0,0
2026,2,4,6900.0,81411.9,0,0,0
752,2,1,2144.0,20576.6,0,1,8294791
1445,0,0,295.8,51207.4,7,0,0
1100,2,4,29400.0,59925.2,0,0,0
1098,2,4,3600.0,26584.7,0,0,0
1476,0,0,94.1,14446.1,7,0,0
2153,2,4,1200.0,40488.8,0,0,0
500,2,4,14.6,47903.2,6,0,0
865,2,4,30.0,29116.2,6,0,0
2150,0,3,28840.0,70596.2,0,0,0
1500,0,3,1600.0,16178.9,0,0,0
1880,0,3,12786.0,44306.3,0,0,0
1540,2,1,2452.0,8800.6,5,13,87144583
1639,2,1,2991.0,40039.0,1,3,46898156
1718,2,4,14.6,26599.6,6,0,0
2149,2,1,1820.0,14719.8,0,3,10963404
1996,2,1,462.0,54302.1,3,9,71099632
1535,0,0,259.4,98273.9,7,0,0
2022,2,4,14.6,67081.3,6,0,0
2083,2,4,14.6,11933.4,6,0,0
1817,0,3,15332.0,41919.6,0,0,0
1688,0,0,175.6,43186.5,7,0,0
1268,2,1,186.0,13885.3,1,10,36693310
1397,0,3,1700.0,37193.2,0,0,0
879,0,2,6336.0,27236.6,2,1,4163349
2045,1,4,21880.0,95707.8,0,0,0
2033,2,1,141.0,17799.6,1,4,65748941
1110,2,4,14.6,12721.5,6,0,0
969,2,1,2489.3,45735.4,8,6,92821448
1900,0,0,307.7,68404.6,7,0,0
2083,2,4,14.6,18665.0,6,0,0
1053,2,1,82.0,83558.0,1,8,91551339
1755,0,2,3902.0,41244.0,0,3,39591199
1997,2,1,3068.0,34671.8,5,10,53192520
327,0,3,26242.0,55624.7,0,0,0
1392,0,2,48752.0,104702.7,0,7,51226520
1596,0,0,160.5,103701.8,7,0,0
2093,2,1,7775.0,36463.2,5,9,93521964
2053,2,4,14.6,34261.3,6,0,0
1292,0,0,332.7,75074.6,7,0,0
2053,2,4,14.6,13886.6,6,0,0
850,2,4,7800.0,34658.4,0,0,0
1718,2,4,14.6,48076.2,6,0,0
2020,2,4,14900.0,27879.7,0,0,0
1688,2,4,14.6,61073.5,6,0,0
2096,0,3,14963.0,22452.1,0,0,0
1565,0,0,315.1,70562.7,7,0,0
1579,2,1,2148.0,41158.7,1,7,83496254
1718,2,4,14.6,26112.4,6,0,0
1200,2,4,14.6,34609.1,6,0,0
926,0,0,126.3,23114.0,7,0,0
1930,0,0,292.4,67373.8,7,0,0
1863,2,4,17700.0,78596.2,0,0,0
1297,2,1,3598.0,30752.4,5,10,96207493
1079,2,4,14.6,24847.0,6,0,0
2127,2,1,434.0,13282.3,1,2,30392295
530,0,0,143.8,39081.8,7,0,0
1048,2,4,14.6,57992.0,6,0,0
690,2,4,1400.0,44996.9,0,0,0
1384,0,0,228.4,60680.7,7,0,0
2114,2,4,14.6,35933.3,6,0,0
1341,0,3,2600.0,17379.6,0,0,0
1855,0,2,3628.0,28928.5,0,2,77783214
1923,2,4,1050.0,18568.4,0,0,0
2022,0,0,60.1,14854.8,7,0,0
1150,2,1,4922.0,55544.3,5,4,49400448
1996,0,2,3420.0,22787.1,0,4,63548433
1657,2,4,14.6,41617.3,6,0,0
1749,0,0,169.5,41565.2,7,0,0
2157,0,3,31209.0,110825.2,0,0,0
2175,0,0,96.0,21902.0,7,0,0
2128,2,1,1341.0,29669.8,1,4,52766847
1825,2,4,3000.0,62766.7,0,0,0
1495,2,4,2400.0,26624.9,0,0,0
1724,0,3,20285.0,39249.9,0,0,0
1688,2,4,14.6,42264.7,6,0,0
1991,0,0,118.0,34081.7,7,0,0
1704,0,3,25067.0,55355.8,0,0,0
1323,0,0,222.2,49182.7,7,0,0
1900,0,0,200.6,30920.4,7,0,0
1670,0,2,3456.0,17937.7,0,2,81058329
1485,2,1,2715.0,12717.1,5,12,67460548
2083,0,0,175.5,40087.2,7,0,0
895,0,0,109.8,24073.5,7,0,0
1325,2,4,2800.0,22722.7,0,0,0
1888,2,4,11600.0,45590.9,0,0,0
667,0,3,18068.0,43866.6,0,0,0
1848,2,1,361.0,11095.3,1,9,66210120
1018,2,4,3240.0,34973.0,0,0,0
1670,0,2,3401.0,25826.3,0,12,78724664
1579,2,1,2745.0,28608.6,5,8,98407303
393,0,3,1400.0,28113.3,0,0,0
2114,2,4,30.0,19394.6,6,0,0
2083,2,4,14.6,16435.5,6,0,0
1830,2,4,560.0,20483.0,0,0,0
2083,0,0,79.5,18983.6,7,0,0
1048,2,4,14.6,36675.9,6,0,0
1323,2,4,100.0,44914.4,6,0,0
1414,0,0,211.7,44143.5,7,0,0
1047,2,4,7100.0,25979.7,0,0,0
811,2,4,6200.0,28911.8,0,0,0
1504,0,0,69.3,16294.0,7,0,0
1483,2,1,1388.0,21277.0,1,4,4071104
626,2,4,5500.0,31034.7,0,0,0
2127,2,1,3365.0,24105.0,5,12,86708855
2052,2,4,7800.0,15392.2,5,0,0
2029,0,2,3391.0,16399.6,0,1,61522686
1696,2,1,7793.0,42791.4,3,5,93110262
1200,0,0,176.1,42681.8,7,0,0
375,2,4,1650.0,12961.4,0,0,0
1422,2,1,1215.0,20773.0,1,6,80516755
1468,2,4,2040.0,58074.1,0,0,0
1253,2,4,5800.0,31683.8,0,0,0
1414,2,4,14.6,14242.8,6,0,0
1297,0,3,9376.0,38029.8,0,0,0
1596,2,4,14.6,28018.7,6,0,0
937,2,4,14400.0,12781.9,0,0,0
2022,0,0,279.2,56771.3,7,0,0
1505,2,4,15600.0,43400.2,0,0,0
1059,0,3,17638.0,60525.5,0,0,0
1448,0,3,2000.0,64086.3,0,0,0
1596,2,4,14.6,24133.1,6,0,0
1465,2,4,9100.0,51494.3,0,0,0
1961,2,4,14.6,23946.0,6,0,0
372,2,4,3240.0,31551.9,0,0,0
1809,0,3,32153.0,141146.2,0,0,0
751,2,1,1862.0,13371.3,1,7,15075981
1238,2,4,18880.0,15819.0,0,0,0
1323,2,4,14.6,36277.5,6,0,0
1509,0,3,14301.0,29261.3,0,0,0
2132,2,4,23300.0,50487.2,0,0,0
2114,0,0,33.0,4393.5,7,0,0
1268,2,1,2264.0,26133.9,1,9,32205635
1971,2,4,8800.0,57035.0,0,0,0
883,0,3,44942.0,89680.9,0,0,0
1414,0,0,72.4,17124.2,7,0,0
2058,2,1,1934.0,9841.8,5,1,34624809
1820,2,4,5300.0,33038.5,0,0,0
1799,2,4,10000.0,43417.2,0,0,0
1653,2,4,4440.0,50414.0,0,0,0
1910,2,1,9749.0,29882.4,5,9,57185012
2144,2,4,14.6,23710.6,6,0,0
1817,0,2,5941.0,37461.3,2,12,43765747
1238,2,1,1791.0,63358.6,5,12,48774606
1827,2,4,6900.0,13887.5,0,0,0
2125,2,1,1294.0,8238.7,5,1,68339317
1937,0,2,2925.0,20041.6,0,8,57388836
1547,2,1,4362.7,67661.0,8,12,37543189
1927,0,3,3200.0,31428.1,0,0,0
1869,0,0,107.5,26326.3,7,0,0
1414,2,4,1100.0,43348.2,0,0,0
1476,2,4,14.6,29423.3,6,0,0
1745,2,4,3360.0,28301.4,0,0,0
2144,2,4,14.6,25407.7,6,0,0
1431,2,4,21500.0,29667.5,0,0,0
1490,0,3,19612.0,46953.2,0,0,0
1846,2,1,2039.0,17291.3,1,11,19973844
1465,0,3,8200.0,22262.2,0,0,0
1375,0,3,40399.0,130545.7,0,0,0
1878,2,4,11200.0,36242.7,0,0,0
1961,2,4,14.6,34353.0,6,0,0
2047,2,4,14200.0,69164.5,0,0,0
1231,0,0,435.8,100139.2,7,0,0
773,0,0,67.0,16492.6,7,0,0
2022,2,4,14.6,108479.1,6,0,0
994,2,1,395.0,17059.2,0,7,59350305
2114,2,4,14.6,34927.4,6,0,0
1914,2,1,1141.0,16200.1,0,13,58550822
530,0,0,180.0,54355.6,7,0,0
1492,2,4,19200.0,32932.4,0,0,0
2109,0,3,22233.0,111171.7,0,0,0
1969,2,4,2300.0,32726.5,0,0,0
1974,2,4,2400.0,59949.9,0,0,0
926,0,0,308.8,59360.6,7,0,0
636,2,1,4109.0,50651.6,5,2,61095434
2067,0,3,7425.0,33589.4,0,0,0
1976,2,4,6200.0,15341.8,0,0,0
1713,2,4,4400.0,29797.2,0,0,0
2103,2,4,8100.0,27872.3,0,0,0
811,2,4,4200.0,78990.3,0,0,0
1749,0,0,121.7,29717.7,7,0,0
693,0,3,15738.0,101246.8,0,0,0
653,0,0,126.8,29453.1,7,0,0
2022,0,0,165.2,33480.4,7,0,0
1829,2,4,4500.0,31914.8,0,0,0
1103,2,4,13800.0,7445.1,0,0,0
1136,2,4,420.0,15969.3,0,0,0
1596,2,4,14.6,29341.1,6,0,0
2175,0,0,67.7,14836.9,7,0,0
1696,2,4,42600.0,75734.3,0,0,0
1773,2,4,27100.0,70908.3,0,0,0
804,0,0,153.9,37882.5,7,0,0
1810,0,0,11.6,28725.6,7,0,0
2051,2,4,200.0,48171.6,0,0,0
1877,2,1,2160.0,62707.3,3,6,117952
1913,2,1,9023.0,69825.8,5,13,82284283
1900,0,0,128.8,25362.0,7,0,0
1930,0,0,93.8,22456.5,7,0,0
2114,0,0,167.1,40956.4,7,0,0
2114,2,4,14.6,29178.7,6,0,0
1270,2,1,897.0,23010.1,1,8,42143994
1966,2,1,6554.0,31727.1,5,13,10198331
1184,2,1,2196.0,26175.2,3,3,12796581
970,2,1,1969.0,45200.5,3,13,3555155
1853,2,1,6780.0,35470.7,5,6,66975450
1718,0,0,72.6,17880.2,7,0,0
623,0,3,1000.0,1000.0,0,0,0
1458,0,3,15263.0,35964.8,0,0,0
2011,2,4,960.0,51342.8,0,0,0
1335,2,4,4800.0,33346.7,0,0,0
1968,2,1,9094.0,3460.6,5,3,96798324
1535,2,4,14.6,34288.1,6,0,0
1377,0,3,38752.0,73983.1,0,0,0
1810,0,0,56.6,13005.8,7,0,0
1579,2,1,5618.0,51279.7,5,8,26255619
1414,2,4,14.6,44093.8,6,0,0
1869,2,4,14.6,82035.5,6,0,0
1231,0,0,103.9,25415.8,7,0,0
636,0,2,3198.0,27117.3,0,5,69613659
949,2,4,11400.0,45980.4,0,0,0
1481,0,3,5740.0,26707.8,0,0,0
2001,0,3,6926.0,35536.7,0,0,0
1986,0,3,24108.0,37977.7,0,0,0
1445,0,0,145.6,24350.2,7,0,0
1529,0,3,39833.0,89459.8,0,0,0
2003,2,1,68.0,41078.2,3,3,62852764
740,2,4,5400.0,54520.7,0,0,0
2175,0,0,233.1,60282.0,7,0,0
1928,2,4,14700.0,60668.5,0,0,0
2165,2,5,900.0,48491.8,0,0,0
1869,2,4,14.6,12645.5,6,0,0
1090,2,4,24300.0,79179.8,0,0,0
2031,1,4,20750.0,38889.9,0,0,0
1718,0,0,344.5,73389.5,7,0,0
1909,2,1,5262.0,31704.9,5,8,88771032
1139,0,0,229.7,51495.2,7,0,0
1609,0,3,15666.0,44270.0,0,0,0
1079,0,0,77.9,18854.6,7,0,0
1414,0,0,173.9,71099.8,7,0,0
416,2,4,25600.0,49510.6,0,0,0
790,1,4,21175.0,30692.0,0,0,0
541,2,1,261.0,65202.1,1,13,33896279
1190,0,3,8627.0,33560.2,0,0,0
353,2,4,2640.0,13490.7,0,0,0
1126,0,3,700.0,700.0,0,0,0
989,2,4,2600.0,41210.1,0,0,0
908,2,4,3500.0,47536.1,0,0,0
1821,0,3,15761.0,41128.4,0,0,0
68,2,4,1300.0,28557.6,0,0,0
1097,2,4,360.0,20019.1,0,0,0
1815,2,1,3389.0,37336.8,1,11,94022273
683,0,0,73.6,17767.0,7,0,0
2125,0,3,9829.0,85558.7,0,0,0
1718,0,0,150.8,34962.7,7,0,0
2053,2,4,14.6,35904.3,6,0,0
1455,2,4,180.0,41177.5,0,0,0
1705,0,3,1300.0,26799.3,0,0,0
1549,2,1,1290.0,26204.8,5,9,36950737
977,0,3,1100.0,16428.6,0,0,0
1495,1,4,22193.0,57841.8,0,0,0
1558,2,4,300.0,12958.2,0,0,0
865,2,4,14.6,19595.2,6,0,0
1120,0,2,33747.0,62300.6,0,1,75835334
1602,0,2,65392.0,127698.4,0,13,34965741
816,0,3,6446.0,35045.4,0,0,0
692,0,3,7300.0,9883.8,0,0,0
344,0,3,3200.0,23005.0,0,0,0
1008,2,4,2800.0,28815.5,0,0,0
1801,2,4,8700.0,43358.8,0,0,0
2034,2,4,1800.0,38264.5,0,0,0
1243,2,1,4771.0,45148.2,5,11,38533955
1504,0,0,164.5,39271.4,7,0,0
1879,2,1,1268.0,44595.6,1,7,55095195
1152,2,1,6061.0,44346.9,5,2,67077487
683,2,4,14.6,19119.8,6,0,0
1784,0,2,5674.0,16898.5,2,10,14832181
865,0,0,183.4,43470.5,7,0,0
1124,2,1,4495.0,97318.3,5,8,390536
418,0,3,46896.0,70462.0,0,0,0
240,2,1,2039.0,30924.0,5,8,32430213
1005,0,3,1600.0,31729.6,0,0,0
1601,2,1,210.0,43105.6,1,3,3710729
530,0,0,85.6,21412.4,7,0,0
2060,2,4,1200.0,21628.1,0,0,0
1749,0,0,59.3,14415.1,7,0,0
834,0,0,195.5,26911.2,7,0,0
2061,0,2,25204.0,92878.3,0,7,41725522
1991,2,4,14.6,46867.2,6,0,0
1303,0,3,8608.0,27982.9,0,0,0
1090,0,2,3378.0,15178.2,0,4,99959903
513,2,1,5915.0,67842.6,1,3,18397510
1693,0,3,18788.0,53172.6,0,0,0
1241,2,4,28800.0,50613.4,0,0,0
2083,2,4,14.6,24270.2,6,0,0
597,2,1,689.0,21348.9,3,7,92217593
2037,0,3,1300.0,68052.7,0,0,0
2083,0,0,252.1,65035.6,7,0,0
2095,2,1,6031.8,39340.0,8,3,86233681
1079,2,4,14.6,21343.8,6,0,0
2155,0,3,25964.0,63598.5,0,0,0
1476,2,4,14.6,14648.6,6,0,0
622,0,0,102.9,24909.6,7,0,0
1122,0,2,3150.0,15551.7,0,12,39177346
1335,2,4,12300.0,38339.4,0,0,0
1749,0,0,124.3,30109.7,7,0,0
1110,0,0,66.4,13692.2,7,0,0
1971,2,1,1119.0,68161.5,5,7,98788070
1853,2,1,3637.0,19237.0,5,11,32868296
469,2,4,14.6,16355.9,6,0,0
937,2,1,6508.0,16950.7,5,7,53933286
1961,0,0,108.3,23035.5,7,0,0
1696,0,2,3046.0,31940.2,0,1,94842952
2066,0,2,4412.0,24165.4,2,10,45808875
1930,2,4,14.6,54871.0,6,0,0
2175,0,0,269.4,64740.1,7,0,0
723,0,3,24144.0,59111.6,0,0,0
1626,0,0,175.4,38806.5,7,0,0
1384,0,0,84.6,28445.4,7,0,0
2144,2,4,14.6,62098.2,6,0,0
474,2,4,1500.0,32693.3,0,0,0
1930,2,4,14.6,32348.7,6,0,0
1370,2,4,700.0,73411.4,0,0,0
1075,2,4,1100.0,19434.4,0,0,0
987,0,0,187.1,42150.6,7,0,0
1417,0,3,14876.0,26133.1,0,0,0
1577,0,3,4441.0,20496.2,0,0,0
2142,2,5,3200.0,64453.4,0,0,0
1718,2,4,14.6,15288.8,6,0,0
1718,0,0,95.8,23752.1,7,0,0
1941,1,4,3450.0,82333.2,0,0,0
530,2,4,30.0,91943.9,6,0,0
1504,0,0,59.1,14077.1,7,0,0
945,1,4,11249.0,48997.2,0,0,0
1471,2,4,270.0,16027.3,0,0,0
1462,2,4,2300.0,41279.3,0,0,0
1900,2,4,14.6,70667.9,6,0,0
966,2,4,20800.0,85856.7,0,0,0
753,2,4,1800.0,22288.4,0,0,0
834,2,4,14.6,52599.5,6,0,0
1749,0,0,343.7,54738.5,7,0,0
1456,2,4,210.0,17505.7,0,0,0
1292,2,4,14.6,15945.7,6,0,0
1084,0,2,3270.0,25637.9,0,4,32372063
792,0,3,49809.0,151587.4,0,0,0
592,0,0,104.7,21971.5,7,0,0
1936,2,1,1378.0,57033.4,1,9,71826153
1996,0,3,7867.0,12068.1,0,0,0
1846,0,3,46427.0,129213.9,0,0,0
2119,2,1,829.0,54793.7,1,5,14356726
1332,2,1,6860.0,35649.0,3,12,80008905
1644,2,4,16500.0,44258.1,0,0,0
1943,2,1,392.0,25218.6,5,10,38680678
2022,0,0,83.2,17390.1,7,0,0
1856,0,3,1000.0,70076.9,0,0,0
420,0,2,3364.0,7338.0,0,5,11416083
1476,0,0,86.7,16104.0,7,0,0
895,0,0,189.6,50455.2,7,0,0
1399,2,4,1000.0,61421.2,0,0,0
2030,0,3,12100.0,48889.2,0,0,0
1961,2,4,14.6,70910.8,6,0,0
664,2,1,3056.0,32485.2,1,2,69099885
499,2,4,20400.0,49795.0,0,0,0
1323,2,4,14.6,49690.5,6,0,0
1476,0,0,15.2,2907.0,7,0,0
1975,2,4,8100.0,54421.6,0,0,0
1755,2,1,8253.0,10621.6,3,11,82754003
2088,0,3,16490.0,24331.1,0,0,0
1733,2,4,7500.0,59666.6,0,0,0
658,2,4,2700.0,25663.3,0,0,0
1063,2,4,1120.0,73547.7,0,0,0
1513,0,3,100.0,13011.5,0,0,0
2053,2,4,14.6,44949.4,6,0,0
1458,2,4,3300.0,38917.7,0,0,0
1212,2,1,2280.0,18302.2,5,5,90659772
1105,2,4,2300.0,26807.5,0,0,0
1269,2,4,700.0,31653.1,0,0,0
2073,2,4,6300.0,32380.0,0,0,0
2153,2,4,13600.0,57104.7,0,0,0
1513,0,3,14728.0,25957.6,0,0,0
602,2,1,506.0,19006.2,5,6,37816989
1669,2,1,1846.0,63476.5,8,12,33332234
1353,0,0,130.1,30614.2,7,0,0
2022,0,0,96.2,19925.1,7,0,0
1787,0,2,29270.0,54605.7,0,13,72882389
2067,2,1,2196.0,44693.1,3,3,12796581
1261,2,4,14.6,27026.8,6,0,0
1849,0,2,10874.0,24872.8,0,5,23014337
2152,2,4,570.0,24600.7,0,0,0
1854,0,3,16592.0,32830.0,0,0,0
2168,2,4,510.0,41599.5,0,0,0
932,2,4,3600.0,31271.1,0,0,0
2122,0,2,40377.0,56050.6,0,10,78757834
2033,2,4,1260.0,27745.1,0,0,0
1779,0,0,118.0,32297.3,7,0,0
1384,0,0,138.2,33879.9,7,0,0
1249,2,4,2480.0,18393.1,0,0,0
956,0,3,400.0,34571.6,0,0,0
1930,0,0,108.8,25810.2,7,0,0
1426,2,1,2434.0,72692.3,5,3,56025850
1305,2,1,2158.0,39648.5,1,3,26569271
1031,0,3,1900.0,23510.7,0,0,0
1944,2,1,3826.0,10042.9,5,2,52769649
1939,2,1,742.0,26892.7,1,3,27974027
2053,2,4,14.6,25113.2,6,0,0
1840,0,3,8900.0,43453.0,0,0,0
1212,2,1,324.0,48186.7,5,5,68540710
1477,2,4,4080.0,25626.3,0,0,0
2157,2,4,9800.0,23775.3,0,0,0
511,2,1,4.0,62900.2,1,10,17516535
1452,2,4,25600.0,50699.7,0,0,0
1669,2,1,3298.3,8897.5,8,13,8448315
575,0,3,9298.0,40899.5,0,0,0
926,0,0,68.9,18203.8,7,0,0
1663,0,2,6228.0,29957.0,2,10,79055952
1170,2,4,14.6,31159.0,6,0,0
1565,0,0,128.3,32066.4,7,0,0
1657,2,4,14.6,39907.0,6,0,0
1092,2,4,2400.0,18738.6,0,0,0
1488,2,1,633.0,22245.6,8,11,18494886
943,0,3,1300.0,26644.4,0,0,0
2002,0,3,16192.0,50335.2,0,0,0
1816,2,4,1200.0,38229.8,0,0,0
1379,2,4,16100.0,97980.3,0,0,0
1942,2,1,5333.0,33374.9,5,11,57180392
1501,2,4,2880.0,29839.0,0,0,0
2071,0,3,45814.0,102716.4,0,0,0
1511,2,1,2659.0,23440.5,5,11,99641459
1390,0,3,300.0,18689.9,0,0,0
1116,0,3,10300.0,31767.1,0,0,0
1657,0,0,157.6,37852.4,7,0,0
1971,2,4,7680.0,27971.2,0,0,0
1810,2,4,14.6,39147.7,6,0,0
2156,2,1,872.0,57047.1,8,4,75250422
1900,2,4,14.6,-13832.8,6,0,0
301,2,4,7700.0,33606.7,0,0,0
1040,2,4,18400.0,52494.8,0,0,0
1663,2,1,793.0,50718.5,1,10,45814847
1900,0,0,72.7,15124.3,7,0,0
1504,2,4,14.6,12602.7,6,0,0
2060,0,3,16339.0,68029.9,0,0,0
1070,2,4,6600.0,47845.4,0,0,0
2053,0,0,72.8,15992.8,7,0,0
1839,2,4,300.0,16317.9,0,0,0
2114,2,4,14.6,27713.0,6,0,0
1231,0,0,240.6,60467.2,7,0,0
2090,0,2,3216.0,34335.3,0,13,11388463
1456,2,4,18200.0,80511.6,0,0,0
330,2,1,3918.2,48766.1,8,12,42583918
2083,2,4,14.6,47859.3,6,0,0
2093,0,2,3756.0,85329.9,0,1,55015951
1200,2,4,1750.0,41763.4,0,0,0
1999,2,1,7.0,47195.1,1,6,25682276
1535,2,4,14.6,29616.0,6,0,0
1147,0,2,5224.0,30725.5,2,7,4420382
1828,0,3,20257.0,120142.4,0,0,0
1726,0,2,4600.0,14858.6,2,11,78127258
1779,2,4,14.6,36015.7,6,0,0
1414,0,0,112.3,24404.1,7,0,0
1300,0,3,700.0,700.0,0,0,0
1488,2,1,4353.0,67994.4,5,6,13736939
1554,0,3,26994.0,98834.3,0,0,0
957,0,0,123.8,30688.0,7,0,0
2096,2,1,467.0,32752.7,1,13,6307900
1299,0,3,19889.0,41089.4,0,0,0
1242,2,4,23200.0,67538.8,0,0,0
781,0,3,15460.0,49769.9,0,0,0
1869,2,4,14.6,56188.7,6,0,0
1455,2,4,3240.0,21889.4,0,0,0
2005,0,3,48586.0,120312.6,0,0,0
1367,2,1,2148.0,40212.3,1,7,83496254
1514,0,3,17778.0,35814.0,0,0,0
1120,0,2,2994.0,26215.8,0,13,9059656
1695,2,1,3134.0,58184.5,5,3,46205991
318,2,4,14.6,25122.6,6,0,0
1414,0,0,100.2,31264.7,7,0,0
271,0,2,6193.0,28319.0,2,13,23076516
1874,0,3,6342.0,32591.5,0,0,0
1565,0,0,366.1,92767.0,7,0,0
1977,2,4,3700.0,24809.5,0,0,0
1626,0,0,72.6,16682.3,7,0,0
1274,2,4,1600.0,27582.4,0,0,0
2149,0,3,25759.5,72772.7,0,0,0
663,2,1,331.0,93578.9,1,12,57294940
1898,2,4,3900.0,35299.3,0,0,0
1110,2,4,14.6,3725.2,6,0,0
1646,1,4,5291.0,6057.5,0,0,0
1900,0,0,221.3,41346.7,7,0,0
450,2,4,1900.0,30918.4,0,0,0
831,2,4,6000.0,31737.7,0,0,0
1961,2,4,14.6,53530.1,6,0,0
969,0,3,40697.0,64507.4,0,0,0
965,0,3,23973.0,63341.2,0,0,0
1367,2,1,4015.0,20701.2,1,12,69901072
2053,0,0,276.9,70115.2,7,0,0
1719,2,4,5100.0,63769.6,0,0,0
1456,0,3,9988.0,24419.6,0,0,0
2156,2,4,2800.0,72360.3,0,0,0
1749,0,0,85.4,21020.8,7,0,0
1895,0,3,25045.0,58482.7,0,0,0
530,0,0,71.7,10228.9,7,0,0
1504,2,4,14.6,3221.1,6,0,0
2053,2,4,100.0,33740.2,6,0,0
1087,2,1,728.0,41949.4,1,1,13954824
170,2,4,9000.0,33940.3,0,0,0
2053,2,4,14.6,29232.1,6,0,0
1579,0,3,12509.0,38075.6,0,0,0
1841,2,4,14.6,26830.7,6,0,0
1424,2,1,5447.0,51099.4,1,13,55472403
693,0,3,23562.0,64086.2,0,0,0
1841,0,0,127.2,26005.7,7,0,0
1823,2,1,6940.0,41665.6,5,6,76620852
1391,0,2,5039.0,33121.9,2,7,22131634
500,2,4,14.6,22001.1,6,0,0
1088,0,3,900.0,29159.0,0,0,0
1455,0,2,6868.0,26493.1,2,8,80112600
1991,2,4,14.6,26786.9,6,0,0
729,0,3,47007.0,112190.8,0,0,0
1046,2,4,9400.0,46531.3,0,0,0
1694,2,1,3230.0,13253.7,5,5,18161338
661,2,1,2298.0,14528.8,0,11,90846919
2124,2,1,95.0,59561.2,3,13,17035544
1841,0,0,139.9,21441.7,7,0,0
1524,2,4,14400.0,74347.6,0,0,0
2065,2,1,7501.0,50346.3,5,1,74414473
1900,2,4,14.6,67972.0,6,0,0
227,2,4,14.6,16216.7,6,0,0
1718,2,4,14.6,40286.5,6,0,0
2114,2,4,14.6,44528.4,6,0,0
1331,2,1,70.0,16817.4,3,13,35417062
1979,2,4,31600.0,74657.6,0,0,0
785,2,1,8975.0,35765.1,8,1,75855749
1461,2,4,1500.0,32781.4,0,0,0
1991,0,0,79.4,15426.4,7,0,0
1624,2,4,1560.0,16300.2,0,0,0
773,0,3,9000.0,14277.4,0,0,0
1718,0,0,166.4,39948.4,7,0,0
1657,2,4,14.6,43056.1,6,0,0
1535,0,0,203.6,49022.0,7,0,0
1649,0,3,200.0,28175.5,0,0,0
2144,2,4,14.6,11663.9,6,0,0
1303,2,4,1800.0,36787.6,0,0,0
1504,2,4,14.6,29577.8,6,0,0
1596,2,4,14.6,22536.4,6,0,0
1565,2,4,14.6,12739.1,6,0,0
330,2,1,4399.0,21657.5,8,6,33709621
172,0,3,23833.0,70645.0,0,0,0
1961,2,4,14.6,116736.3,6,0,0
2065,1,4,6864.0,79285.7,0,0,0
1170,2,4,14.6,20977.5,6,0,0
1532,2,4,15100.0,44952.6,0,0,0
318,0,0,45.1,19132.1,7,0,0
846,0,3,14631.0,52093.7,0,0,0
2122,2,1,3207.0,56225.1,5,13,40506255
1079,2,4,14.6,57941.3,6,0,0
1153,2,1,2783.0,23707.4,5,5,17050385
2027,2,1,5673.0,71637.7,5,8,98150521
1786,0,3,11826.0,27861.8,0,0,0
1565,2,4,1360.0,16848.5,0,0,0
2063,2,1,2564.0,10552.7,5,10,74001115
1548,2,1,9516.0,56946.9,5,2,73520475
1610,2,1,7844.0,45347.6,5,1,56361120
1565,0,0,123.7,28066.6,7,0,0
844,2,1,4376.0,28622.6,5,1,38360536
1459,0,3,29521.0,85781.9,0,0,0
1970,0,3,8528.0,27758.6,0,0,0
1968,2,1,199.0,19129.6,0,2,54220384
1779,2,4,11200.0,74411.5,0,0,0
1991,2,4,14.6,60689.5,6,0,0
1900,2,4,300.0,28444.5,0,0,0
1353,2,4,14.6,39341.5,6,0,0
1488,2,1,4953.0,29675.9,3,1,50632536
943,2,4,16900.0,45298.1,0,0,0
1869,0,0,141.9,72939.6,7,0,0
1626,0,0,79.1,16459.5,7,0,0
771,2,4,200.0,21935.9,0,0,0
488,2,4,1040.0,19802.7,0,0,0
1504,2,4,14.6,38848.9,6,0,0
352,2,4,600.0,38858.5,0,0,0
1817,2,4,840.0,26229.7,0,0,0
1942,2,4,1040.0,22423.7,0,0,0
1624,2,4,10200.0,40377.0,0,0,0
1970,2,1,53.0,26522.3,3,6,13783419
2114,0,0,109.3,22133.1,7,0,0
1762,2,1,533.0,23011.7,1,7,90660798
2083,2,4,14.6,66877.3,6,0,0
1975,0,2,5774.0,44032.3,2,1,63965362
1800,2,4,10800.0,41312.5,0,0,0
1969,2,4,5550.0,24834.2,0,0,0
1170,0,0,240.0,58112.0,7,0,0
1180,2,1,3261.0,18498.3,5,3,63280850
1749,2,4,14.6,55818.7,6,0,0
1516,2,1,143.0,27958.7,1,9,30437541
2090,2,1,1124.0,18290.5,3,6,28216910
834,0,0,117.7,29839.9,7,0,0
2065,0,3,21788.0,41767.9,0,0,0
1688,2,4,14.6,29362.3,6,0,0
1578,2,1,3157.0,42936.3,5,2,85834467
1423,0,3,7677.0,44280.5,0,0,0
1456,0,3,14846.0,51768.2,0,0,0
2083,0,0,263.6,89203.1,7,0,0
736,2,4,1200.0,26609.7,0,0,0
1200,2,4,30.0,35352.5,6,0,0
2053,2,4,14.6,28909.7,6,0,0
1292,2,4,14.6,25853.8,6,0,0
477,0,2,44333.0,98041.7,0,13,2834439
1234,2,4,1280.0,16924.5,0,0,0
1353,2,4,14.6,31851.3,6,0,0
2175,0,0,227.8,61217.9,7,0,0
1626,2,4,14.6,19615.2,6,0,0
2093,2,4,20700.0,19981.9,0,0,0
535,2,1,1843.0,19094.1,5,9,36736953
1869,0,0,171.2,38396.4,7,0,0
208,2,1,3360.0,20759.0,5,6,88522523
1323,0,0,209.7,51351.7,7,0,0
1607,0,2,56756.0,117146.8,0,10,99876164
2022,0,0,88.8,21471.7,7,0,0
1471,2,5,1700.0,65148.6,0,0,0
1504,0,0,168.2,61764.8,7,0,0
1048,0,0,114.6,24880.5,7,0,0
1815,0,3,6511.0,62006.5,0,0,0
2067,2,1,1019.0,12887.6,3,3,97367155
1789,0,3,13194.0,89961.7,0,0,0
1626,0,0,117.7,21518.8,7,0,0
1231,0,0,239.5,61134.1,7,0,0
1474,2,4,600.0,30642.1,0,0,0
1980,2,4,5700.0,47058.5,0,0,0
2114,2,4,14.6,74789.1,6,0,0
2059,0,2,3498.0,19015.0,0,13,6397539
1384,0,0,155.9,36951.3,7,0,0
1526,2,4,3360.0,22217.3,0,0,0
1445,2,4,14.6,33143.0,6,0,0
1892,2,4,420.0,25265.1,0,0,0
818,2,1,118.0,48087.3,3,6,42836803
1759,0,2,4337.0,34296.2,2,3,41213739
1514,2,4,600.0,82322.9,0,0,0
1936,2,1,4898.0,13611.1,5,1,34779352
1991,0,0,79.9,18186.3,7,0,0
1018,0,0,163.7,39758.3,7,0,0
1818,0,3,10391.0,53391.1,0,0,0
2001,2,4,23300.0,58060.2,0,0,0
1623,2,4,10600.0,15755.2,0,0,0
804,0,0,128.0,31243.4,7,0,0
1965,2,4,24700.0,11244.6,0,0,0
1110,0,0,159.0,36909.3,7,0,0
848,2,1,573.0,27808.4,1,3,71167778
987,2,4,30.0,50189.1,6,0,0
2154,2,1,4764.0,42011.6,1,1,9366584
1897,2,5,4000.0,35429.3,0,0,0
1504,2,4,14.6,25594.0,6,0,0
1240,2,4,11600.0,20377.3,0,0,0
1535,2,4,14.6,60343.3,6,0,0
1614,2,5,2200.0,76570.1,0,0,0
1944,2,4,1120.0,29913.7,0,0,0
834,2,4,14.6,23604.3,6,0,0
1741,1,4,5157.0,65422.3,0,0,0
1384,0,0,82.5,20460.5,7,0,0
1788,2,1,1247.0,37952.8,1,1,19860339
1529,0,3,36966.0,90836.2,0,0,0
821,2,4,9400.0,36576.0,0,0,0
1056,2,1,3912.0,29408.2,1,9,85800695
1414,2,4,14.6,29624.0,6,0,0
1572,2,1,3204.0,19124.0,5,2,74252974
1608,0,2,4339.0,18583.5,2,13,63160800
1827,2,4,1000.0,19947.1,0,0,0
1048,2,4,14.6,17922.7,6,0,0
1048,0,0,201.2,48321.2,7,0,0
1869,0,0,201.3,51277.7,7,0,0
2083,2,4,14.6,22424.6,6,0,0
1413,2,4,1520.0,17396.6,0,0,0
688,0,3,22857.0,57031.2,0,0,0
1906,0,3,24941.0,64256.3,0,0,0
2029,2,1,75.0,38895.6,3,9,82856064
1168,0,3,19728.0,62361.2,0,0,0
1816,2,1,6342.0,50004.5,5,11,40210610
1664,0,3,17104.0,49278.0,0,0,0
2149,0,2,47472.0,77168.3,0,4,8007508
754,2,4,2100.0,25728.1,0,0,0
1414,2,4,14.6,25378.1,6,0,0
647,0,3,15326.0,104553.0,0,0,0
1232,0,3,37404.0,144716.5,0,0,0
2030,2,1,118.0,74534.0,3,1,89206337
2114,2,4,14.6,81471.6,6,0,0
1960,2,4,12400.0,51986.1,0,0,0
1804,2,4,4500.0,32468.6,0,0,0
1119,2,1,2791.0,26389.5,1,10,64506924
1581,2,4,200.0,27155.3,0,0,0
2005,0,3,7832.0,30188.2,0,0,0
1062,0,2,4798.0,9807.8,2,3,72355246
1601,0,3,19689.0,44296.5,0,0,0
570,0,2,49590.0,79711.7,0,5,58325630
537,2,4,2600.0,20800.0,0,0,0
1697,0,3,17495.0,66426.4,0,0,0
975,0,3,1300.0,39200.7,0,0,0
1596,2,4,14.6,52470.5,6,0,0
1363,2,1,3016.0,17066.3,5,6,97764080
1438,0,3,700.0,700.0,0,0,0
1425,2,1,8866.0,50908.7,5,12,31715512
1869,2,4,5640.0,28014.1,0,0,0
1930,0,0,145.7,35779.3,7,0,0
1414,0,0,139.2,32042.4,7,0,0
1332,2,1,6545.0,41520.5,5,6,33408683
1937,2,1,5262.0,37287.7,5,11,19336450
1519,2,4,44700.0,49626.8,0,0,0
1058,2,4,2800.0,32644.4,0,0,0
957,0,0,162.1,56966.8,7,0,0
1700,2,1,2819.8,22819.7,8,13,21099597
1211,0,2,23914.0,58090.8,0,12,83349090
2144,2,4,14.6,59759.4,6,0,0
1913,2,1,8561.0,51764.6,5,10,88771885
1791,2,1,1045.0,62434.6,8,11,65873688
876,2,1,9698.0,62503.4,5,3,48173946
297,2,1,6786.0,37873.1,5,9,50382167
1671,2,1,2075.0,17675.9,5,1,62426316
1831,2,4,1600.0,34152.1,0,0,0
1831,2,4,7600.0,6597.9,0,0,0
1877,2,4,22600.0,48011.5,0,0,0
1182,2,1,1974.0,30897.1,8,5,9768981
592,2,4,14.6,33948.3,6,0,0
2175,0,0,317.3,91700.8,7,0,0
987,0,0,82.6,18273.9,7,0,0
1390,2,1,9220.0,31615.1,5,3,62427842
1877,0,3,5402.0,33990.6,0,0,0
1869,0,0,115.5,31202.0,7,0,0
1378,0,3,31193.0,40915.3,0,0,0
2157,2,1,3986.0,15706.8,5,12,99929630
1238,0,2,20595.0,48993.5,0,9,82911830
1535,2,4,14.6,45807.1,6,0,0
916,2,4,2500.0,28187.0,0,0,0
1749,0,0,236.8,34196.2,7,0,0
2036,2,1,4238.0,93956.0,1,12,36661124
745,0,0,101.8,24438.6,7,0,0
1647,2,4,27000.0,53052.2,0,0,0
1565,2,4,30.0,36683.0,6,0,0
1565,0,0,243.3,59251.4,7,0,0
1595,2,4,2400.0,32214.2,0,0,0
1094,0,3,5800.0,19309.0,0,0,0
1453,2,1,298.0,25997.3,3,8,47667419
1535,0,0,192.7,41854.2,7,0,0
895,2,4,14.6,46728.7,6,0,0
1972,0,3,27279.0,75469.7,0,0,0
995,0,3,15469.0,44056.0,0,0,0
1239,2,1,5329.0,23587.9,1,4,62339043
592,2,4,14.6,35311.4,6,0,0
2131,2,4,2400.0,11836.4,0,0,0
773,2,4,14.6,21790.6,6,0,0
1779,2,4,14.6,11465.3,6,0,0
1987,2,4,2050.0,30131.5,0,0,0
1909,2,1,2701.0,32760.0,1,1,39453744
1504,2,4,14.6,20378.3,6,0,0
1941,2,1,8339.0,14503.2,5,10,60398054
2022,0,0,84.8,20550.7,7,0,0
2144,2,4,14.6,17042.5,6,0,0
1688,2,4,14.6,63243.2,6,0,0
1815,2,4,1400.0,39919.6,0,0,0
1211,2,1,487.0,32418.9,1,5,89576708
1309,2,4,7900.0,34471.4,0,0,0
2123,2,1,7097.0,32470.3,5,5,32540393
1476,0,0,228.8,37808.7,7,0,0
931,2,1,3024.0,28468.0,5,9,52212673
143,0,2,41499.0,89396.6,0,3,17497700
1847,0,3,40769.0,75516.9,0,0,0
2150,0,2,27150.0,79501.3,0,4,84178596
1967,2,4,23400.0,119518.3,0,0,0
2022,2,4,14.6,28440.0,6,0,0
895,2,4,14.6,34558.4,6,0,0
1900,2,4,14.6,24402.4,6,0,0
1978,0,3,46704.0,125928.5,0,0,0
1810,2,4,14.6,23118.4,6,0,0
363,2,1,674.0,13818.3,5,11,18331057
1048,2,4,14.6,77774.9,6,0,0
2083,2,4,14.6,34265.6,6,0,0
1504,2,4,14.6,52847.7,6,0,0
765,2,4,1320.0,20598.4,0,0,0
1835,2,4,1200.0,5136.6,0,0,0
1930,0,0,67.8,11655.4,7,0,0
1089,2,1,400.0,34255.4,1,8,58806037
1823,2,4,540.0,32621.0,0,0,0
1462,2,4,500.0,14985.2,0,0,0
1804,2,5,2600.0,62967.8,0,0,0
1549,0,3,20326.0,34199.1,0,0,0
1571,2,1,8042.0,30129.1,1,4,53093177
1539,0,3,26405.0,79915.4,0,0,0
1066,2,4,9500.0,35627.7,0,0,0
1869,2,4,14.6,28563.0,6,0,0
1836,2,4,2280.0,41389.3,0,0,0
1837,2,4,810.0,24074.0,0,0,0
1423,0,2,5880.0,29933.6,2,9,12108809
2149,2,1,2100.0,22281.4,5,11,24583161
1488,0,3,24409.0,58128.9,0,0,0
1993,2,4,1200.0,11846.0,0,0,0
1557,1,4,20870.0,18148.1,0,0,0
2126,0,2,4794.0,50218.1,2,11,67999994
1688,2,4,14.6,45078.1,6,0,0
1578,0,3,1400.0,22633.9,0,0,0
2099,2,4,5100.0,71862.3,0,0,0
1026,0,3,17448.0,47202.2,0,0,0
2035,2,1,183.0,30415.8,5,6,38527757
1424,2,4,17000.0,50242.2,0,0,0
1934,2,4,4400.0,30993.9,0,0,0
1914,2,1,847.0,21008.3,0,6,71021574
1001,2,1,1019.0,75080.3,3,3,97367155
1718,0,0,172.4,41512.2,7,0,0
1725,2,1,1942.0,29008.1,5,2,74985646
1718,0,0,223.5,55723.4,7,0,0
1205,2,1,668.0,15769.9,1,5,20426410
1789,2,1,6803.0,76572.1,5,12,47398895
972,2,4,13900.0,39840.2,0,0,0
1626,2,4,14.6,15775.8,6,0,0
987,0,0,105.1,23787.5,7,0,0
2151,2,4,3600.0,31003.0,0,0,0
1353,2,4,14.6,22619.4,6,0,0
1384,0,0,340.0,110888.4,7,0,0
1991,0,0,173.7,45651.7,7,0,0
818,2,1,1508.0,22114.6,5,4,5904931
1840,2,4,1920.0,47957.3,0,0,0
1662,0,3,10942.0,42202.2,0,0,0
1815,0,3,7662.0,66258.5,0,0,0
2032,2,1,96.0,16230.4,5,13,57284325
907,2,1,5768.0,29926.4,5,1,71994364
1991,0,0,60.1,14746.0,7,0,0
721,0,3,39435.0,62835.0,0,0,0
2053,0,0,142.5,33946.5,7,0,0
1346,0,3,900.0,900.0,0,0,0
1975,2,4,13600.0,48923.6,0,0,0
1300,0,3,15469.0,45032.9,0,0,0
2083,2,4,2800.0,33540.2,0,0,0
2022,0,0,91.3,21102.5,7,0,0
866,1,4,9215.0,38764.4,0,0,0
1180,2,1,1983.0,24514.1,0,10,97312646
1791,2,4,18600.0,77099.3,0,0,0
1565,0,0,193.6,46877.0,7,0,0
1849,2,1,2257.0,30318.5,3,8,62933331
1384,2,4,14.6,28804.5,6,0,0
1729,0,3,17757.0,51658.2,0,0,0
288,0,0,75.4,18378.1,7,0,0
971,0,3,300.0,29987.3,0,0,0
325,0,2,5096.0,10392.0,2,6,65207344
1822,2,4,5100.0,49145.3,0,0,0
1459,2,4,870.0,20077.2,0,0,0
332,0,3,23070.0,24070.0,0,0,0
1557,2,4,30600.0,53487.5,0,0,0
1472,2,4,5520.0,14663.5,0,0,0
1991,2,4,14.6,43548.4,6,0,0
358,2,1,2264.0,72825.2,1,1,4327679
1664,0,3,10500.0,52660.4,0,0,0
1118,2,1,2343.0,13946.3,5,8,3728384
2158,2,4,4680.0,46003.4,0,0,0
1718,2,4,14.6,84146.8,6,0,0
631,0,3,15208.0,40159.2,0,0,0
1881,2,1,1033.0,60056.8,8,12,94623159
664,0,3,4579.0,30296.4,0,0,0
1991,2,4,14.6,23284.0,6,0,0
1323,2,4,14.6,18071.5,6,0,0
1504,2,4,14.6,44167.0,6,0,0
2162,2,4,1200.0,74027.7,0,0,0
1667,0,2,5357.0,30440.7,2,3,5984932
1261,2,4,14.6,17772.8,6,0,0
2053,0,0,127.8,30668.3,7,0,0
1535,0,0,89.3,16839.7,7,0,0
1990,0,3,20925.0,104669.3,0,0,0
1514,2,1,5038.0,56763.3,5,8,81463575
2175,0,0,76.1,6884.8,7,0,0
1749,0,0,168.2,37427.8,7,0,0
1551,2,4,3840.0,61079.6,0,0,0
1787,2,1,1690.0,24270.6,5,5,61625307
1441,2,4,1900.0,67918.3,0,0,0
1570,0,2,3096.0,17016.0,0,7,74285417
2121,0,2,6134.0,25125.6,2,13,48636186
1011,2,4,500.0,21464.9,0,0,0
659,0,2,3161.0,19120.8,0,2,8226746
414,2,1,141.0,39639.1,3,3,83359431
2022,0,0,221.3,32431.9,7,0,0
1626,2,4,14.6,27270.3,6,0,0
1695,2,1,2572.0,36270.9,3,11,28014308
2004,2,4,3800.0,96234.7,0,0,0
573,0,3,9650.0,36040.0,0,0,0
1573,0,3,1200.0,29438.0,0,0,0
1200,2,4,14.6,10398.0,6,0,0
801,2,4,37000.0,60592.7,0,0,0
1596,0,0,83.0,18422.4,7,0,0
653,0,0,138.2,31516.5,7,0,0
1749,0,0,225.9,63007.3,7,0,0
1634,0,3,16887.0,51016.5,0,0,0
2156,2,4,2300.0,15228.1,0,0,0
860,2,4,14800.0,44040.0,0,0,0
912,0,3,300.0,33723.9,0,0,0
1988,2,4,27700.0,19750.8,0,0,0
1916,2,4,2160.0,55087.7,0,0,0
1261,0,0,131.8,20515.8,7,0,0
1454,2,1,210.0,44732.1,5,9,12900066
634,0,2,2921.0,18877.9,0,10,25428694
894,2,4,11200.0,32942.2,0,0,0
2083,2,4,14.6,23281.9,6,0,0
780,2,1,2306.0,12527.6,5,9,96140414
1814,2,4,14700.0,30608.3,0,0,0
1935,0,3,13126.0,52629.5,0,0,0
1269,2,1,1583.0,21253.4,5,5,70703857
622,2,4,14.6,30327.2,6,0,0
1688,0,0,71.9,19989.6,7,0,0
2028,0,3,8300.0,18101.6,0,0,0
1455,2,4,700.0,28355.5,0,0,0
1637,2,1,5305.0,97891.7,5,8,94405835
1763,0,2,6213.0,32412.4,2,3,14282012
2053,2,4,14.6,29235.1,6,0,0
1539,0,3,8983.0,67230.2,0,0,0
2120,2,1,2100.0,17898.5,0,8,39149236
1670,0,3,21025.0,50783.0,0,0,0
1996,2,1,1498.0,108222.2,1,13,21647364
1231,2,4,14.6,72187.5,6,0,0
1396,0,3,16560.0,47930.7,0,0,0
1934,2,4,2400.0,22215.0,0,0,0
1318,2,4,16700.0,35593.2,0,0,0
1829,0,3,400.0,52155.4,0,0,0
1812,2,4,4950.0,13041.1,0,0,0
294,2,4,22400.0,69275.2,0,0,0
1353,0,0,12.6,2856.3,7,0,0
1079,0,0,333.4,81647.1,7,0,0
2158,0,3,1000.0,39184.9,0,0,0
1808,2,4,1600.0,51191.2,0,0,0
165,0,0,283.4,71607.1,7,0,0
961,2,4,32800.0,62860.0,0,0,0
2114,2,4,14.6,23118.7,6,0,0
1537,0,3,44792.0,85959.7,0,0,0
408,2,4,4.8,3664.6,4,0,0
2062,2,1,3190.0,21781.7,5,1,13537359
1668,2,4,3700.0,29076.4,0,0,0
1348,2,4,7500.0,26077.0,0,0,0
1621,2,4,6900.0,47594.1,0,0,0
1696,2,1,7158.0,51051.5,5,5,79489946
1883,0,3,12953.0,66787.7,0,0,0
1874,2,4,7800.0,60848.9,0,0,0
1820,2,1,8101.0,29918.6,5,3,65356701
1609,2,4,1800.0,24065.6,0,0,0
1091,0,3,4700.0,40518.3,0,0,0
1749,2,4,14.6,24388.9,6,0,0
1749,2,4,14.6,14093.5,6,0,0
1447,0,3,36067.0,113481.1,0,0,0
1635,0,3,18639.0,34148.8,0,0,0
1930,2,4,14.6,19198.0,6,0,0
1779,2,4,14.6,32629.4,6,0,0
1231,0,0,97.3,22935.2,7,0,0
1445,0,0,67.0,16144.0,7,0,0
1470,2,4,1400.0,19489.8,0,0,0
706,2,4,1000.0,27128.6,0,0,0
1814,2,4,1800.0,124016.4,0,0,0
1900,0,0,182.7,50017.6,7,0,0
1088,2,5,800.0,37830.8,0,0,0
1961,2,4,14.6,57953.5,6,0,0
714,0,0,236.5,58372.8,7,0,0
1398,2,1,6403.0,28962.2,5,9,85891317
500,2,4,14.6,26237.0,6,0,0
2022,2,4,14.6,20802.6,6,0,0
1606,2,1,176.0,64329.0,3,11,2184236
1697,2,1,131.0,22891.4,1,10,17455786
1456,2,4,2500.0,44359.7,0,0,0
804,2,4,14.6,23552.2,6,0,0
2154,2,1,149.0,67669.6,1,9,18880945
2119,0,3,11065.0,70490.8,0,0,0
1565,0,0,255.7,62497.0,7,0,0
1812,2,4,1800.0,22479.0,0,0,0
2040,0,3,1200.0,32566.5,0,0,0
701,2,4,15400.0,42532.8,0,0,0
1961,2,4,14.6,18492.0,6,0,0
1718,0,0,142.9,35238.6,7,0,0
1961,2,4,14.6,12607.8,6,0,0
2133,2,4,51800.0,23857.0,0,0,0
1626,0,0,237.8,44612.1,7,0,0
575,2,1,3998.0,37858.5,5,9,65335863
858,0,3,1300.0,28352.1,0,0,0
59,0,3,700.0,1400.0,0,0,0
1488,0,3,7200.0,21408.0,0,0,0
2063,2,4,5400.0,34275.1,0,0,0
751,2,1,7794.0,21370.2,5,12,58238744
605,1,4,6029.0,23576.9,0,0,0
865,0,0,143.2,35160.8,7,0,0
1451,2,4,2240.0,15587.0,0,0,0
2028,0,2,3082.0,18458.2,0,7,90735989
1043,2,4,17500.0,34194.0,0,0,0
1796,2,4,8600.0,17256.7,0,0,0
1565,2,4,3840.0,25694.7,0,0,0
970,2,1,2891.0,31809.1,5,3,52708911
1991,0,0,85.2,21008.8,7,0,0
1142,1,4,21028.0,27104.4,0,0,0
1938,2,1,5284.0,24938.3,5,8,31306642
1445,2,4,30.0,57587.2,6,0,0
799,0,3,3400.0,33409.2,0,0,0
2079,2,4,5400.0,22674.7,0,0,0
1224,1,4,9298.0,68759.8,0,0,0
1966,2,1,6955.0,35006.3,5,3,8577830
653,2,4,14.6,29503.8,6,0,0
1818,0,2,20328.0,47439.1,0,8,19404459
2144,2,4,2200.0,42281.0,0,0,0
816,2,1,1086.0,23720.8,1,9,32736635
1124,0,2,3484.0,35564.4,0,3,81040405
1225,2,4,1000.0,41637.4,0,0,0
1822,2,1,8578.0,44470.6,5,9,19231844
688,2,1,8992.0,23133.6,5,4,36411053
1613,2,4,2500.0,17171.7,0,0,0
330,2,1,3216.7,100447.5,8,8,88414823
1961,0,0,147.0,30337.3,7,0,0
1760,0,2,6378.0,18014.4,2,8,11218095
1844,2,4,4700.0,14741.6,0,0,0
2053,0,0,27.1,5438.4,7,0,0
1716,2,4,9300.0,27462.4,0,0,0
1749,0,0,236.1,52905.4,7,0,0
1470,2,4,18900.0,27033.7,0,0,0
1547,2,1,4389.0,20728.4,1,2,6411171
1785,0,3,21612.0,48974.7,0,0,0
1292,0,0,63.1,15853.9,7,0,0
1842,2,5,2700.0,67458.4,0,0,0
1596,2,4,14.6,27058.9,6,0,0
1814,2,4,5700.0,82089.4,0,0,0
574,2,1,44.0,23250.6,1,13,28418004
408,2,4,14.6,38661.2,6,0,0
876,2,4,16160.0,17622.5,0,0,0
415,2,1,5907.0,47229.8,5,7,29096329
1869,2,4,14.6,16602.1,6,0,0
1882,2,4,3900.0,37145.0,0,0,0
1999,2,4,2280.0,55494.8,0,0,0
1520,2,4,200.0,33280.0,0,0,0
700,2,4,1400.0,20131.9,0,0,0
1231,0,0,259.2,57889.3,7,0,0
1105,2,4,6600.0,42496.4,0,0,0
1762,0,3,24248.0,91304.9,0,0,0
1749,0,0,227.1,55874.3,7,0,0
1097,0,3,800.0,27385.3,0,0,0
1834,2,4,7200.0,21214.7,0,0,0
834,0,0,161.7,34352.6,7,0,0
1514,2,1,5743.0,10450.4,5,2,7238287
1272,2,1,3625.0,46236.2,5,11,71847098
1358,2,1,855.0,35576.6,1,4,26152324
2152,2,1,2713.0,10537.4,5,12,75491714
1626,2,4,100.0,37388.1,6,0,0
940,0,3,5800.0,22270.5,0,0,0
1872,2,4,2880.0,61580.7,0,0,0
370,2,4,600.0,40305.2,0,0,0
271,0,2,44749.0,95837.6,0,5,80269753
367,2,4,2760.0,51419.7,0,0,0
1940,0,2,4319.0,18891.6,2,11,13050151
1971,2,1,6308.0,46456.6,3,12,47772210
817,2,1,2589.0,27130.0,5,1,57065409
1400,2,4,12000.0,40464.7,0,0,0
818,0,2,18924.0,40677.2,0,8,24960416
1565,0,0,75.6,17467.7,7,0,0
804,0,0,111.3,26386.1,7,0,0
773,2,4,24600.0,54461.3,0,0,0
1827,0,3,1900.0,14209.4,0,0,0
1991,2,4,14.6,67520.1,6,0,0
1657,2,4,14.6,18977.2,6,0,0
1667,0,2,6542.0,53120.7,2,8,80882119
1602,0,3,27784.0,63582.0,0,0,0
1903,2,4,4000.0,32578.8,0,0,0
1997,2,1,580.0,60169.3,5,7,9888029
301,2,1,2250.0,14387.1,5,4,64795172
1939,2,1,152.0,12541.9,5,1,13233763
1930,2,4,14.6,43874.2,6,0,0
1688,2,4,14.6,17126.5,6,0,0
1810,2,4,14.6,35860.3,6,0,0
1827,2,4,800.0,21687.0,0,0,0
1847,1,4,21754.0,35896.4,0,0,0
690,2,4,4000.0,64959.0,0,0,0
530,2,4,14.6,34840.6,6,0,0
1414,0,0,245.7,59326.5,7,0,0
659,2,1,598.0,36285.5,5,11,6381905
1998,2,1,1533.0,21924.9,5,1,71329426
1212,2,1,6915.0,36664.2,8,13,45128363
737,2,4,300.0,20315.9,0,0,0
1913,2,1,1316.0,66223.5,3,8,59476637
1003,0,3,1400.0,33157.5,0,0,0
1330,0,2,14861.0,49697.2,0,8,66287123
1749,0,0,204.4,46418.7,7,0,0
1238,2,4,400.0,32207.8,0,0,0
1504,2,4,14.6,44212.5,6,0,0
1360,2,4,15500.0,44859.1,0,0,0
739,2,4,1500.0,27648.7,0,0,0
1414,2,4,14.6,49514.0,6,0,0
1941,0,3,13466.0,53321.0,0,0,0
1110,2,4,14.6,28768.1,6,0,0
1261,2,4,14.6,21267.6,6,0,0
1906,2,1,293.0,72541.7,3,5,13493419
2151,2,1,6369.0,39108.4,5,9,51399004
1511,0,2,11624.0,51991.6,0,8,54006659
597,2,4,4200.0,24616.2,0,0,0
1858,0,3,2000.0,26405.7,0,0,0
1414,0,0,329.4,41269.9,7,0,0
2053,0,0,93.2,21009.9,7,0,0
2053,2,4,14.6,29860.8,6,0,0
1389,0,3,21172.0,61242.2,0,0,0
1882,2,1,1612.0,23972.3,1,10,14182174
1577,2,1,341.0,41282.1,3,3,13827365
2137,0,3,49812.0,85561.7,0,0,0
1843,0,3,28308.0,77925.6,0,0,0
1532,2,4,13900.0,26819.2,0,0,0
2120,2,1,1567.0,22975.0,1,3,63815659
1756,2,1,9136.0,14998.8,5,9,38210588
2174,2,4,2240.0,32257.8,0,0,0
752,2,4,9400.0,37193.2,0,0,0
2097,2,4,4800.0,23778.8,0,0,0
1834,2,4,5000.0,28998.5,0,0,0
1552,0,3,2900.0,32812.8,0,0,0
1666,2,1,3208.0,17574.9,5,2,20250928
1895,2,4,12200.0,88092.9,0,0,0
627,0,3,10921.0,35199.8,0,0,0
1300,0,3,16706.0,56591.4,0,0,0
469,0,0,77.2,17582.6,7,0,0
1416,2,4,3300.0,37255.3,0,0,0
1446,2,4,690.0,16603.7,0,0,0
703,2,4,26300.0,51642.2,0,0,0
1366,2,1,621.0,38387.1,1,10,92149078
865,2,4,30.0,22310.5,6,0,0
1791,2,1,3032.0,40152.1,1,5,72730910
507,0,2,36536.0,36836.0,0,5,17466515
1331,0,2,46199.0,46699.0,0,6,39209967
1624,2,4,3200.0,22327.1,0,0,0
633,2,1,7.0,99700.8,1,9,33505654
987,0,0,133.6,21530.2,7,0,0
1305,0,3,4680.0,40720.9,0,0,0
1424,2,4,34500.0,61186.8,0,0,0
1810,2,4,14.6,49912.4,6,0,0
1042,2,4,600.0,76514.8,0,0,0
1814,2,4,1080.0,29829.7,0,0,0
1414,0,0,188.4,42271.5,7,0,0
1754,0,3,7684.0,81138.8,0,0,0
1146,2,4,2100.0,42188.4,0,0,0
1991,2,4,14.6,82029.2,6,0,0
2098,2,4,1000.0,36070.5,0,0,0
1961,0,0,293.3,84640.2,7,0,0
1839,2,4,2160.0,36438.0,0,0,0
1686,0,3,100.0,36311.0,0,0,0
1991,2,4,14.6,15180.9,6,0,0
1718,2,4,14.6,18777.2,6,0,0
942,1,4,6442.0,17766.3,0,0,0
1876,2,1,5664.0,22439.9,5,10,40163117
683,2,4,14.6,43525.2,6,0,0
901,0,3,21308.0,50214.1,0,0,0
1231,2,4,30.0,30160.2,6,0,0
1445,0,0,131.0,30526.2,7,0,0
1853,0,3,24193.0,71924.0,0,0,0
1292,2,4,14.6,44356.6,6,0,0
2120,2,4,2900.0,14145.8,0,0,0
1268,0,3,1800.0,25058.2,0,0,0
1051,2,4,2080.0,28872.5,0,0,0
1812,2,4,1700.0,25683.6,0,0,0
1596,2,4,14.6,21253.4,6,0,0
481,2,1,4399.0,15036.8,8,6,33709621
1384,0,0,208.0,26325.9,7,0,0
2083,2,4,14.6,83817.5,6,0,0
1297,2,1,1187.0,31736.8,1,7,3211814
391,2,1,251.0,15820.0,0,4,1312548
1454,2,1,7024.0,21842.0,1,11,17270559
1779,2,4,14.6,16057.0,6,0,0
257,2,4,30.0,98774.4,6,0,0
1463,1,4,20472.0,34776.9,0,0,0
74,0,0,15.6,10269.8,7,0,0
1991,2,4,14.6,49514.6,6,0,0
1423,0,2,72147.0,143674.4,0,10,32223415
1763,2,4,2400.0,34101.7,0,0,0
1793,0,3,11198.0,59182.9,0,0,0
2114,0,0,98.8,24768.0,7,0,0
1463,2,4,7800.0,56075.6,0,0,0
1565,0,0,361.9,66268.7,7,0,0
1323,2,4,14.6,57268.1,6,0,0
1078,2,4,19700.0,54153.4,0,0,0
879,0,2,6263.0,31966.0,2,3,14018088
1139,0,0,82.3,20254.8,7,0,0
1206,2,1,3195.0,36798.4,5,13,51957607
2155,2,1,9546.0,89384.9,5,10,61405271
1459,0,3,4000.0,20157.2,0,0,0
846,2,1,5073.0,42155.4,8,11,31748539
288,0,0,164.3,46094.3,7,0,0
1779,0,0,79.4,19968.4,7,0,0
1961,0,0,214.5,45936.6,7,0,0
1384,0,0,74.4,19615.1,7,0,0
1810,0,0,203.6,48213.4,7,0,0
1458,0,3,24517.0,58319.3,0,0,0
354,2,1,1508.0,18100.7,0,6,39137601
2053,2,4,14.6,23043.9,6,0,0
610,2,4,29800.0,53410.5,0,0,0
1261,2,4,14.6,57348.5,6,0,0
542,2,1,4359.0,36114.9,5,10,21769154
1435,2,4,3300.0,52348.7,0,0,0
1907,0,3,12081.0,76255.3,0,0,0
1043,2,4,5200.0,22695.2,0,0,0
1455,0,3,24697.0,44680.0,0,0,0
1054,0,3,17106.0,53102.6,0,0,0
1878,2,1,1982.0,15670.4,5,2,46043479
1886,2,4,13700.0,21743.7,0,0,0
1462,2,4,2760.0,57569.5,0,0,0
1799,2,4,25600.0,62534.4,0,0,0
1739,0,3,15684.0,110676.1,0,0,0
895,0,0,214.9,64386.6,7,0,0
1596,0,0,133.9,30210.8,7,0,0
1101,2,4,2040.0,72977.8,0,0,0
1991,2,4,14.6,32083.5,6,0,0
1986,1,4,18641.0,31908.5,0,0,0
1271,0,2,34409.0,69237.2,0,8,38463211
2144,0,0,111.7,27410.8,7,0,0
1810,2,4,14.6,81296.9,6,0,0
1323,2,4,14.6,20702.0,6,0,0
1677,2,4,3300.0,22623.7,0,0,0
2144,0,0,98.6,66096.2,7,0,0
1573,0,2,4097.0,28135.9,2,7,9703773
751,2,4,31100.0,52133.4,0,0,0
2110,1,4,24829.0,31456.0,0,0,0
980,2,4,11900.0,34495.7,0,0,0
1749,0,0,71.2,16610.9,7,0,0
1392,0,3,8209.0,38421.9,0,0,0
2064,2,4,33400.0,63879.0,0,0,0
2031,2,1,2197.0,34779.6,1,8,53245943
1816,2,4,720.0,32243.1,0,0,0
1543,2,4,600.0,15056.7,0,0,0
1237,2,4,4200.0,31584.0,0,0,0
2083,0,0,105.9,26854.9,7,0,0
1775,2,4,15200.0,64120.7,0,0,0
1517,2,1,988.0,14549.6,0,13,23543101
1697,2,1,7847.0,64748.7,5,13,26888096
2066,2,4,700.0,39650.5,0,0,0
1037,2,4,600.0,27501.5,0,0,0
1245,2,1,780.0,29582.3,5,9,12963968
1378,2,4,4000.0,13769.8,0,0,0
1875,0,2,17660.0,30507.6,0,4,49404096
1900,2,4,14.6,14102.1,6,0,0
655,1,4,9747.0,45786.8,0,0,0
349,0,0,54.0,22362.0,7,0,0
1930,0,0,67.8,17340.5,7,0,0
1476,2,4,14.6,23941.0,6,0,0
554,1,4,2832.0,26129.9,0,0,0
1384,0,0,63.5,15732.3,7,0,0
1810,2,4,100.0,78447.2,6,0,0
1504,0,0,67.3,17324.7,7,0,0
267,0,3,500.0,500.0,0,0,0
1237,2,4,1900.0,29552.9,0,0,0
1167,2,4,16700.0,34068.3,0,0,0
1529,2,4,20200.0,32868.3,0,0,0
1495,2,4,8500.0,25330.5,0,0,0
1018,0,0,147.2,35091.3,7,0,0
1841,0,0,26.4,17697.0,7,0,0
1418,2,4,6200.0,39556.9,0,0,0
2000,2,1,2681.0,23551.5,5,4,15124905
264,0,3,900.0,22078.7,0,0,0
1450,2,4,1560.0,24265.1,0,0,0
1991,0,0,94.0,22853.6,7,0,0
1504,0,0,213.8,52123.6,7,0,0
1966,2,1,555.0,53778.4,5,1,72264265
1688,2,4,14.6,35201.8,6,0,0
1152,0,2,19106.0,35718.4,0,11,13876933
1090,2,1,1942.0,16403.9,5,11,78170078
297,2,4,4600.0,30625.5,0,0,0
469,0,0,19.0,3234.6,7,0,0
926,0,0,104.6,25776.3,7,0,0
1117,2,1,2289.0,35278.9,1,6,64578419
1102,2,4,1320.0,18810.7,0,0,0
2028,2,1,4377.0,62479.7,1,1,73543202
1657,2,4,14.6,46253.9,6,0,0
1828,2,4,300.0,13756.1,0,0,0
1458,0,2,3113.0,13092.4,0,7,42734730
1935,2,1,2902.0,16092.0,5,6,75771987
753,2,1,7218.0,22088.2,5,10,6209928
1455,2,4,9120.0,33297.7,0,0,0
1662,2,1,3276.0,17602.5,1,7,22689193
1110,0,0,75.2,14200.1,7,0,0
1810,0,0,130.2,28422.5,7,0,0
2083,2,4,14.6,44375.2,6,0,0
2091,2,1,6904.0,15497.7,5,11,29374742
518,2,4,2200.0,34737.4,0,0,0
2004,0,2,4412.0,24448.9,2,10,45808875
1810,0,0,99.7,25949.9,7,0,0
2090,2,1,1710.0,25797.6,0,5,53378862
1357,2,4,3500.0,23109.4,0,0,0
1284,2,4,1800.0,24976.6,0,0,0
505,2,1,1599.0,23024.0,5,6,48782503
1975,0,3,1200.0,51226.4,0,0,0
1980,0,3,700.0,19423.0,0,0,0
1535,2,4,14.6,58324.1,6,0,0
1783,2,4,500.0,29785.6,0,0,0
1834,2,4,31600.0,60256.1,0,0,0
1454,2,1,1494.0,11037.5,5,6,35182595
1170,0,0,195.3,48266.7,7,0,0
1666,0,2,6547.0,27273.4,2,3,54870903
1669,2,1,2999.3,51980.5,8,9,10905218
800,0,3,11863.0,58131.4,0,0,0
1549,2,1,4919.0,68098.3,1,8,22791952
569,2,4,2300.0,24400.9,0,0,0
909,0,2,3175.0,16970.9,0,4,84242337
2061,2,1,5421.0,26266.8,5,7,54152226
874,0,3,6432.0,28689.2,0,0,0
1731,2,1,1547.0,36992.7,1,11,56503492
1641,0,3,5700.0,29074.0,0,0,0
1231,0,0,66.7,16305.8,7,0,0
784,0,3,4500.0,32367.9,0,0,0
2065,2,1,1934.0,28939.8,8,12,82324945
1820,0,3,9006.0,47928.9,0,0,0
895,0,0,112.5,19606.5,7,0,0
2001,0,2,6850.0,36402.0,2,11,56034910
1749,2,4,2500.0,53359.7,0,0,0
592,0,0,199.2,49581.1,7,0,0
1292,0,0,212.9,47888.5,7,0,0
1139,0,0,81.4,20138.4,7,0,0
1949,2,4,1350.0,20640.4,0,0,0
1718,2,4,14.6,25018.7,6,0,0
935,2,1,1116.0,22836.6,5,12,21956253
568,2,1,3509.0,21348.3,1,10,35362416
1218,1,4,8387.0,48752.4,0,0,0
1969,2,1,3487.0,89248.7,5,13,20354813
1846,2,1,346.0,17578.5,1,2,9301025
2001,2,1,1080.0,72287.9,5,10,35699868
878,0,2,6226.0,29002.9,2,4,3406155
318,2,4,14.6,70995.4,6,0,0
1476,0,0,113.1,22359.1,7,0,0
1243,2,1,3448.0,43465.0,5,9,53213423
408,0,0,256.4,53405.2,7,0,0
876,2,1,2398.0,26933.0,5,8,48820698
1515,0,3,11944.0,59912.8,0,0,0
1718,0,0,123.2,30461.0,7,0,0
1858,2,4,11300.0,20445.2,5,0,0
1688,2,4,14.6,25117.8,6,0,0
1508,2,4,9100.0,44324.7,0,0,0
1292,0,0,70.1,18732.0,7,0,0
1646,2,4,5100.0,76940.0,0,0,0
2022,2,4,30.0,58038.3,6,0,0
1816,2,4,960.0,82056.0,0,0,0
875,2,4,6400.0,39318.9,0,0,0
956,2,4,4920.0,24362.7,0,0,0
1061,0,3,1200.0,25961.8,0,0,0
832,2,4,270.0,16805.3,0,0,0
1999,0,3,24051.0,80135.0,0,0,0
2053,2,4,14.6,51158.4,6,0,0
1991,2,4,14.6,15492.0,6,0,0
1504,2,4,14.6,43268.5,6,0,0
877,0,3,25275.0,50799.4,0,0,0
1565,2,4,14.6,35271.7,6,0,0
1182,2,1,2320.0,22027.1,1,9,20525896
1384,0,0,32.7,7345.3,7,0,0
1151,2,1,1974.0,29205.7,8,5,9768981
1048,2,4,14.6,27127.2,6,0,0
739,2,4,3000.0,31976.5,0,0,0
683,0,0,160.1,85959.2,7,0,0
1869,0,0,90.2,22735.9,7,0,0
1458,2,4,1440.0,21561.4,0,0,0
745,2,4,9.7,1595.5,4,0,0
716,2,4,510.0,19825.7,0,0,0
1813,2,4,6900.0,75465.8,0,0,0
1629,0,3,600.0,600.0,0,0,0
816,2,4,11100.0,64866.8,0,0,0
2022,0,0,229.7,58652.8,7,0,0
1170,0,0,68.0,27796.4,7,0,0
426,2,4,7500.0,56616.6,0,0,0
1969,0,2,3303.0,19062.0,0,6,92809497
840,2,1,9039.0,19394.7,5,12,32111394
1424,2,1,5900.0,87335.0,1,11,57071173
275,0,3,900.0,19206.0,0,0,0
1907,2,4,4900.0,32480.6,0,0,0
1668,2,1,4081.0,44478.0,1,3,48056763
1323,2,4,14.6,30334.3,6,0,0
177,2,1,1212.0,16345.5,0,2,41663390
895,0,0,14.4,6116.4,7,0,0
1921,2,4,2800.0,34302.6,0,0,0
1687,1,4,16507.0,42412.5,0,0,0
1275,2,1,646.0,32536.8,1,10,14472324
932,0,3,8531.0,38143.6,0,0,0
1991,2,4,14.6,110403.7,6,0,0
2175,0,0,193.6,43784.3,7,0,0
1247,2,4,1350.0,18918.4,0,0,0
1608,0,3,37166.0,75675.6,0,0,0
1749,0,0,138.4,27107.8,7,0,0
1749,2,4,14.6,36860.4,6,0,0
1854,0,2,2900.0,17897.7,0,12,87387412
421,0,3,800.0,800.0,0,0,0
1048,0,0,176.6,32679.4,7,0,0
1419,2,1,2122.0,21700.6,1,5,81744551
904,2,1,812.0,63652.8,5,4,39702093
1193,2,4,17800.0,32267.8,0,0,0
1698,2,1,128.0,60211.5,5,6,76674633
444,0,3,15238.0,42939.3,0,0,0
2091,0,3,23600.0,61300.0,0,0,0
1810,0,0,355.1,88218.6,7,0,0
1303,0,3,5322.0,32565.8,0,0,0
1085,2,1,4015.0,53268.2,1,10,92369353
1018,0,0,177.3,38141.9,7,0,0
1869,2,4,400.0,35048.4,0,0,0
1510,2,4,12900.0,32960.2,0,0,0
1684,2,4,9200.0,48225.8,0,0,0
1737,0,3,3100.0,38711.4,0,0,0
325,0,3,10486.0,42025.8,0,0,0
1678,0,3,2200.0,32447.1,0,0,0
1905,2,1,7282.0,38780.4,5,10,55056405
579,2,4,36300.0,71114.5,0,0,0
1731,2,1,3417.0,21239.8,5,11,8283299
1605,2,4,2400.0,15920.7,0,0,0
1551,0,3,800.0,16660.3,0,0,0
1597,2,4,10720.0,40702.5,0,0,0
904,2,1,4065.0,44337.1,3,2,34760767
1533,2,4,11300.0,76509.8,0,0,0
683,0,0,127.2,32434.2,7,0,0
2069,0,3,17123.0,75076.5,0,0,0
753,2,1,4128.0,35326.6,5,5,41153007
1580,0,3,1500.0,47762.0,0,0,0
2144,0,0,95.9,19685.1,7,0,0
1486,2,1,4956.0,30425.9,5,1,16176736
1243,0,2,4269.0,13907.0,2,11,92164200
653,2,4,14.6,24657.5,6,0,0
2144,2,4,14.6,8172.8,6,0,0
1968,2,1,204.0,16193.8,0,8,25394970
1786,0,3,17600.0,74726.4,0,0,0
2037,2,4,48000.0,65066.6,0,0,0
1362,2,1,300.0,21639.8,5,4,99985640
1996,2,4,5400.0,22079.1,0,0,0
1521,2,4,6300.0,59829.7,0,0,0
1422,2,4,1100.0,23926.5,0,0,0
1699,2,4,4680.0,42449.6,0,0,0
1565,2,4,14.6,61232.1,6,0,0
1660,0,3,100.0,20379.1,0,0,0
723,2,4,3000.0,38574.2,0,0,0
1754,2,1,2895.0,14961.5,5,1,57903474
721,2,4,1100.0,33064.6,0,0,0
1991,0,0,71.4,17175.2,7,0,0
2003,2,1,2144.0,34097.6,8,13,9279585
1665,0,2,6984.0,16867.4,2,10,32111871
2114,0,0,247.1,52885.8,7,0,0
1841,2,4,14.6,28859.1,6,0,0
1696,0,3,4166.0,16559.1,0,0,0
1627,2,4,6100.0,35153.9,0,0,0
1631,2,1,668.0,15847.9,1,5,20426410
736,2,4,5700.0,23645.4,0,0,0
2114,0,0,107.9,24756.0,7,0,0
1336,2,1,1316.0,52629.5,3,8,59476637
732,2,4,480.0,22784.3,0,0,0
1792,0,2,5649.0,19776.5,2,4,61639571
2151,0,2,3220.0,16466.4,0,8,16611045
1266,0,3,7366.0,42637.5,0,0,0
1724,2,1,3743.0,49704.7,5,5,10817695
1292,0,0,314.1,77227.5,7,0,0
2167,2,4,5400.0,27457.9,0,0,0
1900,0,0,176.2,39950.2,7,0,0
516,2,4,4200.0,14573.4,0,0,0
1841,2,4,14.6,13846.5,6,0,0
1445,0,0,59.9,13924.0,7,0,0
1972,2,1,1390.0,22086.8,1,10,72945260
1966,2,1,2873.0,9266.8,5,6,81025844
340,2,4,4500.0,77353.7,0,0,0
1335,0,3,27460.0,57276.9,0,0,0
2095,0,2,5476.0,17596.5,2,13,76315682
1292,2,4,100.0,15723.1,6,0,0
542,0,2,5671.0,27066.7,2,11,2074182
1841,2,4,14.6,26334.6,6,0,0
1565,0,0,105.3,24691.8,7,0,0
1469,2,4,2240.0,14152.0,0,0,0
1231,0,0,297.3,57513.5,7,0,0
1175,0,2,3063.0,25621.7,0,13,13231766
1117,0,2,14892.0,15292.0,0,4,66801631
1830,2,4,270.0,17524.4,0,0,0
1047,1,4,9792.0,34264.9,0,0,0
1543,2,1,2984.0,14463.0,5,9,674886
846,0,3,17752.0,55273.6,0,0,0
1757,0,3,8614.0,95144.3,0,0,0
1200,2,4,100.0,23036.5,6,0,0
2175,0,0,115.3,30088.8,7,0,0
1292,2,4,14.6,17552.4,6,0,0
1906,0,3,10738.0,39459.7,0,0,0
196,0,0,94.0,11023.7,7,0,0
1808,2,4,1100.0,48105.8,0,0,0
1883,0,3,23670.0,80263.0,0,0,0
1994,2,4,2000.0,23647.8,0,0,0
2017,2,4,11100.0,75547.4,0,0,0
1815,2,4,1280.0,27148.6,0,0,0
542,2,1,7685.0,12098.2,8,1,22275466
1779,2,4,14.6,44113.5,6,0,0
1549,0,2,5781.0,19690.3,2,13,23886204
723,2,1,1207.0,13923.0,5,9,91464036
1329,0,2,27680.0,76276.1,0,11,14334899
1146,0,2,48137.0,84362.3,0,9,19132757
1639,2,1,4239.0,27320.5,5,2,1007766
1779,0,0,79.0,18244.6,7,0,0
1848,0,3,36371.0,56383.8,0,0,0
1810,2,4,14.6,45651.2,6,0,0
1474,2,4,1920.0,27662.4,0,0,0
1301,0,3,13042.0,31749.0,0,0,0
1792,2,1,649.0,59318.1,1,7,39699643
1659,2,4,16000.0,64041.2,0,0,0
1941,2,1,757.0,63232.5,3,9,71234905
1660,2,4,1400.0,32447.4,0,0,0
1935,2,1,6646.0,13842.6,1,9,98736470
1450,2,4,8900.0,28003.4,0,0,0
1100,2,4,600.0,34009.1,0,0,0
1975,2,4,7900.0,21902.3,0,0,0
1696,2,1,3799.0,33930.4,5,4,23646575
865,0,0,79.7,18334.0,7,0,0
1364,2,1,4.0,95851.4,3,11,90010833
1261,0,0,215.6,44521.9,7,0,0
2035,2,1,2490.0,16582.9,5,8,63441431
1671,2,4,700.0,13080.3,0,0,0
422,0,3,18146.0,45230.8,0,0,0
965,2,1,2269.0,17823.0,5,13,22444594
994,2,1,320.0,37540.5,1,11,17508918
1481,2,1,5361.0,24062.8,5,5,46210002
1804,2,4,3300.0,29257.2,0,0,0
1018,0,0,141.1,34957.7,7,0,0
663,2,1,3267.0,23499.5,5,1,56120270
1090,2,4,3000.0,26373.4,0,0,0
532,2,4,35900.0,63183.8,0,0,0
1546,0,3,25278.0,88135.2,0,0,0
1991,0,0,274.8,83151.5,7,0,0
727,2,4,2520.0,38784.5,0,0,0
363,2,1,612.0,28851.1,1,5,8512616
1096,2,4,2100.0,43873.1,0,0,0
1405,2,4,16800.0,41709.2,0,0,0
779,0,3,12817.0,29055.3,0,0,0
1061,2,4,13300.0,42258.8,0,0,0
1535,0,0,117.3,23357.3,7,0,0
1749,0,0,127.9,54453.7,7,0,0
992,2,4,2200.0,27577.7,0,0,0
598,0,2,3375.0,19235.5,0,4,1589578
1422,0,3,13318.0,29764.3,0,0,0
1570,2,1,4004.0,26468.6,1,12,99690108
1789,0,2,48368.0,62771.3,0,2,81652229
2156,2,1,1494.0,48445.6,8,9,85338079
1930,0,0,230.3,57095.8,7,0,0
1384,0,0,3.0,22358.0,7,0,0
1212,0,3,23189.0,37989.0,0,0,0
1027,2,1,6154.0,36947.3,5,3,34121233
1419,2,1,4004.0,31565.3,1,12,99690108
1261,2,4,14.6,40663.0,6,0,0
1991,2,4,14.6,13861.0,6,0,0
1830,0,3,700.0,53648.0,0,0,0
592,0,0,213.2,42792.2,7,0,0
1751,0,3,700.0,700.0,0,0,0
1847,0,2,5280.0,41887.6,2,3,3500259
1821,0,3,14036.0,60165.7,0,0,0
1700,2,1,1934.0,26486.3,8,12,82324945
1066,0,3,1400.0,20278.5,0,0,0
1542,0,3,14616.0,32839.3,0,0,0
1510,1,4,17119.0,12877.3,0,0,0
2151,2,1,3102.0,23629.2,5,9,49371123
1900,0,0,110.1,24609.6,7,0,0
2067,0,3,4229.0,15509.5,0,0,0
943,0,3,700.0,19735.0,0,0,0
1930,0,0,204.4,53580.8,7,0,0
1292,2,4,100.0,68400.5,6,0,0
358,2,1,6337.0,36156.8,5,5,1018590
1788,2,1,2852.0,94779.0,3,8,62838387
1788,0,3,20107.5,63712.2,0,0,0
840,2,1,1434.0,17722.1,1,10,65233623
1180,2,1,435.0,23656.6,5,11,28103435
1935,2,1,7266.0,22892.4,5,9,13943797
1909,2,4,21800.0,63921.4,0,0,0
2083,2,4,14.6,21510.0,6,0,0
1147,2,1,845.0,17690.5,0,12,48730450
895,0,0,144.4,20051.5,7,0,0
515,0,3,45561.0,107335.3,0,0,0
500,0,0,44.1,86986.1,7,0,0
1433,2,4,3720.0,33767.4,0,0,0
639,2,4,200.0,21911.1,0,0,0
408,0,0,227.1,47451.0,7,0,0
1535,0,0,162.3,37463.7,7,0,0
1477,2,4,600.0,13849.4,0,0,0
1540,0,3,5078.0,23209.1,0,0,0
2112,2,4,6000.0,14298.6,0,0,0
1841,0,0,200.5,41154.0,7,0,0
1455,0,2,3225.0,16672.3,0,2,89962917
1669,0,3,7784.0,38748.0,0,0,0
1547,0,2,4655.0,16507.0,2,13,25846690
1776,0,3,45873.0,58573.0,0,0,0
877,2,1,5174.0,60294.6,5,2,50814467
1430,2,4,18300.0,36123.9,0,0,0
1851,0,2,6850.0,43026.2,2,11,56034910
1669,2,1,321.0,24829.8,3,10,81205659
785,2,1,2575.0,27322.4,5,8,52532029
1905,0,2,3270.0,20226.8,0,4,32372063
1231,0,0,123.7,26766.0,7,0,0
1791,0,3,21398.0,117665.8,0,0,0
2035,0,3,24230.0,72500.1,0,0,0
1607,2,1,362.0,19458.6,0,9,62716066
1991,2,4,14.6,27470.2,6,0,0
417,2,1,2952.0,36482.1,5,5,72718292
1177,0,3,7203.0,7803.0,0,0,0
2096,0,3,22200.0,56523.8,0,0,0
666,2,1,2155.0,25253.8,5,7,62968182
1430,2,4,13500.0,32610.3,0,0,0
2144,0,0,74.5,17507.7,7,0,0
592,2,4,14.6,27370.1,6,0,0
1811,2,4,4800.0,51428.1,0,0,0
1735,0,3,500.0,17247.2,0,0,0
1175,2,1,3778.0,22240.0,1,3,25691366
1869,0,0,58.2,14010.6,7,0,0
1975,2,1,1019.0,13936.3,3,3,97367155
1657,2,4,14.6,21807.6,6,0,0
1466,2,4,1040.0,24139.7,0,0,0
2114,0,0,237.9,50998.7,7,0,0
1110,0,0,73.8,16778.9,7,0,0
936,2,1,879.0,36026.9,1,1,12489307
1517,0,3,7660.0,72133.0,0,0,0
804,0,0,62.9,13334.1,7,0,0
408,0,0,88.5,19345.3,7,0,0
1727,2,4,5200.0,28987.0,0,0,0
1424,2,1,12414.0,59677.6,5,6,6873333
901,2,1,110.0,21384.0,5,11,58641087
804,0,0,143.1,33668.5,7,0,0
1725,0,2,31624.0,53601.5,0,5,4088378
1662,2,1,8504.0,23689.5,5,9,88157391
1818,0,3,16037.0,59860.4,0,0,0
1018,0,0,281.5,70946.5,7,0,0
380,2,4,14.6,15919.5,6,0,0
2060,2,1,2284.0,22406.4,5,13,36823308
1054,2,1,4696.0,51836.8,1,11,18379521
2104,2,4,3120.0,25574.4,0,0,0
1139,0,0,84.1,34530.1,7,0,0
1718,2,4,14.6,18797.9,6,0,0
1879,0,3,34814.0,77791.2,0,0,0
1602,0,3,19134.0,39971.1,0,0,0
857,2,4,8000.0,44093.7,0,0,0
1335,2,1,7500.0,101898.2,8,10,86283236
1086,2,4,800.0,16826.5,0,0,0
2059,2,1,7927.0,60106.1,5,1,68324535
1601,0,3,3000.0,44993.7,0,0,0
1384,0,0,133.9,28880.0,7,0,0
2128,0,2,32134.0,66585.8,0,1,74095773
1730,2,4,1900.0,22928.5,0,0,0
2035,0,3,15914.0,69998.4,0,0,0
1998,2,1,1995.0,25773.4,1,7,16825324
1991,0,0,118.1,25659.5,7,0,0
592,0,0,138.3,34759.4,7,0,0
2119,0,2,13201.0,71171.1,0,13,84689288
1565,2,4,14.6,24670.2,6,0,0
1384,0,0,99.7,23752.1,7,0,0
109,0,3,1100.0,1100.0,0,0,0
1453,2,1,1551.0,33926.3,1,6,95519256
1909,0,2,13936.0,34926.1,0,7,56820648
1571,2,1,2889.0,22651.6,5,1,84430861
1791,0,3,6518.0,10761.3,0,0,0
1702,0,3,11793.0,42274.2,0,0,0
1697,0,3,43007.0,95313.7,0,0,0
1626,2,4,14.6,-3519.5,6,0,0
1018,2,4,14.6,26836.8,6,0,0
1230,2,4,9600.0,30038.1,0,0,0
1596,0,0,69.1,16269.7,7,0,0
1869,0,0,229.2,55531.1,7,0,0
2029,2,4,3960.0,39151.5,0,0,0
1208,0,3,8412.0,42428.2,0,0,0
1545,2,1,8086.0,47935.4,5,10,41694200
380,0,0,123.7,30906.2,7,0,0
1110,0,0,130.1,2918.5,7,0,0
1045,2,4,2800.0,45282.1,0,0,0
2030,0,3,8209.0,36563.5,0,0,0
2114,2,4,14.6,16765.6,6,0,0
1609,0,3,14487.0,33642.7,0,0,0
1810,2,4,14.6,31842.8,6,0,0
1909,0,2,15802.0,39412.5,0,5,75457590
500,2,4,14.6,46202.5,6,0,0
1024,2,1,3594.0,26655.8,5,11,45842748
288,0,0,81.3,20098.6,7,0,0
752,2,1,3189.0,7675.2,3,7,51878350
1669,2,1,748.0,15070.0,8,1,67696446
595,2,4,3300.0,32134.7,0,0,0
1576,2,4,21900.0,43740.7,0,0,0
1183,0,2,3050.0,27087.0,0,3,66249376
1385,0,3,28964.0,86498.9,0,0,0
1247,0,3,3000.0,36186.1,0,0,0
1018,2,4,4.0,-1914.9,4,0,0
1930,0,0,81.8,15592.9,7,0,0
2067,0,3,15447.0,119218.1,0,0,0
1414,0,0,13.4,19380.4,7,0,0
1724,2,4,5160.0,18628.1,0,0,0
1878,2,1,2309.0,15699.9,5,7,40611082
1463,2,4,960.0,22670.6,0,0,0
2114,0,0,151.0,24736.8,7,0,0
575,2,1,8754.0,29528.1,5,13,67199128
1879,0,2,24545.0,63483.3,0,4,7608801
1930,2,4,14.6,101738.0,6,0,0
500,2,4,14.6,44605.6,6,0,0
1948,2,4,3000.0,51120.9,0,0,0
1048,0,0,180.7,38381.4,7,0,0
1723,2,4,27700.0,60401.8,0,0,0
1841,2,4,14.6,76442.8,6,0,0
1985,2,4,26900.0,17592.0,0,0,0
2074,2,4,14900.0,40970.5,0,0,0
1322,2,4,25400.0,53607.4,0,0,0
1794,2,4,7400.0,27709.7,0,0,0
1571,2,4,6100.0,13077.4,0,0,0
1816,0,2,16162.0,48636.9,0,11,77586638
1445,0,0,98.9,23858.3,7,0,0
1626,0,0,128.4,30871.7,7,0,0
831,2,4,2880.0,32439.6,0,0,0
1869,2,4,14.6,50028.8,6,0,0
1657,2,4,3900.0,24557.3,0,0,0
888,2,4,23100.0,14930.6,0,0,0
931,0,3,24013.0,127679.7,0,0,0
1057,0,3,34443.0,81180.9,0,0,0
1540,0,2,4941.0,27648.3,2,2,91663467
1263,0,3,600.0,600.0,0,0,0
1756,0,2,14097.0,56745.2,0,8,66315013
1313,2,4,2900.0,41375.4,0,0,0
834,0,0,116.8,26081.3,7,0,0
1504,0,0,210.7,54822.5,7,0,0
1200,0,0,176.0,38979.8,7,0,0
1272,2,1,2704.0,19437.0,5,11,46355319
623,2,4,2500.0,23634.0,0,0,0
861,2,4,4600.0,26145.9,0,0,0
1261,0,0,45.5,15165.2,7,0,0
1463,2,4,640.0,26400.6,0,0,0
1151,2,1,6893.0,30877.1,8,9,76073628
1749,0,0,148.3,30597.1,7,0,0
1626,0,0,142.5,33212.5,7,0,0
895,0,0,159.9,32112.7,7,0,0
1743,2,4,1600.0,41932.9,0,0,0
1079,0,0,110.4,26136.1,7,0,0
1749,0,0,128.1,28585.9,7,0,0
854,2,4,6300.0,35582.6,0,0,0
1529,2,4,20000.0,57530.0,0,0,0
1793,0,2,4471.0,21078.1,2,11,21839374
645,0,3,31265.0,87295.1,0,0,0
1723,2,4,5400.0,12811.0,0,0,0
1604,2,1,13.0,15892.7,3,8,68989574
1476,2,4,14.6,13907.5,6,0,0
1939,0,3,20684.0,51324.4,0,0,0
1763,0,2,4164.0,22299.4,2,7,57857745
865,0,0,128.9,28398.1,7,0,0
1780,0,3,31552.0,43864.0,0,0,0
2154,2,1,1390.0,86797.4,1,2,64366233
1826,2,4,640.0,23864.2,0,0,0
1718,0,0,93.7,22288.7,7,0,0
1779,0,0,199.1,44857.0,7,0,0
1698,2,4,1440.0,23865.4,0,0,0
1581,2,4,3440.0,38248.6,0,0,0
2074,2,4,3300.0,45894.9,0,0,0
1685,1,4,8989.0,82542.3,0,0,0
1384,0,0,236.5,57927.7,7,0,0
539,2,1,1311.0,27985.7,5,1,28652066
152,2,4,61100.0,55241.9,0,0,0
1468,2,4,2640.0,36147.8,0,0,0
2031,0,3,14536.0,51242.7,0,0,0
1485,2,1,59.0,33432.8,1,3,82538950
1504,2,4,14.6,34299.7,6,0,0
1626,2,4,14.6,17926.3,6,0,0
1900,0,0,38.4,7842.4,7,0,0
1516,2,1,5616.2,57581.4,8,10,47769522
895,2,4,14.6,57099.4,6,0,0
1455,0,3,14298.0,36577.9,0,0,0
1591,2,4,44800.0,53404.1,0,0,0
2088,2,1,355.0,57540.5,1,10,56174659
2096,2,1,370.0,17436.1,5,13,29958713
1289,2,4,10100.0,52228.0,0,0,0
2163,2,4,3840.0,46454.1,0,0,0
723,2,4,2200.0,26022.2,0,0,0
1427,2,1,2587.0,54865.1,5,11,55505740
1079,2,4,14.6,33302.2,6,0,0
1018,2,4,14.6,38354.1,6,0,0
1878,0,2,3284.0,17733.0,0,5,39077663
1841,2,4,30.0,56621.1,6,0,0
2158,0,2,24634.0,41885.2,0,13,71086901
1274,2,4,18800.0,47282.5,0,0,0
1972,2,4,4560.0,16381.4,0,0,0
1730,2,4,3400.0,24315.1,0,0,0
1900,0,0,138.2,29559.6,7,0,0
1816,2,4,1000.0,30001.6,0,0,0
1874,2,1,735.0,14569.2,5,5,66442948
1970,2,4,3000.0,14324.3,0,0,0
904,0,3,23646.0,73990.2,0,0,0
1961,0,0,92.2,22334.6,7,0,0
1905,2,1,403.0,22026.5,5,3,18871748
2114,0,0,106.6,16933.3,7,0,0
1474,2,4,2400.0,72906.5,0,0,0
2023,2,4,700.0,18672.0,0,0,0
719,0,2,6256.0,29749.5,2,7,55942565
1602,2,4,10700.0,34064.6,0,0,0
999,2,1,2938.7,43116.5,8,9,70984434
1846,2,1,1544.0,12823.3,5,2,78479534
265,2,1,1042.0,72876.0,5,2,96977406
1991,2,4,14.6,30443.0,6,0,0
1745,1,4,14144.0,29205.5,0,0,0
1943,2,1,5129.0,87614.6,5,6,8464664
2029,0,2,3602.0,20973.0,0,7,30639845
1117,2,1,2612.0,68520.1,5,11,12510681
2053,2,4,14.6,40798.8,6,0,0
2053,0,0,98.4,24505.4,7,0,0
2065,2,1,3292.0,33107.9,5,13,85804390
1779,0,0,87.0,21346.4,7,0,0
1631,0,2,13789.0,37283.7,0,8,84352767
1139,0,0,77.3,18874.4,7,0,0
1292,0,0,194.7,45435.8,7,0,0
1930,2,4,14.6,63706.7,6,0,0
633,2,1,1287.0,19790.6,1,3,41393333
1902,1,4,12826.0,12148.1,0,0,0
587,0,3,44983.0,81035.5,0,0,0
1445,2,4,100.0,82584.8,6,0,0
2095,2,1,800.0,69448.8,1,8,43502605
1749,0,0,233.8,57841.9,7,0,0
815,2,1,532.0,33770.0,1,9,88912635
1184,2,1,4399.0,51853.2,5,12,7532716
2144,0,0,129.4,32178.1,7,0,0
1453,2,4,560.0,18916.4,0,0,0
1626,0,3,15259.0,65497.5,0,0,0
1433,2,4,6900.0,82886.7,0,0,0
1090,2,1,7663.0,19815.0,5,11,7883274
985,2,4,5900.0,43510.5,0,0,0
2114,0,0,211.4,49454.3,7,0,0
1361,2,1,1412.0,30746.0,1,5,31340134
1223,0,3,700.0,700.0,0,0,0
2114,2,4,100.0,21212.8,6,0,0
2114,2,4,14.6,21157.7,6,0,0
771,2,4,7100.0,36774.9,0,0,0
1841,2,4,14.6,51367.9,6,0,0
1459,2,4,2190.0,22481.0,0,0,0
1965,1,4,2784.0,72244.3,0,0,0
1450,2,4,1280.0,12788.4,0,0,0
1414,2,4,2700.0,26502.8,0,0,0
561,0,0,70.2,17365.5,7,0,0
714,0,0,167.6,49661.7,7,0,0
2175,0,0,95.3,23031.9,7,0,0
1115,0,3,21388.0,37464.8,0,0,0
1542,0,3,9141.0,92004.4,0,0,0
1267,2,1,7022.0,45626.1,1,6,35131472
1565,2,4,14.6,38977.1,6,0,0
757,2,1,2948.0,17260.7,5,5,87367409
2144,2,4,14.6,41907.7,6,0,0
1396,0,3,43637.0,97820.4,0,0,0
1551,2,4,1110.0,18823.7,0,0,0
964,2,4,4800.0,51167.6,0,0,0
1826,2,4,3120.0,23291.8,0,0,0
1315,2,4,14800.0,41264.4,0,0,0
2175,0,0,113.8,29118.3,7,0,0
1930,0,0,14.6,2740.4,7,0,0
1124,2,1,272.0,12604.8,1,6,32849800
1919,2,4,2350.0,37589.3,0,0,0
2126,2,1,7085.0,69912.6,5,12,17116374
765,0,3,200.0,200.0,0,0,0
1364,2,1,1457.0,42772.6,1,11,43192416
1991,2,4,14.6,28236.7,6,0,0
1543,2,4,5640.0,26139.2,0,0,0
1596,0,0,135.2,32405.6,7,0,0
1231,2,4,30.0,45784.4,6,0,0
1170,2,4,14.6,45932.4,6,0,0
1749,2,4,14.6,73826.7,6,0,0
1179,2,4,14600.0,35176.8,0,0,0
1947,2,4,930.0,20648.7,0,0,0
1323,2,4,14.6,61978.0,6,0,0
1601,2,1,3080.0,14907.8,5,13,41750836
1422,2,1,6190.0,56837.1,1,10,65394794
577,2,4,22800.0,59226.3,0,0,0
561,2,4,14.6,51554.8,6,0,0
1873,2,4,7000.0,-6006.9,5,0,0
1878,0,3,18639.0,45141.2,0,0,0
1436,2,5,2600.0,50265.9,0,0,0
1832,2,4,11900.0,13929.7,0,0,0
1231,2,4,14.6,19805.4,6,0,0
1079,0,0,293.0,75629.7,7,0,0
721,2,4,5700.0,44589.6,0,0,0
1789,0,3,15804.0,34210.1,0,0,0
1290,2,4,480.0,24011.0,0,0,0
135,0,0,65.2,21831.3,7,0,0
1732,2,1,6817.0,46954.9,5,13,98259973
1365,2,1,51.0,48157.1,3,8,61673647
996,2,1,6545.0,36776.3,5,6,33408683
2028,2,1,5774.0,87909.9,5,2,27758234
1626,0,0,234.2,79007.0,7,0,0
1977,2,4,8900.0,10479.5,0,0,0
1869,2,4,14.6,15727.7,6,0,0
2022,0,0,296.4,70719.1,7,0,0
1451,2,1,3094.0,11991.2,5,8,47586584
1832,2,4,1400.0,23603.1,0,0,0
1146,0,3,44503.0,112541.1,0,0,0
1758,2,1,132.0,39292.8,3,13,10269540
968,2,1,9454.0,47829.6,5,3,67286312
2095,2,4,14000.0,50141.6,0,0,0
1810,0,0,336.9,47898.7,7,0,0
221,0,3,300.0,300.0,0,0,0
719,2,4,420.0,18936.8,0,0,0
1907,0,3,20259.0,60253.1,0,0,0
1849,0,3,4477.0,37991.1,0,0,0
1810,0,0,207.1,38623.6,7,0,0
1231,0,3,38593.0,58246.8,0,0,0
1445,0,0,415.8,102469.5,7,0,0
1991,2,4,14.6,42994.0,6,0,0
1384,0,0,99.9,18556.0,7,0,0
1553,2,4,5000.0,33781.1,5,0,0
1117,0,3,20217.0,88392.6,0,0,0
759,2,1,3998.0,36364.1,5,9,65335863
1596,0,0,238.5,52182.3,7,0,0
135,0,0,105.1,29308.3,7,0,0
1805,2,4,900.0,33513.8,0,0,0
2175,0,0,174.6,33269.4,7,0,0
1609,2,1,1810.0,73708.3,1,9,88711630
1941,0,3,22060.0,57675.5,0,0,0
1792,2,1,4783.0,64992.2,5,11,42289441
1421,2,4,180.0,16076.9,0,0,0
1395,2,4,18100.0,41861.3,0,0,0
1657,2,4,14.6,50881.0,6,0,0
786,0,2,3456.0,25480.7,0,2,81058329
1975,2,1,3263.0,20931.4,5,10,73999780
1211,0,2,3099.0,13861.1,0,1,51605224
1180,2,4,4700.0,66837.8,0,0,0
2166,2,4,3500.0,24460.8,0,0,0
849,2,4,1750.0,30201.6,0,0,0
1999,2,1,1179.0,38316.1,5,10,79012286
1827,2,4,2040.0,21652.8,0,0,0
1576,0,3,20740.0,49365.7,0,0,0
1812,2,4,1200.0,83545.4,0,0,0
2001,2,1,6260.0,101255.2,5,12,43852061
1758,0,3,2100.0,43708.7,0,0,0
957,0,0,150.4,34671.2,7,0,0
1142,1,4,23119.0,6730.1,0,0,0
1879,2,1,128.0,59818.1,5,6,76674633
1836,2,5,2500.0,20329.7,0,0,0
736,2,4,1440.0,20511.2,0,0,0
1935,2,1,28.0,56921.0,1,7,78769749
1476,0,3,800.0,31160.0,0,0,0
2153,2,4,12300.0,49729.0,0,0,0
598,2,1,4543.0,37048.4,5,3,47699880
587,2,4,37400.0,62909.6,0,0,0
196,0,0,16.2,4651.2,7,0,0
1944,2,1,7844.0,68539.2,5,1,56361120
1559,2,4,400.0,30045.0,0,0,0
2062,2,4,1800.0,34570.4,0,0,0
842,2,1,2824.0,11952.0,5,7,50690215
1626,0,0,127.8,33371.3,7,0,0
2114,2,4,5700.0,21037.2,0,0,0
1526,2,4,6100.0,27428.6,0,0,0
561,2,4,14.6,40720.0,6,0,0
605,0,2,5740.0,31621.1,2,4,94336568
1110,0,0,155.5,5400.7,7,0,0
2149,0,3,34902.0,82778.4,0,0,0
1669,2,1,3032.0,28747.2,1,5,72730910
2144,2,4,30.0,89079.1,6,0,0
1900,2,4,11500.0,38335.7,0,0,0
1335,0,3,21013.0,44260.3,0,0,0
2027,0,3,6862.0,45343.5,0,0,0
1489,0,3,16212.0,41164.5,0,0,0
2039,2,4,3760.0,26010.8,0,0,0
1841,0,0,96.4,22962.7,7,0,0
423,0,3,39311.0,46649.1,0,0,0
1029,0,2,3989.0,18208.5,0,5,17588520
2086,1,4,13313.0,22283.1,0,0,0
1626,0,0,87.4,21579.6,7,0,0
1779,0,0,93.1,22622.2,7,0,0
476,2,1,1944.0,15077.4,0,4,69967859
1976,2,4,19200.0,65332.8,0,0,0
569,0,3,13067.0,42795.0,0,0,0
1304,2,1,6678.7,78185.0,8,12,54133033
940,0,2,6336.0,29924.3,2,1,4163349
1547,2,1,10202.0,16283.3,5,10,42430687
240,2,1,6994.0,27601.3,5,9,62958741
2022,0,0,145.9,24880.2,7,0,0
1105,0,3,4700.0,22361.2,0,0,0
2144,2,4,14.6,37376.2,6,0,0
1592,1,4,14245.0,107867.1,0,0,0
1414,2,4,14.6,14101.7,6,0,0
969,2,1,5983.0,9831.2,8,13,64831644
288,0,0,325.3,59674.3,7,0,0
1018,2,4,14.6,47401.5,6,0,0
1731,2,1,7823.0,33000.1,5,2,85543155
937,2,4,1900.0,22682.8,0,0,0
1384,2,4,14.6,35711.1,6,0,0
592,0,0,83.1,19323.7,7,0,0
1657,0,0,103.4,26714.6,7,0,0
1913,2,1,6035.0,50505.0,5,10,20439923
1837,2,4,4800.0,38643.9,0,0,0
439,0,0,153.2,37698.0,7,0,0
714,0,0,131.5,29005.5,7,0,0
1476,0,0,30.1,12472.1,7,0,0
2155,2,4,210.0,29362.5,0,0,0
1018,0,0,362.7,76421.7,7,0,0
1152,2,1,1537.0,41593.7,5,8,30949759
1789,2,1,5156.0,44177.4,5,4,93220632
1718,0,0,106.9,24375.7,7,0,0
1634,2,4,1320.0,22821.9,0,0,0
1556,2,4,3120.0,18927.9,0,0,0
1942,0,3,21854.0,70112.4,0,0,0
957,0,0,182.3,42450.9,7,0,0
1729,2,1,8196.0,55837.9,5,4,66272967
2065,2,1,4188.0,65823.0,5,4,75963014
1008,2,4,1400.0,46389.0,0,0,0
378,2,4,2700.0,41684.6,0,0,0
1958,2,4,1200.0,15324.3,0,0,0
1027,0,2,25973.0,60067.8,0,1,35140204
773,0,0,58.2,14648.6,7,0,0
1462,2,4,4500.0,38200.1,0,0,0
1292,0,0,117.8,27928.3,7,0,0
987,0,0,138.5,31412.5,7,0,0
1626,0,0,247.7,72044.7,7,0,0
1903,2,4,1320.0,19645.5,0,0,0
1779,0,0,165.3,39389.7,7,0,0
1210,0,3,23574.0,64487.5,0,0,0
1057,2,1,6634.0,26282.9,5,5,28239637
1395,2,1,7213.0,43688.9,5,13,21816671
1657,2,4,14.6,39906.7,6,0,0
2114,2,4,30.0,36093.1,6,0,0
491,0,3,300.0,300.0,0,0,0
293,2,1,82.0,66862.3,1,8,91551339
1110,2,4,14.6,17774.0,6,0,0
1970,0,3,23582.0,41471.1,0,0,0
1735,0,3,4700.0,23752.0,0,0,0
940,0,3,10417.0,22117.0,0,0,0
1911,0,3,22753.0,79401.3,0,0,0
444,2,1,2125.0,19064.0,5,4,17588830
971,0,2,3428.0,17693.2,0,6,45731806
777,2,4,5700.0,19583.8,0,0,0
1643,0,3,38662.0,88804.3,0,0,0
1633,0,2,5544.0,27002.1,2,4,5454445
670,0,3,10292.0,44729.6,0,0,0
1631,2,1,3254.0,14714.8,5,6,24701452
1323,0,0,95.9,23655.7,7,0,0
1701,0,3,10600.0,22041.9,0,0,0
695,2,1,2118.0,29998.6,5,11,56898051
726,2,4,1920.0,15576.0,0,0,0
1535,2,4,14.6,29003.3,6,0,0
1414,2,4,14.6,13701.3,6,0,0
1695,0,3,18506.0,60179.6,0,0,0
1139,0,0,132.9,33595.5,7,0,0
1421,2,4,23800.0,26177.0,0,0,0
1476,0,0,87.8,19577.6,7,0,0
1511,2,4,1000.0,20637.2,0,0,0
1450,2,1,4054.0,15511.0,5,2,28175699
1906,2,4,12300.0,34791.7,0,0,0
1414,0,0,93.6,21693.6,7,0,0
530,0,0,273.3,48542.8,7,0,0
1384,0,0,165.1,41156.6,7,0,0
1535,0,0,245.7,58040.8,7,0,0
1358,0,3,24150.0,62051.3,0,0,0
1695,0,3,11103.0,42188.2,0,0,0
1815,2,1,3067.0,20570.4,1,1,19900185
1268,2,1,4514.0,96725.0,5,9,67616367
318,0,0,27.5,11059.4,7,0,0
1930,0,0,215.5,66896.9,7,0,0
469,2,4,14.6,20818.8,6,0,0
1610,2,1,2411.0,52910.5,1,2,33796209
2144,2,4,14.6,70006.0,6,0,0
754,2,1,2360.0,14468.2,5,5,76645076
2022,2,4,14.6,53429.4,6,0,0
1244,2,4,1300.0,28974.7,0,0,0
1841,2,4,14.6,17584.8,6,0,0
1977,0,3,1300.0,23642.0,0,0,0
1832,2,4,5100.0,30113.3,0,0,0
1504,0,0,269.3,70198.1,7,0,0
508,2,4,8950.0,12737.8,0,0,0
865,2,4,14.6,80978.7,6,0,0
1571,2,4,2000.0,31013.4,0,0,0
1991,2,4,14.6,17592.7,6,0,0
1821,2,4,2200.0,2331.4,0,0,0
2053,0,0,172.4,48261.8,7,0,0
445,2,1,1869.0,26722.9,5,8,38012558
2022,2,4,14.6,38677.3,6,0,0
1570,2,1,3317.0,17425.2,5,6,26504409
1991,0,0,83.1,16580.6,7,0,0
1758,2,1,750.0,50925.4,1,8,28932172
302,2,1,4397.0,38580.1,5,3,69850820
1200,0,0,13.4,13805.4,7,0,0
1988,2,4,4850.0,22894.3,0,0,0
1574,0,2,30463.0,73151.5,0,12,15323031
1640,0,2,5781.0,20626.0,2,13,23886204
1761,0,2,4366.0,25061.9,2,2,86882507
1139,2,4,14.6,29948.3,6,0,0
1626,2,4,14.6,51070.0,6,0,0
1961,0,0,193.6,49266.9,7,0,0
1431,2,4,3000.0,59741.6,0,0,0
1797,2,4,2880.0,44332.8,0,0,0
2104,2,4,800.0,16875.7,0,0,0
1779,0,0,308.7,80637.3,7,0,0
1540,0,3,12275.0,47356.0,0,0,0
1869,2,4,14.6,15944.0,6,0,0
1240,2,1,959.0,37772.0,3,9,80934089
926,0,0,202.6,34180.1,7,0,0
1079,2,4,30.0,71032.5,6,0,0
1900,0,0,155.5,38170.8,7,0,0
1170,0,0,255.5,69384.2,7,0,0
716,2,4,570.0,23765.4,0,0,0
1670,2,1,2058.0,30676.3,5,3,63081496
1596,2,4,14.6,53074.0,6,0,0
1794,2,4,3200.0,35717.1,0,0,0
1476,2,4,14.6,27702.2,6,0,0
1509,2,1,1936.0,12868.7,5,9,66230869
633,0,3,16610.0,74451.6,0,0,0
1841,2,4,14.6,13109.4,6,0,0
1421,0,2,4555.0,24000.5,2,9,39513594
1731,0,3,18960.0,53261.4,0,0,0
1048,2,4,14.6,54705.7,6,0,0
1930,0,0,139.3,35038.9,7,0,0
2119,2,1,1497.0,15819.3,1,12,11276412
1995,1,4,16430.0,77648.5,0,0,0
1110,0,0,17.8,6339.8,7,0,0
1414,0,0,209.4,47297.7,7,0,0
1815,2,4,1900.0,24546.6,0,0,0
933,2,1,5542.0,40230.9,1,12,28735864
1718,0,0,154.9,38266.0,7,0,0
2124,0,3,28302.0,30783.3,0,0,0
1571,2,1,141.0,33768.1,3,3,83359431
1548,2,1,5044.0,59398.2,5,2,94928621
469,0,0,120.8,27955.4,7,0,0
1292,0,0,73.2,45478.2,7,0,0
1936,0,3,4470.0,52214.1,0,0,0
2053,0,0,94.9,23959.6,7,0,0
1542,2,4,30600.0,41927.9,0,0,0
2004,2,1,3962.0,73043.7,5,13,270581
1048,0,0,107.9,25799.5,7,0,0
1732,2,4,2500.0,53128.3,0,0,0
1200,0,0,7.2,-2733.9,7,0,0
1482,0,2,10699.0,31848.9,0,6,38067805
1815,2,1,6327.0,30707.6,5,5,24488801
1491,1,4,11837.0,29160.7,0,0,0
1327,2,4,5040.0,25189.6,0,0,0
1048,0,0,198.3,47418.2,7,0,0
1671,0,3,21904.0,84342.1,0,0,0
2063,0,3,12720.0,6228.9,0,0,0
318,0,0,102.4,24385.7,7,0,0
1612,2,4,23000.0,43107.9,0,0,0
349,2,4,14.6,28167.8,6,0,0
1912,2,1,3259.0,18868.4,5,10,80573415
265,2,1,4806.0,30270.4,5,5,35235697
1882,0,3,21602.0,66838.0,0,0,0
1335,2,1,1056.0,22462.9,8,7,63233262
1761,2,1,841.0,70189.3,8,13,96265625
2114,0,0,66.6,15368.3,7,0,0
1596,2,4,100.0,64267.6,6,0,0
683,0,0,98.0,24492.1,7,0,0
1782,2,4,3480.0,28876.5,0,0,0
722,0,3,15300.0,13000.5,0,0,0
1475,2,4,5100.0,7776.9,0,0,0
1991,0,0,181.0,47087.9,7,0,0
1132,2,4,3960.0,30883.8,0,0,0
1275,2,4,600.0,44629.7,0,0,0
972,0,3,1900.0,32702.2,0,0,0
882,2,4,21600.0,47139.8,0,0,0
408,2,4,14.6,28827.8,6,0,0
1269,2,1,2880.0,33399.5,5,7,62729650
482,2,1,806.0,26831.8,1,8,54766887
530,0,0,91.9,18077.2,7,0,0
1535,2,4,2000.0,79500.4,0,0,0
1701,0,2,6765.0,64356.5,2,9,59922486
2126,2,1,5165.2,40165.7,8,4,85308313
1978,0,3,900.0,26695.1,0,0,0
1455,0,3,1000.0,18761.9,0,0,0
700,2,4,3520.0,47344.0,0,0,0
1353,0,0,253.3,58230.9,7,0,0
2114,0,0,293.2,68899.3,7,0,0
325,2,1,2119.0,38403.2,1,2,63311707
1110,0,0,149.9,28536.6,7,0,0
1236,2,1,6862.0,56223.1,5,4,83964973
1881,2,4,27700.0,93439.6,0,0,0
1365,2,4,15100.0,2658.9,5,0,0
1657,0,0,262.9,45384.2,7,0,0
1126,0,3,32179.0,91464.3,0,0,0
1856,2,4,4100.0,50977.9,0,0,0
1797,1,4,17282.0,46407.8,0,0,0
1392,2,4,19200.0,110576.4,0,0,0
1656,0,3,26331.0,94483.5,0,0,0
714,0,0,208.5,49863.8,7,0,0
1869,2,4,14.6,17573.5,6,0,0
1353,2,4,14.6,15310.5,6,0,0
1456,2,1,1852.0,19692.6,5,8,14075744
1749,0,0,124.3,63429.3,7,0,0
1991,2,4,14.6,-164.3,6,0,0
1226,2,4,49000.0,77478.8,0,0,0
719,2,4,4640.0,44405.0,0,0,0
2144,0,0,47.6,4423.7,7,0,0
804,2,4,14.6,21578.5,6,0,0
1900,2,4,14.6,51957.7,6,0,0
1363,2,1,4376.0,22261.2,5,1,38360536
575,0,3,20258.0,39163.5,0,0,0
1688,0,0,209.7,45247.0,7,0,0
52,0,3,17366.0,50637.2,0,0,0
1231,0,0,132.1,32237.7,7,0,0
1058,2,4,1700.0,68431.3,0,0,0
1459,2,4,1400.0,40775.5,0,0,0
1299,2,4,5300.0,83830.2,0,0,0
1110,0,0,192.7,19572.7,7,0,0
653,2,4,14.6,44844.4,6,0,0
1231,2,4,30.0,37414.8,6,0,0
1535,2,4,14.6,16191.3,6,0,0
2053,2,4,14.6,24019.2,6,0,0
1991,0,0,139.1,19488.9,7,0,0
369,0,3,32433.0,43083.4,0,0,0
1268,2,1,1995.0,33256.1,1,7,16825324
2035,2,1,4606.0,17682.9,5,7,8011526
1998,0,3,12368.0,33846.7,0,0,0
939,0,3,14963.0,35592.6,0,0,0
895,2,4,14.6,52910.8,6,0,0
598,0,2,6388.0,38643.8,2,13,91520028
1906,0,2,21736.0,64637.6,0,6,32445126
323,2,4,1100.0,24968.9,0,0,0
1459,0,3,1500.0,39682.0,0,0,0
1032,2,1,145.0,27884.2,5,2,77015351
1951,2,4,33300.0,62074.9,0,0,0
1596,2,4,14.6,37766.9,6,0,0
1900,2,4,14.6,18635.2,6,0,0
2153,2,1,842.0,39919.0,3,8,9106064
1854,0,3,19902.0,66678.2,0,0,0
335,2,4,4500.0,77972.2,0,0,0
1476,2,4,14.6,17947.2,6,0,0
1358,1,4,19150.0,61427.3,0,0,0
2016,2,4,840.0,74691.2,0,0,0
369,2,4,3600.0,43113.1,0,0,0
2122,0,2,29316.0,101506.5,0,11,24909997
1825,2,4,2280.0,12707.8,0,0,0
349,0,0,209.7,52957.6,7,0,0
1935,2,1,3295.0,17540.2,1,6,63607060
1184,0,3,2400.0,31269.2,0,0,0
469,2,4,14.6,30686.1,6,0,0
1861,0,3,16936.0,39756.8,0,0,0
773,0,0,144.1,28631.2,7,0,0
1626,0,0,131.5,29297.9,7,0,0
1458,2,4,16500.0,36104.1,0,0,0
1831,2,4,1500.0,12458.8,0,0,0
2028,2,1,1110.0,51038.7,1,1,79838293
1626,2,4,14.6,6134.5,6,0,0
1961,0,0,64.0,15236.4,7,0,0
1670,0,3,1100.0,22168.5,0,0,0
1657,2,4,14.6,25682.1,6,0,0
1981,2,4,16480.0,64532.1,0,0,0
1472,2,4,3000.0,56561.5,0,0,0
926,2,4,30.0,94622.7,6,0,0
2053,2,4,14.6,38096.7,6,0,0
1869,0,0,96.9,20819.4,7,0,0
2083,0,0,318.8,72890.1,7,0,0
1575,0,3,24697.0,42532.6,0,0,0
1846,0,3,11548.0,39730.9,0,0,0
2005,0,3,16654.0,91006.1,0,0,0
1360,0,3,20087.0,58179.6,0,0,0
1384,2,4,14.6,16045.0,6,0,0
1869,2,4,14.6,37735.0,6,0,0
1821,2,1,492.0,30343.3,5,9,59281444
1207,2,1,6275.0,31304.0,3,7,30308371
1981,2,4,46720.0,31333.9,0,0,0
524,0,3,3900.0,19278.0,0,0,0
2129,0,3,700.0,25236.6,0,0,0
1702,0,3,8387.0,35073.6,0,0,0
1657,0,3,2000.0,22070.8,0,0,0
2094,2,1,2957.0,55733.0,5,11,84661042
1875,0,2,6192.0,48162.2,2,7,65036064
2087,1,4,18620.0,24501.1,0,0,0
1792,0,2,6556.0,62413.7,2,1,70656674
874,2,1,4872.0,29486.0,5,7,95121895
1011,2,4,4600.0,32527.1,0,0,0
2066,0,3,12903.0,76465.6,0,0,0
1330,2,1,10707.0,33558.9,5,10,92322378
2035,2,1,1952.0,86750.7,5,11,40699601
1551,2,4,12600.0,59185.3,0,0,0
1823,2,1,3805.0,62981.7,1,5,47999680
359,2,4,2700.0,27061.9,0,0,0
1176,2,1,1852.0,28918.6,1,5,61951309
1210,2,1,439.0,16077.8,0,1,25955593
1779,0,0,114.9,32412.2,7,0,0
1514,2,4,15200.0,43044.5,0,0,0
566,2,1,215.0,16037.6,0,7,39040500
1428,2,1,646.0,38169.2,1,10,14472324
2155,2,1,345.0,38369.1,3,7,25822711
1285,0,3,46662.0,134685.3,0,0,0
2022,2,4,14.6,14160.9,6,0,0
1572,2,1,6273.0,27291.5,5,13,48868894
1440,2,4,840.0,18362.5,0,0,0
561,2,4,14.6,21113.6,6,0,0
1292,2,4,14.6,21882.5,6,0,0
2149,0,3,35292.0,75280.1,0,0,0
804,0,0,41.4,7939.1,7,0,0
2114,0,0,232.9,60389.5,7,0,0
2144,0,0,78.8,14805.8,7,0,0
742,2,4,42100.0,88735.7,0,0,0
1445,0,0,213.3,60473.5,7,0,0
987,2,4,14.6,27226.5,6,0,0
1720,2,4,11800.0,42673.9,0,0,0
2083,2,4,14.6,39475.4,6,0,0
846,2,1,5177.0,30568.1,5,7,57331061
2079,2,4,3100.0,33572.0,0,0,0
1425,0,2,4189.0,32103.2,2,11,85405993
1358,2,1,8992.0,56354.1,5,4,36411053
627,2,1,4692.0,21579.0,5,9,46158099
2022,2,4,14.6,2916.0,6,0,0
1523,2,4,5300.0,20906.7,0,0,0
1818,2,4,1230.0,15426.7,0,0,0
631,2,1,1110.0,41572.3,3,10,86234765
1458,2,1,1075.0,26175.0,1,13,64481568
1901,2,4,12200.0,44694.1,0,0,0
1547,0,2,37346.0,71172.3,0,8,16093504
1852,0,3,5709.0,35042.8,0,0,0
1660,0,3,1100.0,1100.0,0,0,0
1482,2,4,2900.0,12318.0,0,0,0
988,0,3,32707.0,57010.7,0,0,0
1991,0,0,209.2,48494.6,7,0,0
2120,0,3,14260.0,27685.8,0,0,0
834,0,0,14.1,4594.3,7,0,0
901,0,2,3495.0,30366.4,0,7,8035934
913,0,3,1700.0,35423.9,0,0,0
380,0,0,116.5,26342.0,7,0,0
530,2,4,14.6,33858.8,6,0,0
1961,2,4,14.6,16991.3,6,0,0
1991,2,4,14.6,64704.5,6,0,0
1521,0,3,1300.0,36728.3,0,0,0
2173,2,4,1120.0,33109.8,0,0,0
1811,2,4,40800.0,48947.9,0,0,0
1535,2,4,14.6,51697.7,6,0,0
1849,0,2,4600.0,16994.3,2,11,78127258
1848,2,1,2750.0,11064.0,5,2,6447190
2144,2,4,14.6,19787.2,6,0,0
1088,0,3,45526.0,60203.7,0,0,0
1243,2,1,5202.0,28785.6,5,1,5552345
1614,2,4,40640.0,47516.3,0,0,0
2152,2,4,21100.0,23445.7,0,0,0
1855,2,4,2600.0,25396.1,0,0,0
1688,2,4,14.6,42184.5,6,0,0
2152,2,1,3282.0,11381.3,5,11,74620097
1900,0,0,195.1,45090.5,7,0,0
1640,0,3,8400.0,18175.7,0,0,0
674,2,4,2700.0,61199.4,0,0,0
1596,0,0,240.9,59095.8,7,0,0
732,2,4,17300.0,67591.4,5,0,0
1476,2,4,14.6,53053.2,6,0,0
1584,2,4,4100.0,35615.3,0,0,0
653,2,4,14.6,25156.4,6,0,0
1779,2,4,16400.0,23532.6,0,0,0
1110,2,4,14.6,28640.5,6,0,0
1476,2,4,14.6,88448.9,6,0,0
1604,2,1,511.0,12375.7,3,6,40627336
321,0,3,27584.0,125597.2,0,0,0
1869,2,4,14.6,28008.7,6,0,0
2022,0,0,79.3,19528.6,7,0,0
1882,2,4,11900.0,51509.2,0,0,0
1213,2,1,4783.0,50408.3,5,11,42289441
1822,2,4,1500.0,72445.3,0,0,0
1816,2,4,3480.0,47253.4,0,0,0
1188,2,4,7200.0,20872.9,0,0,0
1601,0,3,30320.0,46025.4,0,0,0
257,0,0,115.7,27290.5,7,0,0
39,2,4,4500.0,28994.0,0,0,0
1779,0,0,73.2,12367.1,7,0,0
1895,0,3,37737.0,96591.4,0,0,0
1828,2,4,2400.0,20594.6,0,0,0
389,2,1,406.0,15746.6,5,2,66285890
905,2,1,458.0,21532.2,1,2,43622702
636,0,3,17735.0,47845.2,0,0,0
2133,2,4,3300.0,86147.6,0,0,0
2154,2,1,2934.0,48346.4,1,7,12516117
1313,0,3,42663.0,71491.3,0,0,0
1761,0,3,4100.0,51000.5,0,0,0
1833,2,4,6900.0,48781.6,0,0,0
812,2,1,2343.0,31747.5,5,8,3728384
623,2,4,3520.0,16184.7,0,0,0
1469,2,4,1000.0,44604.5,0,0,0
622,0,0,242.3,52083.8,7,0,0
1754,2,1,9905.0,52448.2,5,9,83041977
1579,2,1,2404.0,14127.6,5,9,70611452
1304,0,2,6454.0,18412.8,2,13,55372971
1635,0,3,25849.0,70370.3,0,0,0
380,0,0,174.1,42158.9,7,0,0
453,0,3,12045.0,12945.0,0,0,0
210,2,1,2875.0,40175.5,1,8,92192554
1930,0,0,200.3,31835.7,7,0,0
1414,2,4,14.6,12603.0,6,0,0
480,2,1,6070.0,62204.1,1,5,58999049
561,0,0,347.0,133041.1,7,0,0
980,2,4,300.0,21756.5,0,0,0
1578,2,1,10303.0,22730.2,1,2,79112446
1389,2,1,11462.0,92258.0,5,7,28563004
1847,0,2,12485.0,35267.1,0,3,83870011
1838,2,4,720.0,19137.3,0,0,0
1700,2,1,5292.0,28682.9,8,5,38607579
408,0,0,118.4,30386.9,7,0,0
1788,2,4,19000.0,65677.2,0,0,0
1079,0,0,60.7,13895.2,7,0,0
1565,0,0,62.3,15400.8,7,0,0
1944,2,1,3460.0,88748.8,5,5,50074374
1048,0,0,89.6,20238.8,7,0,0
1490,2,4,22800.0,54806.1,0,0,0
1965,2,4,18900.0,26965.0,0,0,0
1032,2,4,390.0,22227.3,0,0,0
881,2,4,10000.0,33125.6,0,0,0
1483,0,2,5298.0,22799.5,2,11,14132887
935,2,1,868.0,19762.6,1,13,61671554
814,2,1,3268.0,53008.6,5,12,32364529
1333,2,1,6327.0,12906.4,1,10,98308729
2029,0,2,3190.0,25200.4,0,9,19271183
2114,2,4,14.6,47670.0,6,0,0
1894,2,4,3120.0,29194.6,0,0,0
1944,2,1,4101.0,27943.8,1,9,91295229
1982,2,4,10050.0,16615.4,0,0,0
361,2,4,24700.0,48016.0,0,0,0
1626,0,0,122.2,25963.9,7,0,0
932,2,4,4800.0,12889.9,5,0,0
1671,2,4,28100.0,62756.8,0,0,0
1779,0,0,99.3,23678.1,7,0,0
1838,2,4,1100.0,56606.8,0,0,0
1657,2,4,14.6,14977.6,6,0,0
1793,0,2,5902.0,32034.5,2,6,37875920
2021,2,5,500.0,32982.0,0,0,0
367,2,4,3000.0,17639.8,0,0,0
1730,2,1,2858.0,13550.9,1,13,41987031
2062,0,3,26099.0,117039.2,0,0,0
1766,0,3,100.0,57749.3,0,0,0
2096,0,3,24230.0,68225.9,0,0,0
1565,0,3,21078.0,90679.2,0,0,0
1360,2,1,1726.0,23870.8,3,9,46706521
2156,2,1,577.0,69255.4,3,2,50336754
2097,2,4,2900.0,19359.5,0,0,0
1504,2,4,14.6,38116.6,6,0,0
1540,0,3,16688.0,65978.8,0,0,0
2083,0,0,113.8,27536.3,7,0,0
2092,1,4,14101.0,24654.7,0,0,0
1997,0,2,2911.0,17642.4,0,11,79939847
1662,2,1,5856.0,89796.2,1,2,41400957
2159,2,5,7200.0,85725.6,0,0,0
1635,2,1,1033.0,12712.0,1,2,72363370
1396,2,1,1241.0,35925.1,8,4,50695323
636,0,2,3039.0,17272.1,0,9,19752383
1379,2,4,14000.0,50790.1,0,0,0
1973,2,1,11994.0,88440.2,5,5,88971179
1786,0,2,3437.0,16911.3,0,5,13867229
2175,0,0,143.4,34594.8,7,0,0
1761,2,1,177.0,13679.7,3,4,42905002
1688,0,0,196.1,23336.9,7,0,0
1997,2,1,4654.0,65731.0,5,3,84733318
1110,2,4,14.6,14620.5,6,0,0
1463,2,4,2100.0,83747.3,0,0,0
1633,2,1,778.0,19338.6,1,9,34794885
2171,2,4,5640.0,75885.8,0,0,0
1760,0,3,6128.0,80259.0,0,0,0
957,2,4,14.6,35149.4,6,0,0
2158,2,1,992.0,20041.8,0,8,56678074
1059,2,1,4878.0,29790.9,1,10,59019696
1395,2,4,10300.0,34652.4,0,0,0
1869,2,4,14.6,36875.4,6,0,0
1329,0,3,47542.0,83048.1,0,0,0
1818,2,5,3600.0,48681.6,0,0,0
1189,2,4,2600.0,30028.8,0,0,0
2060,0,2,4412.0,18430.2,2,9,81732165
203,0,3,7766.0,15466.0,0,0,0
1170,2,4,14.6,50913.3,6,0,0
2012,0,3,4800.0,42996.0,0,0,0
1343,2,4,1400.0,43037.3,0,0,0
2129,0,3,500.0,27585.2,0,0,0
653,0,0,108.4,25124.5,7,0,0
1476,2,4,14.6,39473.3,6,0,0
1329,0,3,24409.0,49905.7,0,0,0
2022,0,0,300.4,70874.2,7,0,0
1451,2,4,4200.0,53235.8,0,0,0
1912,2,1,935.0,27728.0,8,9,98730998
2123,2,1,1827.0,10777.5,1,3,49177348
1565,0,0,176.5,36896.5,7,0,0
1272,0,2,4039.0,13247.1,2,4,30588859
1626,0,0,146.6,33902.4,7,0,0
2083,2,4,14.6,21786.1,6,0,0
1394,0,3,8073.0,30192.2,0,0,0
962,2,1,7329.0,35131.0,1,4,16341108
1702,2,1,1615.0,38346.3,5,7,86481719
2151,2,1,2655.0,14836.6,5,2,9322101
299,0,2,4758.0,17510.6,2,4,89825009
1664,0,3,5442.0,20625.8,0,0,0
1900,2,4,14.6,74780.1,6,0,0
1175,2,4,13500.0,62790.0,0,0,0
2036,2,1,8319.0,29299.2,5,12,64432430
2095,2,1,9020.0,1432.2,8,4,8226937
2089,2,4,2700.0,4792.0,0,0,0
1975,0,3,20553.0,33963.7,0,0,0
2009,2,4,1600.0,18987.0,0,0,0
1018,0,0,100.6,25682.0,7,0,0
931,2,1,8030.0,34834.9,5,2,58175218
2036,2,4,18300.0,74074.8,0,0,0
872,2,1,6329.0,61401.6,5,5,37686020
1718,2,4,14.6,27833.4,6,0,0
754,2,1,3859.0,34263.5,1,9,69614529
2049,2,4,1440.0,22434.9,0,0,0
1126,0,3,45566.0,59325.0,0,0,0
722,2,4,6000.0,57953.4,0,0,0
995,0,2,41445.0,88523.3,0,4,69871258
1847,2,1,259.0,34152.0,1,6,52448677
1106,0,3,2100.0,21256.3,0,0,0
804,0,0,111.4,29052.1,7,0,0
1565,2,4,14.6,38043.1,6,0,0
1790,2,4,2400.0,56051.1,0,0,0
1149,2,1,3074.0,17135.5,5,6,4520118
1900,2,4,129.6,-12717.0,4,0,0
1841,2,4,14.6,47167.6,6,0,0
2083,2,4,14.6,31955.3,6,0,0
674,2,4,5400.0,72690.3,0,0,0
2175,0,0,356.5,100277.1,7,0,0
1847,2,1,1759.0,28464.2,5,9,44548678
1116,2,1,3395.0,10182.8,5,9,70749723
1484,0,2,3230.0,32033.4,0,4,65810519
1794,0,3,48987.0,99218.4,0,0,0
1779,2,4,14.6,15111.5,6,0,0
683,0,0,109.7,28758.1,7,0,0
934,2,4,1600.0,35383.2,0,0,0
1200,0,0,43.0,16153.6,7,0,0
1183,2,1,240.0,18136.2,1,13,72860312
700,2,4,7500.0,30567.6,0,0,0
1846,2,1,2071.0,26459.0,5,10,17466086
1853,2,1,5768.0,32386.7,5,1,71994364
1869,2,4,14.6,59869.0,6,0,0
879,2,1,2444.0,44116.2,5,13,11799949
2088,2,1,370.0,38333.4,3,3,54978299
257,2,4,14.6,93520.5,6,0,0
660,0,2,12710.0,37766.8,0,4,78292494
393,2,1,1684.0,51358.3,1,8,19809311
2053,2,4,14.6,61748.0,6,0,0
714,0,0,116.2,28190.3,7,0,0
362,2,1,9252.0,46858.6,5,10,70412289
1557,2,4,4800.0,23978.4,0,0,0
158,2,4,12100.0,65821.2,0,0,0
2151,2,1,575.0,37226.2,5,6,56521683
1818,2,1,2970.0,26729.5,1,12,949460
2095,2,1,4393.8,56849.6,8,12,43853229
2116,2,4,19200.0,112104.9,0,0,0
1048,0,0,285.7,108492.7,7,0,0
1459,2,1,612.0,31057.8,1,5,8512616
1104,2,5,2200.0,48775.7,0,0,0
1450,2,1,1213.0,15443.1,1,5,50862812
1423,2,1,2173.0,15280.0,5,10,56916624
2144,0,0,149.2,27753.4,7,0,0
309,0,3,900.0,900.0,0,0,0
1787,2,1,2756.0,25745.3,5,7,65354591
1427,2,1,1153.0,17900.1,5,9,59860581
653,2,4,14.6,35869.3,6,0,0
534,2,4,7800.0,22941.3,0,0,0
1596,0,0,97.3,23628.2,7,0,0
1696,2,1,12133.0,39740.2,5,4,75780755
1727,2,4,16700.0,32625.9,0,0,0
1459,2,1,3044.0,20586.0,5,9,26919090
1664,0,3,24309.0,65242.2,0,0,0
2083,2,4,30.0,78361.5,6,0,0
1270,2,1,1978.0,25498.7,5,11,6799704
539,2,1,1923.0,37365.3,5,1,65687149
1048,0,0,114.1,26404.6,7,0,0
799,0,3,1700.0,23995.3,0,0,0
1414,0,0,53.7,12992.8,7,0,0
865,2,4,14.6,18054.4,6,0,0
1547,2,1,5091.3,27593.6,8,6,63660836
1236,2,1,10597.0,30097.1,5,9,35819530
1473,2,4,12300.0,37030.1,0,0,0
963,2,4,5800.0,28561.1,0,0,0
865,1,4,12712.0,6481.3,0,0,0
1292,0,0,79.7,19572.9,7,0,0
1458,0,3,24419.0,73404.8,0,0,0
1170,0,0,81.2,17252.0,7,0,0
1150,2,1,3525.0,54721.7,1,6,69761729
1718,2,4,14.6,22585.1,6,0,0
1718,0,0,241.8,60155.2,7,0,0
834,0,0,116.1,27246.1,7,0,0
1869,2,4,14.6,24296.9,6,0,0
755,2,1,2193.0,15815.6,5,4,89408212
653,0,0,101.2,28452.8,7,0,0
1263,2,4,5800.0,14824.0,0,0,0
1715,2,4,8600.0,41566.2,0,0,0
2152,2,4,13000.0,30947.0,0,0,0
1124,2,1,3067.0,45354.3,5,4,73269855
1618,2,4,2250.0,21434.7,0,0,0
272,2,4,21900.0,46330.5,0,0,0
1735,2,4,13000.0,29141.2,0,0,0
1360,1,4,16159.0,74826.7,0,0,0
1535,0,0,196.2,49189.1,7,0,0
1297,2,4,8400.0,39148.7,0,0,0
1596,2,4,14.6,15696.7,6,0,0
1445,2,4,30.0,34221.9,6,0,0
503,2,4,3000.0,58637.2,0,0,0
634,2,1,762.0,39403.8,5,4,62236136
1810,2,4,14.6,19498.1,6,0,0
1718,2,4,14.6,16082.4,6,0,0
734,2,4,1500.0,55829.9,0,0,0
408,2,4,14.6,17518.6,6,0,0
1420,2,4,4900.0,41147.6,0,0,0
1414,2,4,14.6,38003.8,6,0,0
1170,0,0,108.3,25146.4,7,0,0
1242,2,1,3061.0,21869.0,5,6,22873586
500,0,0,300.5,60726.4,7,0,0
745,0,0,112.5,21021.7,7,0,0
1445,2,4,14.6,24723.0,6,0,0
719,2,4,2080.0,25032.1,0,0,0
1476,2,4,14.6,33873.8,6,0,0
1218,2,4,8700.0,36814.7,0,0,0
2126,2,1,43.0,47714.4,1,3,9145510
1445,0,0,120.0,30594.7,7,0,0
1933,2,4,12100.0,47498.9,0,0,0
1560,2,4,300.0,17744.8,0,0,0
1723,2,1,6712.0,37993.5,1,5,93210345
1663,2,1,7.0,44863.0,1,13,83747803
408,2,4,14.6,43052.4,6,0,0
1262,2,4,2600.0,29440.4,0,0,0
1824,2,4,1200.0,45137.8,0,0,0
1157,0,3,11653.0,46313.0,0,0,0
1455,0,3,32266.0,88186.7,0,0,0
1666,2,1,693.0,63125.5,5,1,82410615
1832,2,5,1300.0,32320.5,0,0,0
1637,2,4,1700.0,51192.9,0,0,0
2144,0,0,336.1,94309.5,7,0,0
1841,0,0,86.3,17125.3,7,0,0
2022,0,0,72.0,18220.4,7,0,0
2114,0,0,117.5,32626.7,7,0,0
544,2,1,4754.0,56354.4,1,2,70427286
1353,2,4,14.6,22891.5,6,0,0
1079,0,0,184.3,31929.4,7,0,0
1971,0,3,14002.5,23290.8,0,0,0
2053,0,0,141.8,33595.2,7,0,0
1428,2,4,2880.0,22077.1,0,0,0
1445,2,4,14.6,32385.7,6,0,0
1846,0,2,35742.0,72711.8,0,5,36552822
1668,0,3,23943.0,75427.0,0,0,0
1535,0,0,224.7,54548.4,7,0,0
1445,0,0,115.9,28828.0,7,0,0
907,0,3,17478.0,33611.4,0,0,0
1875,2,1,2902.0,9263.6,5,2,63130450
1624,2,4,2880.0,34233.0,0,0,0
1458,2,5,500.0,44028.6,0,0,0
1139,0,0,78.5,22627.4,7,0,0
807,2,4,48900.0,65425.5,0,0,0
1859,2,4,300.0,37424.0,0,0,0
1504,2,4,14.6,19578.1,6,0,0
256,0,3,47938.0,109647.0,0,0,0
2095,0,3,17752.0,47591.6,0,0,0
1930,2,4,14.6,32801.6,6,0,0
1292,2,4,100.0,41565.5,6,0,0
682,2,4,3300.0,25194.2,0,0,0
873,2,1,4353.0,33164.2,5,6,85209738
867,1,4,13845.0,11460.0,0,0,0
1476,0,0,146.6,32454.8,7,0,0
1626,2,4,13300.0,37331.6,0,0,0
2106,0,3,26456.0,40246.4,0,0,0
917,1,4,13356.0,50159.5,0,0,0
2062,2,1,131.0,13116.7,1,10,17455786
1170,0,0,82.8,20984.1,7,0,0
1139,2,4,14.6,23167.7,6,0,0
1892,2,4,3500.0,25533.5,0,0,0
1153,2,1,2623.0,48808.1,5,3,52661430
1297,0,3,5209.0,33071.3,0,0,0
1700,2,1,210.0,37098.9,1,5,4607093
1762,0,2,5600.0,15960.4,2,12,93394022
1779,2,4,14.6,25612.1,6,0,0
1991,0,0,147.8,35956.4,7,0,0
1576,0,2,3970.0,41610.2,0,1,15435099
1476,0,0,115.6,24345.8,7,0,0
683,0,0,331.0,107934.4,7,0,0
1657,2,4,14.6,8955.6,6,0,0
1728,2,1,17.0,97150.5,3,12,87462937
2140,0,3,21749.0,47177.4,0,0,0
1731,2,1,13076.0,40570.3,5,3,69701927
1292,2,4,14.6,14188.8,6,0,0
1514,0,2,6157.0,40015.0,2,6,80579667
387,0,2,6019.0,19801.7,2,2,2445555
1657,2,4,14.6,14294.7,6,0,0
1474,0,3,100.0,34696.9,0,0,0
1942,2,1,3399.0,49204.7,8,2,11141997
1869,0,0,114.8,28258.7,7,0,0
1057,2,1,4773.0,34487.5,5,4,26513684
135,0,0,182.3,45722.9,7,0,0
1868,2,4,800.0,13066.2,0,0,0
2022,0,0,281.7,69602.5,7,0,0
1830,2,4,600.0,37030.2,0,0,0
1760,2,1,1018.0,36129.6,5,5,93051498
757,2,1,1380.0,18384.1,0,9,68556356
1961,2,4,14.6,41026.9,6,0,0
2033,0,3,22060.0,54593.1,0,0,0
1476,2,4,14.6,13692.6,6,0,0
2089,2,1,756.0,31927.9,5,8,36553853
1308,2,4,3700.0,30428.2,0,0,0
569,0,2,3230.0,20451.4,0,4,65810519
1717,0,3,35072.0,75736.1,0,0,0
1458,2,1,164.0,62943.7,1,3,48207306
1792,0,3,31114.5,89302.4,0,0,0
1700,2,1,2264.0,10891.6,5,3,95543610
1284,1,4,19050.0,23790.4,0,0,0
1688,0,0,380.7,97029.1,7,0,0
926,0,0,375.0,91174.2,7,0,0
1671,0,3,8637.0,61132.3,0,0,0
1961,0,0,222.8,59967.0,7,0,0
1649,2,4,10700.0,29364.4,0,0,0
1176,2,1,2976.0,30060.4,5,2,39119124
2120,0,2,3330.0,42889.0,0,8,83469372
1077,2,4,7100.0,37683.0,0,0,0
1329,0,3,18768.0,60525.8,0,0,0
1504,0,0,98.7,28306.3,7,0,0
1973,0,2,2921.0,25947.0,0,10,25428694
1139,0,0,87.2,33048.5,7,0,0
1604,2,1,2062.0,49863.3,5,11,70650827
2083,0,0,255.9,55335.3,7,0,0
592,2,4,14.6,20338.7,6,0,0
1277,0,3,1000.0,18970.4,0,0,0
1480,0,3,7924.0,25738.2,0,0,0
1534,2,4,5640.0,29853.9,0,0,0
1396,2,1,1869.0,20983.8,1,8,54130822
744,2,4,3480.0,66012.6,0,0,0
1810,0,0,80.1,24000.6,7,0,0
1779,2,4,45.7,-2850.4,4,0,0
297,0,3,10584.0,39524.3,0,0,0
1795,2,5,1400.0,62574.6,0,0,0
1110,0,0,108.5,22027.3,7,0,0
1900,0,0,171.3,48206.9,7,0,0
1302,2,4,6700.0,19374.9,1,0,0
2147,0,3,5210.0,33339.9,0,0,0
1755,0,2,6607.0,40484.1,2,10,3159904
1360,0,3,14158.0,43751.5,0,0,0
1757,2,1,5546.0,22908.4,5,6,3428757
1292,2,4,14.6,26524.8,6,0,0
1869,0,0,179.3,40460.7,7,0,0
2155,2,1,43.0,16991.3,5,1,56638652
1917,0,3,45170.0,94036.4,0,0,0
751,2,1,3422.0,18244.9,5,1,48282474
895,0,0,228.9,45509.0,7,0,0
1961,2,4,14.6,20137.7,6,0,0
561,0,0,118.0,33438.6,7,0,0
1701,0,3,28940.0,108350.5,0,0,0
1170,0,0,141.4,61790.4,7,0,0
478,2,1,1052.0,35787.1,3,11,74848830
1512,2,4,26400.0,39383.4,0,0,0
1610,2,4,6750.0,61532.3,0,0,0
1654,2,4,4200.0,33831.4,0,0,0
1087,2,4,690.0,15769.0,0,0,0
745,0,0,86.6,18508.8,7,0,0
2117,0,3,30361.0,70305.5,0,0,0
1476,0,0,100.5,23074.0,7,0,0
1431,2,4,1900.0,50669.6,0,0,0
1869,0,3,3500.0,21367.6,0,0,0
1398,2,1,847.0,14663.6,0,6,71021574
2075,0,3,42467.0,98907.8,0,0,0
1779,0,0,209.4,40503.9,7,0,0
524,0,3,36812.0,107428.6,0,0,0
1891,2,4,3700.0,32621.1,0,0,0
1307,2,4,3900.0,45870.5,0,0,0
1740,0,3,7900.0,36964.5,0,0,0
696,2,4,700.0,25982.5,0,0,0
2155,2,4,13900.0,69047.1,5,0,0
2061,2,1,46.0,70328.5,3,3,49409562
1950,0,3,38467.0,112403.9,0,0,0
783,0,3,19022.0,51260.7,0,0,0
2083,0,0,83.4,19495.1,7,0,0
482,2,1,411.0,29780.9,5,9,2754378
1991,2,4,14.6,26930.7,6,0,0
331,2,4,2700.0,24900.2,0,0,0
1512,2,1,1592.0,21580.0,3,13,38318204
926,0,0,207.9,47903.5,7,0,0
1916,2,4,7700.0,45938.9,0,0,0
1938,2,1,3306.0,40450.9,5,2,5837190
1193,2,4,9600.0,32871.3,0,0,0
1880,0,3,22100.0,39452.9,0,0,0
1337,2,5,2300.0,44492.8,0,0,0
2108,0,3,30737.0,74728.9,0,0,0
653,0,0,104.6,28741.2,7,0,0
2099,0,3,600.0,27820.3,0,0,0
1724,2,1,314.0,39510.7,5,13,3428841
1726,0,3,12951.0,58286.0,0,0,0
1961,2,4,14.6,24841.7,6,0,0
1150,2,4,17000.0,791.7,5,0,0
968,2,1,6551.0,28981.7,5,8,93773585
1938,0,2,30063.0,69761.9,0,4,81795167
855,2,4,1500.0,36197.5,0,0,0
1810,0,0,233.7,50146.2,7,0,0
1399,2,4,16900.0,15663.6,0,0,0
1781,2,4,47600.0,58802.3,0,0,0
1699,2,1,2329.0,29380.6,5,12,37676316
2034,0,3,22274.0,79457.3,0,0,0
2071,0,3,1500.0,60291.5,0,0,0
2098,2,4,8100.0,39158.3,0,0,0
1397,2,4,7600.0,11313.4,0,0,0
1079,2,4,14.6,17872.9,6,0,0
1431,2,4,26200.0,53742.1,0,0,0
2158,0,2,6382.0,19113.2,2,11,38306725
1621,2,4,9500.0,44914.9,0,0,0
735,2,4,1400.0,38519.9,0,0,0
2063,2,1,4682.0,16859.9,1,3,26847303
1444,2,4,25700.0,101709.1,0,0,0
622,0,0,244.3,56089.8,7,0,0
1938,2,1,1551.0,23751.2,1,6,95519256
2175,0,0,215.9,53701.0,7,0,0
2031,2,1,67.0,20704.7,0,5,59537684
1869,2,4,14.6,64673.7,6,0,0
1657,0,0,190.9,48784.4,7,0,0
2083,2,4,14.6,44704.5,6,0,0
1384,0,0,106.9,26351.4,7,0,0
1213,0,2,4827.0,34966.4,2,10,74801170
903,2,1,7543.0,33662.6,5,6,12718767
1792,2,1,989.0,36077.9,5,9,36398339
2114,2,4,14.6,30304.1,6,0,0
982,0,3,38312.0,132392.5,0,0,0
1841,0,0,71.7,15834.8,7,0,0
2022,0,0,154.8,39461.8,7,0,0
1799,2,4,3000.0,37128.5,0,0,0
1697,2,1,280.0,22814.2,1,5,44572526
1366,2,4,330.0,23295.1,0,0,0
1972,0,3,11040.0,36397.6,0,0,0
1450,2,1,6646.0,27276.6,1,9,98736470
264,2,4,17100.0,42843.3,0,0,0
1779,2,4,14.6,22163.3,6,0,0
1608,0,3,7000.0,39414.4,0,0,0
2129,2,4,26300.0,28462.7,0,0,0
1010,2,4,10300.0,39223.0,0,0,0
207,0,3,7481.0,8281.0,0,0,0
1023,0,3,19852.0,60063.0,0,0,0
1972,2,1,3638.0,11298.0,5,5,19240260
1760,2,1,3925.0,30498.1,5,6,18432247
1780,2,4,8400.0,65008.8,0,0,0
1482,2,1,3072.0,35106.2,5,6,24265569
757,2,1,4438.0,15240.1,5,1,99886172
1274,2,1,385.0,53379.7,1,5,21173686
1445,2,4,14.6,36426.0,6,0,0
2009,0,3,33845.0,47229.6,0,0,0
1071,2,4,1600.0,25193.9,0,0,0
368,2,4,2200.0,22016.2,0,0,0
1930,2,4,14.6,14735.9,6,0,0
1799,2,4,1100.0,15550.7,0,0,0
1019,2,4,3000.0,20450.3,0,0,0
2076,0,3,43370.0,101916.5,0,0,0
1961,2,4,14.6,13615.4,6,0,0
1670,2,1,2054.0,13916.4,0,11,94061445
785,2,1,4051.0,24315.0,8,3,88424551
1549,0,3,6583.0,24604.8,0,0,0
1639,2,1,1100.0,41450.4,1,7,24471074
2114,0,0,216.8,49695.9,7,0,0
1488,2,1,3719.0,76833.0,8,2,52011740
542,2,4,3900.0,56160.5,0,0,0
1571,2,4,40200.0,38347.4,0,0,0
1775,2,4,15300.0,93511.1,0,0,0
1978,2,4,3800.0,30542.9,0,0,0
1093,2,4,3600.0,76900.0,0,0,0
1626,0,0,175.4,35691.1,7,0,0
1231,2,4,14.6,35089.8,6,0,0
592,2,4,14.6,40196.7,6,0,0
963,0,2,5692.0,27944.2,2,4,51558619
1461,2,4,3000.0,15937.9,0,0,0
1419,2,4,960.0,16810.4,0,0,0
1749,2,4,14.6,51969.0,6,0,0
1626,2,4,4000.0,52354.9,0,0,0
2032,0,2,33722.0,41160.4,0,2,88180535
2028,2,4,7400.0,20456.5,0,0,0
408,2,4,14.6,33294.3,6,0,0
1317,0,3,47998.0,70687.5,0,0,0
1723,2,1,2139.0,16243.7,0,9,73784321
1806,2,4,4320.0,15328.1,0,0,0
1394,2,1,2163.0,16657.5,1,6,89226317
1749,2,4,14.6,36960.8,6,0,0
478,2,4,7100.0,28067.3,0,0,0
714,0,0,209.6,38380.7,7,0,0
2064,0,3,16640.0,55711.7,0,0,0
1110,0,0,27.8,-1816.1,7,0,0
1603,2,1,18.0,34702.8,3,10,6164783
408,0,0,70.6,23306.4,7,0,0
1626,2,5,500.0,38991.0,0,0,0
1996,0,3,17493.0,58157.5,0,0,0
905,2,1,6352.0,33771.5,5,10,34691494
2031,0,3,10078.0,24897.0,0,0,0
1514,2,1,2232.0,12948.3,0,6,30277490
1169,2,4,17700.0,41031.8,0,0,0
1639,0,3,21525.0,49956.8,0,0,0
1031,2,1,6470.0,34446.5,5,6,37861478
1396,2,1,2454.5,13107.6,8,12,42162633
1697,0,3,20630.0,56972.1,0,0,0
2119,2,1,2704.0,27924.7,1,12,12488460
957,0,0,262.8,63657.6,7,0,0
1323,2,4,14.6,58895.6,6,0,0
1261,2,4,14.6,49496.2,6,0,0
1526,2,4,9200.0,36215.2,0,0,0
1867,0,3,700.0,44054.8,0,0,0
2152,0,2,16060.0,14826.1,0,1,58915007
1568,0,3,16300.0,24824.0,0,0,0
1094,2,4,15360.0,25116.0,0,0,0
1975,0,3,9874.0,32767.7,0,0,0
1033,2,4,11900.0,30483.5,0,0,0
1615,0,3,2900.0,55039.9,0,0,0
1538,2,4,14000.0,18757.9,0,0,0
1044,0,3,1300.0,43567.4,0,0,0
1818,2,1,1374.0,57177.9,1,7,40625691
318,2,4,14.6,24824.9,6,0,0
2091,2,1,5051.0,32098.5,5,5,75322639
1099,2,4,2700.0,21927.2,0,0,0
1991,2,4,14.6,29058.2,6,0,0
1869,0,0,228.1,56468.2,7,0,0
1863,2,4,1110.0,16185.5,0,0,0
1707,2,4,7000.0,12506.7,0,0,0
901,0,3,13304.0,32154.6,0,0,0
1477,2,4,7700.0,26841.0,0,0,0
2114,2,4,14.6,33195.7,6,0,0
1234,2,4,1200.0,20930.1,0,0,0
2114,2,4,14.6,77803.5,6,0,0
1360,0,3,11584.0,54592.7,0,0,0
1170,2,4,14.6,25112.5,6,0,0
2022,0,0,58.7,12381.8,7,0,0
1323,0,0,151.1,25721.7,7,0,0
1740,2,4,5500.0,16065.2,0,0,0
2026,1,4,8542.0,6524.7,0,0,0
1930,2,4,14.6,25020.7,6,0,0
987,0,0,101.8,20515.2,7,0,0
865,0,0,168.1,38866.9,7,0,0
1384,0,0,167.0,40989.4,7,0,0
1869,0,0,93.6,27946.7,7,0,0
933,0,3,11429.0,43153.8,0,0,0
1982,2,4,43360.0,16227.5,0,0,0
1596,2,4,14.6,54494.8,6,0,0
963,2,1,3467.0,21284.8,5,13,33632028
622,0,0,95.2,23424.9,7,0,0
1665,0,3,1800.0,26550.3,0,0,0
1387,1,4,13171.0,50477.4,0,0,0
1810,2,4,14.6,36132.7,6,0,0
1068,2,4,600.0,86496.1,0,0,0
330,2,4,2240.0,23732.4,0,0,0
1018,2,4,100.0,25467.4,6,0,0
1941,2,1,2788.0,16984.7,5,12,33145171
1284,2,4,2880.0,18102.4,0,0,0
636,2,1,1066.0,23995.4,5,1,72237545
2000,0,2,3345.0,19732.0,0,12,1233965
1184,2,4,4000.0,25828.1,0,0,0
999,0,3,20176.0,52725.3,0,0,0
1634,2,1,8704.0,13052.0,5,6,66843986
2096,0,2,5265.0,16555.7,2,5,20078838
1626,0,0,158.0,39160.5,7,0,0
1462,2,4,1900.0,38126.3,0,0,0
1688,2,4,14.6,15864.7,6,0,0
1894,2,4,3040.0,13872.5,0,0,0
1698,0,3,5740.0,22930.4,0,0,0
784,0,3,11977.0,44939.2,0,0,0
1839,2,4,2900.0,36348.3,0,0,0
773,0,0,63.3,11179.7,7,0,0
2053,2,4,14.6,20959.0,6,0,0
1117,2,4,1400.0,34245.4,0,0,0
1940,2,1,2803.0,45458.7,3,1,32410866
683,0,0,334.7,89306.0,7,0,0
1469,2,4,1000.0,12334.7,0,0,0
1353,2,4,14.6,57805.8,6,0,0
1476,2,4,14.6,26842.7,6,0,0
1231,0,0,76.6,15483.0,7,0,0
1841,2,4,14.6,21670.3,6,0,0
1332,2,1,2636.0,16923.1,5,11,8378410
104,0,0,109.8,33575.6,7,0,0
1760,0,3,14607.0,39452.3,0,0,0
2053,0,0,88.7,21351.2,7,0,0
1365,2,1,3883.0,21330.3,8,13,28411376
1809,2,4,4000.0,43806.8,0,0,0
865,0,0,153.1,35094.5,7,0,0
1353,2,4,14.6,54733.0,6,0,0
1583,0,3,1900.0,43617.6,0,0,0
667,2,1,1984.0,26155.5,5,9,40581232
1446,2,4,15800.0,55840.5,0,0,0
665,2,4,8400.0,66368.0,0,0,0
561,2,4,14.6,22460.6,6,0,0
1445,0,0,172.7,35483.0,7,0,0
1624,0,3,400.0,29058.9,0,0,0
603,2,1,4.0,25779.9,3,11,90010833
1697,2,1,2565.0,25219.9,5,11,51321852
1639,2,1,6661.0,19207.7,5,9,41980844
1018,0,0,131.8,28564.5,7,0,0
1672,2,4,11700.0,18412.0,0,0,0
259,0,3,3700.0,25051.6,0,0,0
1961,2,4,14.6,65887.4,6,0,0
745,0,0,108.5,15888.6,7,0,0
2114,0,0,241.0,58489.6,7,0,0
1826,2,4,2760.0,66075.5,0,0,0
722,0,3,5588.0,35177.1,0,0,0
2162,2,4,14000.0,35425.8,0,0,0
1937,2,1,5542.0,66123.4,1,12,28735864
1489,0,3,20795.0,79910.9,0,0,0
1822,2,1,667.0,16424.2,1,11,42386043
1516,2,4,1800.0,45986.2,0,0,0
1911,0,3,16192.0,51302.1,0,0,0
1032,2,4,6500.0,40042.9,0,0,0
1178,0,3,16358.0,39806.6,0,0,0
1575,0,3,19022.0,76100.9,0,0,0
494,2,4,3900.0,36893.1,0,0,0
1671,2,4,13800.0,42104.5,0,0,0
2022,2,4,14.6,34503.8,6,0,0
1919,2,4,14200.0,42374.4,0,0,0
367,2,4,360.0,15432.0,0,0,0
1749,2,4,14.6,36901.5,6,0,0
2064,2,1,2809.0,32770.2,5,3,17186141
1855,2,4,11100.0,72764.8,0,0,0
1596,2,4,14.6,13750.0,6,0,0
982,2,4,13400.0,42818.6,0,0,0
1292,2,4,14.6,40749.5,6,0,0
1682,2,4,10700.0,20007.7,0,0,0
469,2,4,14.6,18300.3,6,0,0
1575,0,2,6007.0,27382.6,2,7,73166322
1242,0,3,1000.0,1000.0,0,0,0
1977,2,4,24000.0,30076.7,0,0,0
843,2,1,643.0,61284.5,5,12,32746297
1545,0,2,3141.0,17537.3,0,4,85133188
1184,2,1,9115.0,50395.1,3,1,22182023
595,2,4,24200.0,49912.6,0,0,0
785,0,3,10264.0,55807.4,0,0,0
1850,2,1,886.0,33671.1,1,4,34606760
1200,2,4,14.6,39477.1,6,0,0
1476,2,4,14.6,29938.0,6,0,0
1115,2,1,208.0,17202.3,1,11,90986024
1853,2,1,4318.0,13152.3,8,10,23146361
741,2,4,2700.0,21010.6,0,0,0
1971,0,2,3084.0,29066.2,0,13,10088116
245,1,4,9192.0,60685.7,0,0,0
937,2,1,120.0,25680.2,5,4,91385793
1079,0,0,291.7,36796.3,7,0,0
1822,2,4,1080.0,23799.7,0,0,0
1969,0,3,13387.5,29529.7,0,0,0
1961,0,0,142.1,33496.9,7,0,0
1231,2,4,14.6,22885.4,6,0,0
1214,0,2,3448.0,14518.8,0,7,44114095
2149,0,3,28530.0,79726.6,0,0,0
1565,2,4,30.0,64039.6,6,0,0
823,1,4,16120.0,77085.6,0,0,0
668,2,4,20800.0,39218.6,0,0,0
1540,0,3,9410.0,28719.0,0,0,0
1754,2,1,3424.0,18376.2,5,11,47578817
1247,2,4,11500.0,48879.8,0,0,0
1110,0,0,105.3,20413.3,7,0,0
1286,1,4,14487.0,111149.8,0,0,0
2138,2,5,1700.0,109781.0,0,0,0
1841,2,4,14.6,25775.2,6,0,0
1854,0,2,6654.0,19436.7,2,7,35284531
1456,2,1,912.0,44783.6,5,8,14523250
2114,0,0,93.6,15790.1,7,0,0
723,2,1,3387.0,34456.2,1,9,20404392
363,2,4,2700.0,34684.7,0,0,0
1608,2,1,7240.0,91504.2,8,8,35377323
1822,2,4,2240.0,28824.4,0,0,0
2127,0,2,4412.0,25174.8,2,10,45808875
2064,2,1,1820.0,13427.2,0,9,89147013
1850,2,1,537.0,11665.7,1,2,62099003
1456,0,3,23156.0,74514.7,0,0,0
1048,0,0,69.0,17094.7,7,0,0
1761,2,1,1944.0,43833.7,5,8,83157652
1225,0,3,40511.0,100340.9,0,0,0
1521,0,3,49627.0,78099.6,0,0,0
1795,2,4,6100.0,20874.7,0,0,0
962,0,3,23618.0,59648.3,0,0,0
478,0,3,21717.0,57482.4,0,0,0
1784,2,1,10597.0,51753.0,5,9,35819530
846,0,2,35548.0,86425.5,0,13,40064066
204,2,4,22200.0,46739.4,0,0,0
952,2,4,22600.0,43214.8,0,0,0
773,0,0,234.8,56998.2,7,0,0
1284,2,4,300.0,26158.1,0,0,0
1814,0,3,100.0,28818.8,0,0,0
535,2,4,300.0,28550.9,0,0,0
1397,0,2,6596.0,7096.0,2,10,12585705
1135,2,4,15600.0,44382.0,0,0,0
1170,0,0,376.0,100106.9,7,0,0
1905,2,4,32200.0,47358.9,0,0,0
1170,0,0,173.8,44095.8,7,0,0
1476,2,4,14.6,15431.2,6,0,0
1718,0,0,78.0,19177.5,7,0,0
683,0,0,160.5,41982.1,7,0,0
1961,2,4,14.6,57642.4,6,0,0
908,0,3,5100.0,19745.0,0,0,0
1936,2,1,8812.0,69986.3,5,6,91105961
419,0,2,3151.0,18997.5,0,13,74529486
1816,2,4,1520.0,23011.9,0,0,0
349,0,0,130.1,28686.5,7,0,0
261,0,3,49381.0,74070.0,0,0,0
1422,0,2,3542.0,10785.4,0,11,49954766
1579,0,3,2300.0,26005.7,0,0,0
1991,0,0,242.3,38754.7,7,0,0
1414,2,4,14.6,18820.3,6,0,0
1935,2,1,4426.0,58043.6,5,10,82192122
1966,2,4,11100.0,29659.9,0,0,0
2136,0,3,900.0,51060.8,0,0,0
685,2,4,4200.0,24028.0,0,0,0
873,2,4,3500.0,27422.3,0,0,0
745,0,0,128.1,20327.9,7,0,0
1895,0,3,27365.0,78874.2,0,0,0
2114,0,0,109.4,26970.7,7,0,0
1390,0,3,12913.0,36013.0,0,0,0
1087,0,2,3230.0,27588.4,0,4,65810519
1362,2,1,8822.0,34929.5,5,13,42362171
804,2,4,14.6,35418.3,6,0,0
1973,2,1,222.0,41526.9,1,1,82703417
1998,0,3,25185.0,77621.9,0,0,0
1483,0,2,15714.0,33037.8,0,4,98203420
1930,0,0,96.2,97047.3,7,0,0
1182,2,4,8000.0,19953.0,0,0,0
489,1,4,4833.0,21938.0,0,0,0
1576,2,1,3347.0,22702.5,5,9,745589
1666,0,3,13405.0,40741.3,0,0,0
1332,0,3,22644.0,120773.4,0,0,0
1384,2,4,14.6,25973.0,6,0,0
901,0,3,16993.0,17793.0,0,0,0
2022,2,4,29700.0,94369.1,0,0,0
1560,2,4,810.0,26595.3,0,0,0
1109,2,4,1300.0,14430.0,0,0,0
1749,2,4,14.6,25382.6,6,0,0
1261,0,0,102.8,20643.6,7,0,0
1535,2,4,14.6,40441.0,6,0,0
1452,2,4,3500.0,30619.2,0,0,0
2035,2,1,2802.0,60327.1,3,11,2714741
1900,0,0,235.2,55597.2,7,0,0
524,2,4,26400.0,49082.6,0,0,0
1110,2,4,14.6,13889.9,6,0,0
804,0,0,94.9,20239.8,7,0,0
1116,2,1,3175.0,20004.0,5,8,2533764
1330,2,1,2691.0,29287.8,5,3,82371133
1578,0,3,18625.0,81710.8,0,0,0
1616,2,4,2100.0,34691.4,0,0,0
2114,0,0,314.1,73472.1,7,0,0
2124,2,1,848.0,26137.8,1,1,89492493
816,2,1,367.0,22954.8,3,10,47521537
2053,0,0,114.6,27080.8,7,0,0
1667,2,1,3310.0,16617.2,5,8,83624249
2125,2,5,800.0,25804.4,0,0,0
745,2,4,14.6,17350.7,6,0,0
926,0,0,191.1,37175.2,7,0,0
1991,2,4,14.6,55356.2,6,0,0
1820,2,4,21900.0,50216.2,0,0,0
1139,0,0,70.7,17900.0,7,0,0
1079,0,0,97.6,22570.2,7,0,0
1695,0,3,22765.0,53168.6,0,0,0
1626,0,0,80.3,16228.0,7,0,0
325,2,4,4600.0,28661.6,0,0,0
1815,2,4,3750.0,33518.9,0,0,0
1406,0,3,49387.0,86236.1,0,0,0
1869,0,0,48.2,2748.7,7,0,0
1940,2,1,4674.0,47135.3,5,11,409156
2070,2,4,27600.0,65204.3,0,0,0
360,2,4,5100.0,46099.2,0,0,0
1261,0,0,324.7,80048.3,7,0,0
1303,0,3,8200.0,14382.9,0,0,0
1170,2,4,14.6,52070.9,6,0,0
1939,2,1,7288.0,30190.3,5,5,67174297
1018,2,4,14.6,23061.1,6,0,0
1018,2,4,14.6,31637.4,6,0,0
1718,2,4,14.6,39582.9,6,0,0
2058,2,1,6646.0,10432.3,1,9,98736470
1360,0,2,21253.0,44140.3,0,7,16171330
2053,2,4,14.6,17134.9,6,0,0
1930,2,4,14.6,23632.7,6,0,0
467,2,4,4200.0,46742.5,0,0,0
957,0,0,105.5,25815.4,7,0,0
980,2,4,15200.0,109619.8,0,0,0
1996,2,1,7358.0,28717.5,5,8,99964111
1847,2,1,2604.0,16377.2,5,3,14703780
1214,2,1,4561.0,35911.1,5,3,72199558
1565,0,0,95.1,28152.9,7,0,0
1779,0,0,183.1,65461.4,7,0,0
727,2,4,1680.0,21561.9,0,0,0
1579,2,1,1474.0,52443.4,5,1,29663437
1170,0,0,130.4,35264.9,7,0,0
1244,2,1,2991.0,21154.3,1,3,46898156
1869,2,4,14.6,23592.5,6,0,0
993,0,3,17592.0,53978.7,0,0,0
288,2,4,14.6,97593.4,6,0,0
421,2,4,63000.0,56429.4,0,0,0
1384,2,4,14.6,29345.8,6,0,0
2144,0,0,147.8,36364.0,7,0,0
1236,2,1,8030.0,32822.1,5,2,58175218
1231,2,4,14.6,31340.7,6,0,0
1289,2,4,5640.0,24865.8,0,0,0
561,2,4,14.6,20063.0,6,0,0
1816,2,1,799.0,21919.0,1,1,61292290
1048,0,0,129.9,29806.0,7,0,0
1526,2,4,11000.0,33801.9,0,0,0
1753,2,4,14000.0,25626.8,0,0,0
1632,2,1,7012.0,35101.0,5,4,4039895
2000,2,4,1440.0,22475.1,0,0,0
865,2,4,14.6,26138.0,6,0,0
635,2,1,646.0,18749.3,3,8,24150228
901,2,1,57.0,32570.7,3,4,28717500
1671,2,1,4015.0,18367.5,1,12,69901072
1991,0,0,311.9,71109.7,7,0,0
1433,2,4,4300.0,39522.3,0,0,0
1576,2,4,3680.0,17397.7,0,0,0
1446,2,5,2600.0,75366.3,0,0,0
2053,2,4,30.0,63754.2,6,0,0
1259,0,3,33857.0,96467.9,0,0,0
1784,0,3,34683.0,51225.6,0,0,0
1632,2,4,2100.0,19234.7,0,0,0
1353,2,4,14.6,45887.8,6,0,0
1476,0,0,97.0,14128.7,7,0,0
1817,2,1,6329.0,33834.3,5,5,37686020
1418,2,4,390.0,32311.3,0,0,0
1719,2,4,5100.0,53687.3,0,0,0
2155,2,1,2103.0,20581.0,5,12,45995962
1657,0,0,122.5,27607.3,7,0,0
2133,1,4,9672.0,64010.0,0,0,0
1018,2,4,14.6,34067.0,6,0,0
958,2,4,2500.0,23128.2,0,0,0
1875,2,1,5774.0,78232.2,5,2,27758234
930,2,4,31300.0,62725.6,0,0,0
1476,0,0,201.6,56981.1,7,0,0
476,2,1,361.0,21581.0,1,9,66210120
2002,0,3,13538.0,46602.4,0,0,0
2145,2,5,1100.0,70372.0,0,0,0
2171,0,3,17859.0,110964.9,0,0,0
823,2,4,4400.0,66253.5,0,0,0
1689,2,4,11400.0,4117.2,0,0,0
705,0,3,44239.0,105228.7,0,0,0
2114,2,4,14.6,41777.8,6,0,0
2102,2,4,9600.0,41417.9,0,0,0
1425,0,3,16758.0,46780.1,0,0,0
1926,0,3,14088.0,90024.7,0,0,0
877,0,3,20944.5,39145.6,0,0,0
1851,2,4,1680.0,16904.1,0,0,0
1762,0,2,4839.0,28249.4,2,11,95432501
2044,0,3,1500.0,45853.8,0,0,0
1761,2,1,8001.0,15257.3,5,2,35737115
925,2,4,9100.0,32903.6,0,0,0
2161,2,5,3400.0,46470.0,0,0,0
1787,2,4,1200.0,35319.0,0,0,0
1860,0,3,6700.0,65678.5,0,0,0
1488,2,1,7097.0,42740.0,5,11,61476659
2152,2,4,8600.0,21129.5,1,0,0
1042,2,4,2900.0,23473.9,0,0,0
2156,2,4,3840.0,47086.7,0,0,0
689,2,1,1973.0,37006.5,5,8,83356666
1841,0,0,313.4,67046.8,7,0,0
726,2,4,4700.0,27652.8,0,0,0
1813,2,4,5700.0,40532.8,0,0,0
1466,2,4,2500.0,44746.4,0,0,0
1105,2,4,9600.0,22479.4,0,0,0
1869,0,0,27.7,19891.8,7,0,0
1110,2,4,14.6,20430.8,6,0,0
1211,2,4,1300.0,29106.3,0,0,0
1729,2,1,1836.0,43294.0,3,13,15870309
1346,0,3,39631.0,90298.6,0,0,0
940,2,1,2054.0,14992.5,5,2,76892024
871,0,3,17883.0,29638.2,0,0,0
1303,0,3,8540.0,58469.0,0,0,0
1820,0,3,11876.0,78793.4,0,0,0
15,0,0,45.0,14596.0,7,0,0
782,0,3,17765.0,46975.6,0,0,0
1718,0,0,52.8,14162.3,7,0,0
1476,0,0,146.7,21915.8,7,0,0
1467,2,4,4200.0,33513.5,0,0,0
1250,2,4,5550.0,17954.7,0,0,0
1391,0,2,4019.0,24651.2,2,8,33850741
1891,2,4,34700.0,37826.8,0,0,0
653,0,0,102.1,24810.6,7,0,0
1961,2,4,14.6,91171.3,6,0,0
1253,2,4,5920.0,25722.0,0,0,0
802,2,4,8000.0,31902.2,0,0,0
1973,2,1,4788.0,27487.9,5,8,78614222
1908,2,4,13200.0,48737.2,0,0,0
1822,0,3,8400.0,85515.4,0,0,0
2104,0,3,47791.0,105372.4,0,0,0
74,0,0,160.0,31135.5,7,0,0
2034,0,2,3619.0,25709.1,0,3,50530976
1149,0,3,21623.0,60304.2,0,0,0
1261,0,0,101.1,18862.6,7,0,0
1841,2,4,30.0,24644.5,6,0,0
1118,0,3,5588.0,23001.6,0,0,0
926,0,0,84.1,21191.4,7,0,0
1784,0,2,3247.0,29000.5,0,3,42284852
1273,2,1,4362.7,29690.5,8,7,86397230
1110,0,0,75.5,14532.8,7,0,0
2030,2,4,2720.0,37102.1,0,0,0
1677,2,4,6600.0,27653.7,0,0,0
1683,0,3,5400.0,22113.1,0,0,0
1053,2,1,5856.0,65642.0,1,2,41400957
2163,2,4,5200.0,17383.8,0,0,0
1504,0,0,55.2,12242.1,7,0,0
1578,2,1,986.0,50633.2,3,11,98481541
2134,1,4,6666.0,91132.8,0,0,0
672,2,4,1260.0,28110.5,0,0,0
1793,0,3,9975.0,60780.2,0,0,0
804,0,0,163.4,34056.3,7,0,0
2114,0,0,75.5,19281.7,7,0,0
2150,2,4,6000.0,31227.3,0,0,0
2144,0,0,98.8,20313.0,7,0,0
647,1,4,14233.0,32375.4,0,0,0
1504,0,0,116.6,28620.9,7,0,0
1855,2,1,9958.0,20897.4,5,4,89174168
1723,0,2,3404.0,23988.5,0,5,7500261
670,2,4,17900.0,42863.7,0,0,0
1516,2,1,841.0,67210.5,8,13,96265625
1836,2,4,6560.0,78478.5,0,0,0
1760,0,3,23943.0,75081.8,0,0,0
1572,0,3,19356.0,69332.7,0,0,0
757,2,1,2375.0,27458.6,1,11,90134667
2114,2,4,14.6,61244.1,6,0,0
1118,0,3,13713.0,30644.0,0,0,0
1304,2,1,5450.0,26214.5,1,10,69528400
926,0,0,139.2,35137.6,7,0,0
1414,2,4,100.0,22156.3,6,0,0
1018,2,4,14.6,42383.0,6,0,0
957,2,4,14.6,21144.5,6,0,0
1596,2,4,14.6,46972.1,6,0,0
1485,2,1,4292.0,20599.8,5,6,70831024
1601,2,1,127.0,44557.9,1,4,23429125
2146,2,5,300.0,45672.2,0,0,0
667,2,4,13800.0,46474.1,0,0,0
302,2,1,11567.0,73100.1,1,5,4501516
1841,2,4,14.6,17783.2,6,0,0
751,0,2,5839.0,19876.5,2,3,3287131
1664,2,1,1999.0,16478.2,5,13,74354535
933,0,3,11293.0,45528.2,0,0,0
1788,2,4,1900.0,40886.7,0,0,0
1887,2,4,8900.0,33408.7,5,0,0
1508,2,4,13100.0,28732.4,0,0,0
2144,2,4,14.6,75540.9,6,0,0
1384,2,4,14.6,25940.8,6,0,0
1626,2,4,14.6,54222.1,6,0,0
1429,2,5,700.0,48270.8,0,0,0
2175,0,0,58.8,13894.7,7,0,0
2158,2,4,660.0,25640.4,0,0,0
1826,2,4,12000.0,46704.7,0,0,0
2061,2,1,6446.0,47466.2,5,1,70839428
1244,2,4,17440.0,56211.0,0,0,0
845,2,1,578.0,17380.7,0,7,82782172
389,2,1,2344.0,14281.2,5,4,11344862
1997,0,3,12663.0,57253.9,0,0,0
1496,2,4,1600.0,21843.6,0,0,0
1292,0,0,84.0,20604.4,7,0,0
1607,2,1,4877.0,70287.2,5,13,98685901
1261,0,0,71.6,17346.9,7,0,0
1900,2,4,14.6,31655.0,6,0,0
574,2,4,19600.0,45231.2,0,0,0
2144,2,4,14.6,24027.9,6,0,0
1995,2,4,15100.0,15282.7,0,0,0
380,2,4,30.0,49224.1,6,0,0
1412,1,4,10700.0,34915.6,0,0,0
1215,2,4,10300.0,42150.1,0,0,0
510,2,1,8086.0,32388.3,5,10,41694200
469,2,4,14.6,20087.9,6,0,0
1817,0,3,12291.0,58792.1,0,0,0
2022,0,0,67.2,16623.9,7,0,0
948,2,4,10500.0,32102.5,0,0,0
203,1,4,11421.0,40942.9,0,0,0
738,2,4,3600.0,26564.4,0,0,0
2067,2,4,6200.0,70779.9,0,0,0
1908,2,1,119.0,25777.8,5,11,53358691
1426,0,3,36984.0,78102.5,0,0,0
1352,0,3,7900.0,21140.0,0,0,0
1881,2,1,4542.7,45403.6,8,8,56197208
1900,2,4,14.6,27247.2,6,0,0
1231,0,0,164.5,39347.9,7,0,0
2066,0,3,45686.0,113437.6,0,0,0
2022,2,4,30.0,66849.5,6,0,0
1048,2,4,30800.0,52136.8,0,0,0
1790,2,1,3462.0,30812.7,5,6,65986662
1446,0,3,5386.0,40173.8,0,0,0
1884,2,4,1440.0,24686.4,0,0,0
2065,2,1,1657.0,54449.6,3,1,96171360
1514,2,1,4376.0,21251.1,5,1,38360536
638,2,4,13300.0,36214.7,0,0,0
1514,2,1,107.0,33839.5,5,10,30643040
1910,0,2,5427.0,48554.6,2,9,96191042
2128,2,1,2194.0,50991.0,5,2,68746489
1114,2,4,16500.0,35193.8,0,0,0
773,0,0,59.8,18271.6,7,0,0
2154,2,1,153.0,59997.1,5,11,55483001
987,0,0,69.2,18788.6,7,0,0
1457,2,4,250.0,17388.9,0,0,0
501,2,4,2010.0,14102.2,0,0,0
817,0,2,42244.0,82648.9,0,13,45816707
1583,0,3,1500.0,40945.5,0,0,0
1985,0,3,1400.0,30647.7,0,0,0
1759,2,1,5743.0,28840.3,5,2,7238287
697,2,4,3000.0,92971.4,0,0,0
1292,0,0,215.0,67931.4,7,0,0
1696,0,2,2973.0,17917.5,0,6,82299637
1301,0,2,3937.0,15909.2,0,1,42463767
2094,2,1,827.0,25862.5,1,13,4458135
1422,0,2,5271.0,23031.0,2,5,9426391
1367,2,1,118.0,52658.5,3,6,42836803
1810,0,0,141.6,26886.8,7,0,0
1656,2,4,2280.0,43947.1,0,0,0
1787,2,1,118.0,63937.4,3,1,89206337
1170,2,4,14.6,18909.2,6,0,0
714,2,4,14.6,35365.0,6,0,0
1985,2,4,750.0,40892.8,0,0,0
1688,2,4,14.6,28883.1,6,0,0
408,0,0,62.1,22933.1,7,0,0
1464,2,4,600.0,14810.5,0,0,0
2022,0,0,66.1,17195.7,7,0,0
1445,0,0,137.8,33782.1,7,0,0
1260,2,4,4900.0,34508.4,0,0,0
1353,0,0,304.4,86258.7,7,0,0
2090,2,4,2960.0,23667.4,0,0,0
1969,2,1,4219.0,17430.0,5,3,54495429
1803,2,4,3040.0,38894.5,0,0,0
992,2,1,12056.0,45742.7,5,11,60230421
2032,2,4,2900.0,20698.8,0,0,0
1958,2,4,640.0,18426.5,0,0,0
1908,0,2,5804.0,10683.2,2,10,5804259
1930,0,0,305.9,90744.4,7,0,0
2125,0,3,5989.0,23536.1,0,0,0
2095,0,2,6943.0,34110.9,2,1,86791544
1135,2,4,8500.0,48968.3,0,0,0
1472,2,4,1200.0,44926.8,0,0,0
1899,2,4,900.0,24942.6,0,0,0
1807,2,4,26500.0,20909.2,0,0,0
1865,1,4,12653.0,8982.7,0,0,0
1626,0,0,178.4,29535.0,7,0,0
1975,2,1,325.0,58527.0,3,9,82890259
1031,0,2,44110.0,75305.5,0,2,3822422
1596,2,4,14.6,21195.7,6,0,0
1782,0,3,31866.0,87601.6,0,0,0
1614,0,3,1800.0,18363.5,0,0,0
2033,0,2,6126.0,31494.2,2,4,9374910
971,2,1,7394.0,54586.7,5,9,84443246
1072,2,4,17900.0,45772.2,0,0,0
1865,2,4,62300.0,58117.5,0,0,0
511,0,3,24372.0,53014.5,0,0,0
1384,2,4,14.6,41187.6,6,0,0
1240,2,4,2960.0,19400.0,0,0,0
903,2,4,39100.0,86410.1,0,0,0
1210,2,1,172.0,20159.2,5,9,33975577
1535,0,0,170.3,50183.5,7,0,0
1760,2,1,2051.0,41605.4,5,1,41812431
1596,0,0,118.1,27519.3,7,0,0
1814,0,3,38569.0,77923.8,0,0,0
561,2,4,14.6,26172.2,6,0,0
1732,2,4,12600.0,43858.7,0,0,0
2055,0,3,300.0,45618.0,0,0,0
1335,2,1,1484.0,35413.2,8,1,48114669
151,2,4,4100.0,17338.1,0,0,0
1634,2,4,2500.0,24626.9,0,0,0
755,0,3,23484.0,45467.3,0,0,0
1455,1,4,16073.0,47111.0,0,0,0
1018,2,4,14.6,32113.6,6,0,0
1424,0,2,66615.0,125337.9,0,11,87755894
1018,0,0,110.3,26328.2,7,0,0
1718,2,4,14.6,22654.2,6,0,0
2169,1,4,12075.0,102644.1,0,0,0
227,0,0,109.3,18016.1,7,0,0
1353,2,4,14.6,16694.7,6,0,0
1476,2,4,14.6,32214.1,6,0,0
351,2,4,11400.0,41556.2,0,0,0
773,0,0,150.1,34554.8,7,0,0
1700,2,1,422.0,22038.1,3,8,25744539
1261,0,0,225.1,52820.2,7,0,0
2073,2,4,3720.0,47790.4,0,0,0
2114,0,0,110.5,25583.1,7,0,0
1841,2,4,3.0,221.0,4,0,0
1869,0,0,83.3,24720.2,7,0,0
1170,2,4,14.6,23900.7,6,0,0
1626,2,4,14.6,25545.3,6,0,0
2064,2,1,6256.0,76272.6,5,6,95605074
1665,0,2,40377.0,59609.7,0,10,78757834
1569,2,4,1080.0,14351.3,0,0,0
1513,2,1,5462.0,69638.0,5,9,95370232
1139,0,0,145.5,36420.0,7,0,0
1323,0,0,120.8,28607.2,7,0,0
1857,0,3,1300.0,25418.8,0,0,0
1841,0,0,159.5,21939.2,7,0,0
513,2,1,4653.0,39512.0,1,9,73621487
2053,0,0,296.1,83349.6,7,0,0
592,2,4,30.0,83015.2,6,0,0
1810,2,4,14.6,26581.0,6,0,0
2073,2,4,4900.0,76132.3,0,0,0
1626,2,4,14.6,15368.5,6,0,0
1900,2,4,14.6,20415.9,6,0,0
2088,0,3,4305.0,52778.8,0,0,0
1535,2,4,14.6,15025.3,6,0,0
926,0,0,74.5,18265.9,7,0,0
2122,2,1,2493.0,67721.2,3,2,2489036
1360,2,4,1600.0,40366.5,0,0,0
1841,0,0,88.9,20796.7,7,0,0
469,2,4,14.6,62384.9,6,0,0
2034,2,1,1998.0,15703.8,0,7,79240321
1697,2,1,742.0,13946.3,1,3,27974027
1606,2,1,1092.0,18497.3,0,10,95301532
1571,0,3,23728.0,62096.8,0,0,0
2156,2,1,2683.0,26038.3,5,3,33750575
1117,1,4,11552.0,8291.7,0,0,0
296,2,1,119.0,72267.3,1,1,62503671
1626,0,0,218.8,54795.3,7,0,0
1739,0,3,600.0,33343.8,0,0,0
376,0,3,37609.0,62421.1,0,0,0
1454,2,4,24900.0,44569.1,0,0,0
399,2,4,21100.0,50095.3,0,0,0
1292,2,4,14.6,47267.0,6,0,0
1810,2,4,14.6,23531.3,6,0,0
953,2,4,600.0,20645.0,0,0,0
1542,2,1,10.0,51259.6,3,13,93445163
987,0,0,150.7,39779.7,7,0,0
619,2,4,16600.0,36621.8,0,0,0
872,2,4,1200.0,27213.4,0,0,0
1328,0,2,3416.0,32230.1,0,2,86663573
1017,2,4,2200.0,53074.7,0,0,0
1323,2,4,14.6,30229.6,6,0,0
1823,2,4,7100.0,55881.7,0,0,0
813,0,3,700.0,700.0,0,0,0
1840,2,4,8100.0,40056.1,0,0,0
1486,0,3,25851.0,41336.2,0,0,0
1303,0,3,2000.0,44535.0,0,0,0
801,0,3,1100.0,23576.3,0,0,0
1337,2,1,358.0,17565.6,5,7,19413084
1590,1,4,22079.0,52269.5,0,0,0
1626,2,4,14.6,109264.3,6,0,0
1302,2,1,4780.0,18913.2,5,13,70641225
957,2,4,14.6,27956.7,6,0,0
895,2,4,14.6,15761.4,6,0,0
1504,0,0,5.4,18172.4,7,0,0
2151,0,2,6761.0,25701.6,2,9,76336049
1596,2,4,14.6,36791.0,6,0,0
1315,0,3,45608.0,150329.4,0,0,0
1330,2,1,8894.0,10690.6,1,8,72889137
1445,0,0,159.5,40127.3,7,0,0
688,2,1,1907.0,18404.8,5,5,5768174
2029,0,2,2975.0,30620.2,0,2,76680385
2135,2,4,15000.0,62392.7,0,0,0
2053,0,0,52.9,12710.8,7,0,0
1575,0,3,24944.0,58292.9,0,0,0
1810,0,0,339.9,63135.5,7,0,0
1110,2,4,14.6,26917.9,6,0,0
1414,0,0,256.3,77790.1,7,0,0
1729,0,3,6300.0,9543.5,0,0,0
1730,2,1,1190.0,47120.2,8,6,88619136
2083,0,0,75.7,18645.7,7,0,0
1089,2,1,2960.0,23287.2,5,13,4957092
548,0,3,11900.0,14639.1,0,0,0
1619,2,4,16100.0,53208.7,0,0,0
1883,2,4,23300.0,53969.3,0,0,0
1754,2,1,6110.0,53981.3,5,6,12137484
909,0,3,45435.0,95507.3,0,0,0
1608,2,1,4114.7,49466.2,8,11,84370898
1821,0,3,11091.0,44904.8,0,0,0
1869,2,4,14.6,18696.2,6,0,0
1200,0,0,116.0,26281.6,7,0,0
2003,2,1,2322.7,35092.7,8,3,1838881
1094,2,4,2040.0,28391.2,0,0,0
2036,2,1,3865.0,57389.4,5,8,64931833
841,2,1,1710.0,15975.2,0,5,53378862
1146,0,3,12081.0,52217.4,0,0,0
1810,2,4,14.6,37019.2,6,0,0
1275,2,1,2154.0,27495.1,1,4,49477297
1296,2,4,7800.0,25223.7,0,0,0
1810,2,4,14.6,42723.6,6,0,0
1327,2,4,15000.0,40168.6,0,0,0
1182,2,1,5177.0,21751.2,5,7,57331061
1726,2,1,391.0,13650.7,0,2,42079347
2058,2,1,9191.0,39252.1,5,10,89332604
1710,2,4,3720.0,92021.8,0,0,0
841,2,1,2761.0,32542.6,5,11,41079390
597,2,4,450.0,22633.1,0,0,0
1143,2,4,3200.0,34422.8,0,0,0
1548,2,1,488.0,51650.1,1,2,44458460
1841,2,4,14.6,26308.3,6,0,0
979,2,4,10500.0,37296.4,0,0,0
1384,2,4,14.6,36479.9,6,0,0
1152,2,4,2300.0,31077.3,0,0,0
1265,2,4,1100.0,23922.3,0,0,0
2124,2,4,2600.0,20518.7,0,0,0
1476,2,4,14.6,17164.1,6,0,0
1749,0,0,93.6,25885.0,7,0,0
1810,0,0,254.9,66824.0,7,0,0
1243,2,1,912.0,38607.9,1,3,27366185
1749,2,4,14.6,27616.9,6,0,0
1886,2,4,1800.0,76527.8,0,0,0
814,2,1,2113.0,20455.8,5,13,80860942
493,2,4,5300.0,30852.4,0,0,0
1636,0,2,5424.0,26654.3,2,9,93262522
1427,2,4,11700.0,52357.1,0,0,0
958,2,4,2300.0,17501.2,0,0,0
2022,0,0,104.3,23521.6,7,0,0
1419,2,1,6931.0,25745.2,5,1,4760909
1810,0,0,88.8,19823.8,7,0,0
2157,0,3,15534.0,36222.5,0,0,0
2002,1,4,7710.0,41541.6,0,0,0
1979,2,4,4080.0,14858.0,0,0,0
841,2,4,18400.0,56372.6,0,0,0
2072,2,4,4600.0,28995.0,0,0,0
987,2,4,14.6,23924.8,6,0,0
561,0,0,97.9,24544.9,7,0,0
920,2,4,7300.0,29192.5,0,0,0
1718,2,4,14.6,18044.6,6,0,0
1200,0,0,64.5,15170.1,7,0,0
1079,2,4,14.6,31767.8,6,0,0
987,2,4,14.6,75685.7,6,0,0
971,2,1,2875.0,29511.4,1,8,92192554
2083,2,4,14.6,35641.7,6,0,0
745,0,0,76.9,14538.1,7,0,0
662,2,1,713.0,31865.8,1,9,5039710
1907,0,3,10700.0,82842.1,0,0,0
2104,2,4,14600.0,61809.6,0,0,0
1467,2,4,1600.0,31137.3,0,0,0
1996,2,4,27300.0,45169.3,0,0,0
1584,2,4,500.0,20656.9,0,0,0
541,0,3,11720.0,53024.3,0,0,0
834,0,0,132.4,35327.4,7,0,0
1353,0,0,174.0,35761.0,7,0,0
1930,2,4,14.6,15575.4,6,0,0
472,2,4,1700.0,21436.4,0,0,0
2175,0,0,119.9,28515.0,7,0,0
1611,2,4,5500.0,34373.2,0,0,0
185,2,4,31100.0,56915.3,0,0,0
1939,2,1,2728.0,45608.0,5,13,29599017
1464,0,3,3300.0,23488.9,0,0,0
1445,0,0,199.3,41621.0,7,0,0
2022,0,0,103.8,26663.7,7,0,0
1457,2,4,3600.0,22240.8,0,0,0
1153,0,2,5266.0,20683.1,2,7,13153678
1820,2,5,2400.0,59823.0,0,0,0
895,2,4,30.0,33672.4,6,0,0
2002,2,1,7383.0,47156.2,1,13,18857425
1626,0,0,182.2,48811.9,7,0,0
1841,0,0,266.0,46846.0,7,0,0
2053,0,0,186.2,41109.2,7,0,0
208,2,1,4225.0,34518.4,5,5,69179099
2088,2,1,12.0,23749.3,3,7,36082929
1151,2,1,2375.0,34722.2,1,8,3332001
1765,2,5,1200.0,88531.0,0,0,0
1824,0,3,400.0,26494.1,0,0,0
1273,0,2,3304.0,20133.3,0,2,1206458
1860,0,3,5759.0,44130.9,0,0,0
2053,0,0,133.9,32067.5,7,0,0
1876,0,3,8300.0,50316.9,0,0,0
1301,2,1,7598.0,20109.3,5,6,8791333
1303,2,1,7331.0,20351.8,5,10,15447330
1569,2,4,6000.0,39377.8,0,0,0
1427,0,3,15808.0,51916.8,0,0,0
1956,2,4,21100.0,85865.0,0,0,0
1939,2,1,8211.0,10066.5,5,7,76939731
1823,2,4,2160.0,27203.2,0,0,0
1576,2,4,26600.0,121884.9,0,0,0
758,2,1,1538.0,65212.7,5,5,74637114
577,0,3,39246.0,53650.7,0,0,0
1261,0,0,103.8,23770.6,7,0,0
2153,0,3,33010.0,90382.5,0,0,0
2165,2,4,700.0,26447.0,0,0,0
2022,0,0,334.9,91367.7,7,0,0
1967,2,1,159.0,60350.5,5,2,38576167
1922,2,4,18500.0,51189.1,0,0,0
1575,2,4,1600.0,20017.4,0,0,0
1170,0,0,14.2,21207.2,7,0,0
863,0,3,1500.0,33873.1,0,0,0
1596,0,0,191.0,27692.3,7,0,0
1754,2,1,2247.0,33388.0,3,5,88460433
1770,2,4,11600.0,46342.7,0,0,0
1944,2,1,6824.0,51817.7,5,12,9696704
1561,0,3,1100.0,35487.1,0,0,0
1991,0,0,76.0,15852.3,7,0,0
1645,0,3,24543.0,56747.5,0,0,0
1457,2,4,600.0,15685.9,0,0,0
469,2,4,14.6,28298.8,6,0,0
1626,0,0,84.6,22029.2,7,0,0
1261,2,4,14.6,20542.8,6,0,0
1452,2,4,13400.0,49475.9,0,0,0
1353,2,4,14.6,16186.8,6,0,0
556,0,3,38842.0,86992.2,0,0,0
2065,2,1,11878.0,97262.5,5,9,36525643
2093,2,4,16300.0,45755.6,0,0,0
1805,2,4,1000.0,12737.6,0,0,0
650,2,4,25000.0,51018.5,0,0,0
1099,2,4,2000.0,14656.2,0,0,0
1936,2,4,9900.0,46496.8,5,0,0
1170,0,0,142.7,37608.2,7,0,0
890,2,4,4320.0,23592.8,0,0,0
745,0,0,58.2,13371.2,7,0,0
1991,0,0,108.5,26903.5,7,0,0
1879,2,4,1900.0,39290.7,0,0,0
451,0,3,17671.0,70008.6,0,0,0
1472,2,4,1120.0,12327.7,0,0,0
500,2,4,30.0,26725.8,6,0,0
1951,2,4,13400.0,21835.6,0,0,0
683,0,0,212.9,51574.8,7,0,0
1139,2,4,14.6,13769.1,6,0,0
1209,2,1,1147.0,16157.7,1,6,78910153
1727,2,1,6443.0,36273.5,5,10,92270415
2062,0,2,3463.0,27941.8,0,3,99633556
1874,2,1,3067.0,35141.7,1,1,19900185
1231,0,0,80.2,18236.9,7,0,0
1779,2,4,14.6,34055.2,6,0,0
723,2,1,4030.0,31885.8,5,1,67434847
1762,0,2,2966.0,20545.5,0,2,28032946
297,2,1,471.0,31447.2,1,4,11309677
1097,2,4,900.0,14176.6,0,0,0
458,2,4,8800.0,33717.7,0,0,0
1636,0,3,1800.0,17760.5,0,0,0
1626,0,0,102.7,26090.4,7,0,0
1110,0,0,76.3,14446.2,7,0,0
1988,2,4,5500.0,17259.9,0,0,0
1749,0,0,186.5,42721.8,7,0,0
1953,0,3,33438.0,58192.2,0,0,0
1170,0,0,151.7,40180.8,7,0,0
1756,2,1,6869.0,27598.9,5,7,97449540
489,1,4,19295.0,36059.9,0,0,0
765,0,3,7800.0,21738.8,0,0,0
1824,2,1,2486.0,20164.0,1,1,58933603
1011,2,4,33000.0,62422.1,0,0,0
1670,2,1,2891.0,48225.7,5,3,52708911
2165,2,4,3600.0,83058.3,0,0,0
843,2,4,3300.0,24479.8,0,0,0
1333,2,1,1866.0,16906.3,1,12,8029026
1453,2,4,2010.0,22816.2,0,0,0
2003,2,1,2247.0,22402.4,1,8,25474483
1596,2,4,14.6,24679.6,6,0,0
1026,2,1,6608.0,28342.3,5,6,31062770
1476,0,0,98.1,14663.2,7,0,0
624,0,3,7115.0,51448.4,0,0,0
773,2,4,14.6,15498.5,6,0,0
1768,2,4,10800.0,33930.6,0,0,0
222,1,4,3379.0,26494.1,0,0,0
1091,0,3,6791.0,55469.0,0,0,0
653,2,4,14.6,42091.4,6,0,0
1495,2,4,1800.0,19703.4,0,0,0
1841,0,0,191.0,33142.8,7,0,0
2031,0,3,14532.0,54419.0,0,0,0
683,0,0,202.0,44113.7,7,0,0
1445,2,4,14.6,28038.2,6,0,0
2156,0,2,5196.0,35569.3,2,4,8807903
1869,0,0,118.0,30118.1,7,0,0
1817,2,4,2040.0,18937.5,0,0,0
2095,2,4,5200.0,51923.9,0,0,0
603,2,4,5800.0,27735.6,0,0,0
2114,0,0,222.0,56710.7,7,0,0
1144,2,4,13500.0,34509.2,0,0,0
385,0,3,48352.0,69580.1,0,0,0
895,2,4,14.6,21336.6,6,0,0
1570,0,3,5211.0,103880.5,0,0,0
1605,2,4,1680.0,35923.8,0,0,0
1909,0,3,13851.0,65052.5,0,0,0
439,2,4,100.0,38450.3,6,0,0
1241,0,2,57680.0,102086.3,0,10,71542995
1760,0,3,13022.0,29679.0,0,0,0
2125,2,1,2705.0,82851.6,1,10,49265408
439,0,0,30.3,12736.8,7,0,0
1332,2,4,14600.0,32835.9,0,0,0
376,2,4,9600.0,26682.2,0,0,0
1542,2,1,933.0,67503.3,1,4,94227504
957,2,4,14.6,27250.8,6,0,0
373,2,4,560.0,18871.0,0,0,0
1130,1,4,7504.0,28676.4,0,0,0
1336,2,1,1017.0,26668.2,3,5,7772154
1810,0,0,176.2,40391.7,7,0,0
1414,0,0,105.4,29471.2,7,0,0
1810,0,0,187.8,46125.3,7,0,0
1718,0,0,311.4,70902.0,7,0,0
1732,2,1,3460.0,72509.4,5,5,50074374
1448,2,4,9500.0,42110.9,0,0,0
861,2,4,3700.0,30467.2,0,0,0
938,2,1,4358.0,67739.7,8,5,17114121
1911,0,2,5776.0,20987.6,2,9,49979138
1439,2,4,3200.0,55168.7,0,0,0
1657,2,4,14.6,27181.6,6,0,0
1438,2,4,500.0,46258.4,0,0,0
1961,2,4,14.6,21899.3,6,0,0
1292,2,4,14.6,57254.0,6,0,0
1292,0,0,79.3,20044.5,7,0,0
786,0,3,1500.0,23619.9,0,0,0
1353,2,4,14.6,59013.9,6,0,0
1749,2,4,14800.0,41536.0,0,0,0
987,2,4,14.6,21020.4,6,0,0
2091,2,4,1000.0,15195.2,0,0,0
1848,0,3,2500.0,29234.0,0,0,0
1444,2,4,3100.0,50555.6,0,0,0
1353,0,0,78.7,19199.2,7,0,0
1900,0,0,76.5,19265.7,7,0,0
1761,2,4,4920.0,24050.5,0,0,0
1023,2,1,8535.0,30295.5,1,2,40179944
1819,2,4,2400.0,35113.5,0,0,0
1587,2,4,2700.0,51541.7,0,0,0
1813,2,4,1560.0,54462.5,0,0,0
420,2,1,3023.0,51345.0,5,6,92837720
1814,2,4,29800.0,57963.0,0,0,0
1841,2,4,1300.0,20519.1,0,0,0
622,2,4,14.6,22401.4,6,0,0
1718,0,0,69.8,13693.9,7,0,0
1869,0,0,139.2,35962.9,7,0,0
1460,0,3,2800.0,28230.1,0,0,0
177,0,3,21395.0,51227.6,0,0,0
1445,0,0,74.4,16430.0,7,0,0
1359,0,2,3191.0,39410.0,0,4,91073572
699,2,4,1800.0,72321.6,0,0,0
1434,2,4,1000.0,17718.5,0,0,0
1456,2,4,8700.0,29663.0,0,0,0
1321,2,4,1400.0,23123.3,0,0,0
1665,2,1,2464.0,18128.2,5,12,84174042
2120,2,1,907.0,20891.8,1,7,96369796
2144,0,0,75.7,17441.2,7,0,0
935,2,1,1147.0,20295.5,1,6,78910153
269,0,2,20236.0,30744.0,0,10,66487163
1965,2,4,6500.0,63936.0,0,0,0
1476,0,0,112.8,17492.1,7,0,0
2053,0,0,59.9,15038.3,7,0,0
1605,2,1,5491.0,43873.0,5,10,86091345
934,2,1,3839.0,23979.5,5,8,19942432
530,0,0,272.8,70475.6,7,0,0
1476,2,4,14.6,17236.9,6,0,0
1269,0,2,4128.0,24079.7,2,9,93567275
1974,0,2,5984.0,21297.4,2,12,73748171
1749,0,0,144.4,20377.5,7,0,0
2000,2,1,3606.0,25061.5,1,10,47511076
1854,2,1,5394.0,27244.7,5,12,11074567
1666,0,3,14933.0,30517.0,0,0,0
1509,2,4,8100.0,45914.0,0,0,0
264,0,2,6153.0,30812.6,2,7,42469984
1573,2,1,2965.0,14789.6,5,7,42237263
1626,2,4,14.6,17739.9,6,0,0
1948,2,4,18700.0,116653.4,0,0,0
2149,2,1,2410.0,64845.0,1,12,4672742
1048,2,4,14.6,31199.2,6,0,0
1384,0,0,236.9,53417.5,7,0,0
2055,2,4,2900.0,47256.8,0,0,0
1531,2,4,5600.0,6008.2,5,0,0
1728,0,3,5582.0,19355.0,0,0,0
1271,0,2,5292.0,26660.0,2,10,97591661
2120,0,3,8455.0,23576.0,0,0,0
2094,0,3,23116.0,48211.4,0,0,0
1238,2,1,66.0,40907.7,3,8,96138745
1542,2,4,2900.0,23074.5,0,0,0
1961,0,0,121.5,30462.6,7,0,0
2114,2,4,14.6,25194.8,6,0,0
2010,0,3,49877.0,79495.3,0,0,0
2144,0,0,141.7,37241.9,7,0,0
1937,2,1,1620.0,90829.4,3,11,83438044
1688,0,0,118.3,28202.5,7,0,0
1197,2,4,1000.0,26984.2,0,0,0
1113,0,3,21901.0,80334.5,0,0,0
744,2,4,1040.0,16525.1,0,0,0
2119,0,2,6354.0,41129.6,2,1,3778255
1657,0,0,70.9,17429.1,7,0,0
1847,1,4,2310.0,69072.7,0,0,0
2160,2,4,660.0,17460.1,0,0,0
1991,2,4,14.6,301.1,6,0,0
622,2,4,14.6,36253.9,6,0,0
1292,0,0,41.3,14671.3,7,0,0
2144,2,4,1200.0,51383.9,0,0,0
1626,2,4,14.6,46960.9,6,0,0
683,2,4,14.6,51560.2,6,0,0
1514,2,1,95.0,45522.1,3,13,17035544
2111,0,3,10400.0,44060.9,0,0,0
332,2,4,250.0,23040.0,0,0,0
1238,2,1,1124.0,33265.4,3,6,28216910
1600,2,4,19800.0,26681.0,0,0,0
1402,2,4,1700.0,36257.2,0,0,0
1749,2,4,14.6,57740.0,6,0,0
1915,2,4,400.0,20131.1,0,0,0
970,0,2,5600.0,29414.7,2,12,93394022
1183,2,1,433.0,11526.0,1,12,37334716
1841,2,4,30.0,34704.9,6,0,0
1975,2,1,2284.0,77437.9,1,13,56916338
1838,2,4,1680.0,65494.0,0,0,0
1810,0,0,305.4,75056.9,7,0,0
1323,0,0,227.8,56512.9,7,0,0
1943,2,4,450.0,20429.5,0,0,0
2153,0,2,5885.0,44411.3,2,7,52298969
1900,2,4,14.6,12662.6,6,0,0
1756,0,3,17358.0,57747.2,0,0,0
703,2,4,6200.0,32720.1,0,0,0
1596,2,4,14.6,63208.6,6,0,0
2022,0,0,257.7,57054.8,7,0,0
156,0,3,1000.0,20370.4,0,0,0
1951,0,3,43570.0,115445.3,0,0,0
745,0,0,191.4,24536.3,7,0,0
1092,0,3,11171.0,42109.6,0,0,0
2125,0,3,9010.0,24684.3,0,0,0
1914,0,3,8777.0,55074.2,0,0,0
1110,0,0,99.3,21407.9,7,0,0
1353,2,4,14.6,18720.9,6,0,0
664,2,1,644.0,79616.2,1,3,66311460
787,2,1,40.0,28086.4,5,4,45862406
1976,2,4,10400.0,41681.0,0,0,0
1110,0,0,88.7,14357.7,7,0,0
2122,2,4,9000.0,52106.3,0,0,0
484,1,4,18941.0,-1223.9,0,0,0
1930,0,0,144.2,39252.1,7,0,0
2053,2,4,14.6,53016.0,6,0,0
889,2,4,20000.0,23741.8,0,0,0
865,2,4,14.6,29166.2,6,0,0
873,2,1,7543.0,32579.6,5,6,12718767
1966,2,4,6800.0,9641.2,0,0,0
1512,2,1,504.0,24921.8,3,2,94022661
1900,2,4,14.6,20302.1,6,0,0
2086,0,3,19048.0,20799.0,0,0,0
1749,2,4,14.6,20768.2,6,0,0
1414,2,4,14.6,15533.6,6,0,0
1855,2,1,3678.0,44154.6,1,6,61017304
566,0,3,15605.0,45668.1,0,0,0
1880,0,3,19672.0,70925.5,0,0,0
176,0,3,5810.0,31336.3,0,0,0
1147,2,1,46.0,59201.9,3,3,49409562
1549,2,1,7814.0,21769.0,5,12,31189668
1823,2,4,6500.0,16798.3,0,0,0
1881,2,1,2320.0,22518.8,1,9,20525896
1669,0,3,16824.0,68137.7,0,0,0
1869,2,4,14.6,46368.4,6,0,0
1826,2,4,2400.0,29773.4,0,0,0
1565,2,4,14.6,35556.5,6,0,0
926,0,0,82.2,20461.8,7,0,0
1756,2,1,6355.0,33130.9,5,10,11394077
1083,2,4,1680.0,18085.0,0,0,0
1575,0,2,5887.0,29835.0,2,2,40117204
1303,2,4,11400.0,35320.7,0,0,0
1728,0,3,9083.0,21023.2,0,0,0
1869,2,4,14.6,17484.4,6,0,0
1455,2,4,2160.0,42804.1,0,0,0
1852,0,2,3110.0,17855.7,0,2,97595548
1667,0,2,18631.0,49851.1,0,4,41146189
530,2,4,14.6,36775.7,6,0,0
1847,0,3,20528.0,44712.7,0,0,0
1293,0,3,700.0,14800.0,0,0,0
809,0,2,6115.0,22562.7,2,3,88811969
1212,0,2,10904.0,12725.0,0,6,35778999
1565,2,4,14.6,47924.9,6,0,0
2114,2,4,30.0,28025.5,6,0,0
2048,0,3,17417.0,49291.8,0,0,0
1626,0,0,101.8,23904.9,7,0,0
636,0,3,24009.0,64516.2,0,0,0
1060,2,1,4438.0,22794.1,5,1,99886172
1996,2,1,3191.0,18383.3,5,9,56643396
957,2,4,14.6,24872.1,6,0,0
1207,2,4,6000.0,40736.5,0,0,0
1814,2,4,5100.0,67771.2,0,0,0
622,0,0,91.7,22416.2,7,0,0
926,0,0,244.1,54176.7,7,0,0
714,0,0,293.0,63224.4,7,0,0
1847,2,1,308.0,15336.1,5,7,21176868
1605,2,1,3435.0,40124.7,1,3,60809451
2065,2,1,6649.0,34883.0,5,4,98498379
2152,2,1,391.0,15746.8,0,2,42079347
1779,2,4,14.6,50733.5,6,0,0
1789,2,1,440.0,36117.8,5,10,99752336
1784,2,1,1281.0,23887.2,5,9,56383961
1414,2,4,14.6,27484.8,6,0,0
350,2,4,360.0,14105.1,0,0,0
1018,0,0,157.6,35228.3,7,0,0
1414,0,0,93.0,20253.9,7,0,0
1665,2,1,2868.0,13007.7,5,8,70772456
1484,0,2,33827.0,56405.2,0,1,61573970
1930,2,4,14.6,20870.7,6,0,0
1304,2,4,4000.0,46954.8,0,0,0
1013,0,3,5859.0,121256.0,0,0,0
2114,0,0,230.6,54680.1,7,0,0
1062,1,4,23105.0,26499.3,0,0,0
1848,0,3,19486.0,63811.8,0,0,0
1662,0,3,17636.0,56058.7,0,0,0
1626,2,4,14.6,84115.9,6,0,0
1445,0,0,138.8,35443.0,7,0,0
1869,2,4,14.6,37217.6,6,0,0
475,2,4,14300.0,40494.2,0,0,0
1730,2,1,1957.0,37291.0,8,8,61308646
889,2,4,7400.0,30777.0,0,0,0
1151,2,1,7248.8,96140.8,8,11,2059746
895,0,0,59.8,13292.2,7,0,0
1822,2,1,1595.0,35606.7,5,11,19923216
2083,0,0,17.2,5931.5,7,0,0
1026,0,2,3913.0,24939.5,0,2,49405068
1626,0,0,80.1,19793.3,7,0,0
2175,0,0,221.3,59210.8,7,0,0
1998,1,4,22912.0,33047.3,0,0,0
1832,2,4,700.0,50676.3,0,0,0
592,2,4,14.6,45820.5,6,0,0
1713,0,3,32253.0,62516.1,0,0,0
1069,2,4,900.0,30790.9,0,0,0
1426,2,1,464.0,13944.1,1,10,97825383
1944,2,1,2125.0,37935.7,5,4,23986679
1272,2,1,3463.0,12522.0,5,5,62475007
2114,0,0,99.1,24665.4,7,0,0
1810,0,0,224.2,39527.4,7,0,0
1718,0,0,143.2,35740.2,7,0,0
2028,0,3,10555.0,48665.1,0,0,0
1697,2,1,1192.0,20730.8,1,8,17327452
2053,2,4,14.6,51869.5,6,0,0
1565,2,4,14.6,58055.0,6,0,0
1718,2,4,14.6,19359.7,6,0,0
1835,2,4,1000.0,31505.1,0,0,0
1869,2,4,14.6,39972.3,6,0,0
1474,2,4,700.0,31425.4,0,0,0
1877,2,4,12300.0,64052.4,5,0,0
1330,2,4,64200.0,44199.2,0,0,0
713,0,3,47640.0,74025.0,0,0,0
2157,2,1,6502.0,67535.9,5,11,21385729
1504,2,4,14.6,36151.6,6,0,0
1816,2,4,1440.0,25569.8,0,0,0
1231,0,0,145.1,33364.5,7,0,0
1092,2,4,1900.0,29474.1,0,0,0
1222,2,4,3200.0,12530.4,0,0,0
1718,0,3,46243.0,94995.7,0,0,0
1859,2,4,7100.0,29177.7,0,0,0
1718,0,0,105.8,29399.6,7,0,0
1117,2,1,5908.0,34587.3,1,4,11549193
2129,2,4,3280.0,20250.6,0,0,0
2144,2,4,14.6,43494.3,6,0,0
439,2,4,14.6,25578.9,6,0,0
1205,2,1,2705.0,15627.8,5,10,30807364
1658,2,4,8500.0,27087.0,0,0,0
1914,1,4,6594.0,29668.6,0,0,0
1139,0,0,172.0,35291.7,7,0,0
212,2,4,6700.0,36251.9,0,0,0
1731,0,3,13718.0,58471.2,0,0,0
1818,2,1,5120.0,54658.2,5,9,92529356
479,2,4,12500.0,41809.7,0,0,0
875,2,1,2210.0,23844.8,0,4,22294932
1504,2,4,14.6,18753.6,6,0,0
1576,2,4,9100.0,24603.8,0,0,0
1419,2,1,2705.0,15378.1,5,10,30807364
1624,2,4,48500.0,89130.3,0,0,0
1261,2,4,2250.0,24024.3,0,0,0
1657,0,0,119.6,29078.1,7,0,0
653,0,0,221.7,43097.7,7,0,0
2162,2,5,1000.0,89670.1,0,0,0
1380,2,4,36100.0,61661.5,0,0,0
1936,2,4,11600.0,53903.2,0,0,0
1822,2,5,2900.0,53857.0,0,0,0
1930,2,4,30.0,24096.0,6,0,0
998,0,3,1100.0,40876.8,0,0,0
1519,1,4,20855.0,36226.2,0,0,0
1657,2,4,14.6,17030.1,6,0,0
1375,2,4,22500.0,36832.6,0,0,0
1961,2,4,14.6,41275.0,6,0,0
503,2,4,2700.0,27285.4,0,0,0
1108,2,4,1500.0,29659.7,0,0,0
1855,0,3,17346.0,34004.5,0,0,0
1991,0,0,84.6,17255.7,7,0,0
870,2,1,31.0,20377.1,5,1,91720389
2151,2,1,6355.0,45548.1,5,10,11394077
2108,2,4,100.0,94237.4,0,0,0
545,2,4,1700.0,22798.0,0,0,0
2000,2,1,749.0,10354.2,1,12,95535426
1261,2,4,14.6,28060.3,6,0,0
2151,2,1,1620.0,88617.8,3,11,83438044
2114,0,0,70.2,17536.2,7,0,0
1728,0,3,22946.0,58803.7,0,0,0
1853,2,1,3683.0,32469.5,5,8,63780206
1991,2,4,14.6,16357.0,6,0,0
636,2,1,3142.0,27778.7,1,4,34090870
1829,2,4,7800.0,115246.6,0,0,0
1706,2,4,4700.0,29449.3,0,0,0
1910,2,1,1972.0,16947.6,3,7,87955689
1395,2,1,5513.0,24388.4,5,6,41117668
2095,2,1,1058.0,37224.8,3,6,3922403
760,2,4,4600.0,37374.8,5,0,0
1787,2,1,1396.0,29212.0,1,2,33883029
1652,2,4,3000.0,60472.3,0,0,0
846,2,1,4262.0,32441.2,3,5,65161853
1830,2,4,300.0,25745.1,0,0,0
1786,0,2,4584.0,20605.5,2,10,52728754
804,2,4,30.0,85403.9,6,0,0
1335,2,1,4167.0,23703.4,5,9,49547737
803,2,4,10500.0,33138.6,0,0,0
1018,2,4,14.6,28164.7,6,0,0
2154,0,3,29112.0,55317.8,0,0,0
1200,0,0,285.3,79988.6,7,0,0
1270,0,3,15698.0,60700.1,0,0,0
1331,2,4,7600.0,42423.0,0,0,0
1688,0,0,231.3,40270.5,7,0,0
2175,0,0,69.8,20292.9,7,0,0
1624,2,4,12950.0,35219.8,0,0,0
1308,2,4,250.0,16511.6,0,0,0
434,2,4,1800.0,42304.1,0,0,0
1414,2,4,14.6,28775.8,6,0,0
1900,0,0,183.5,42761.3,7,0,0
1175,0,2,5029.0,22258.5,2,11,39912659
1823,2,4,3120.0,15724.8,0,0,0
2076,1,4,15255.0,42513.6,0,0,0
2153,2,1,785.0,60383.4,3,10,13103747
555,0,3,45936.0,145705.5,0,0,0
1688,2,4,12200.0,56602.5,0,0,0
349,0,0,67.0,20840.0,7,0,0
745,0,0,230.9,87773.4,7,0,0
2065,2,4,5400.0,86480.1,0,0,0
1961,2,4,14.6,50295.6,6,0,0
1089,2,4,3120.0,24527.5,0,0,0
2127,2,1,9586.0,56930.5,5,1,65390032
622,0,0,4.5,34575.2,7,0,0
324,0,2,44820.0,94168.7,0,13,86406272
138,0,3,400.0,400.0,0,0,0
439,0,0,92.6,21177.6,7,0,0
1311,2,4,2700.0,29557.0,0,0,0
1452,2,4,8400.0,33917.4,0,0,0
1810,0,0,350.0,75359.3,7,0,0
535,2,1,4069.0,40859.3,5,2,80693810
1328,2,1,2902.0,33554.8,5,6,75771987
104,0,0,109.5,34394.9,7,0,0
1871,0,3,2600.0,33410.7,0,0,0
1424,0,2,5318.0,22140.8,2,5,55278760
847,2,1,9584.0,35185.4,5,8,34061867
2122,2,1,3498.0,63322.1,5,9,91327929
1674,2,4,2200.0,28754.3,0,0,0
500,0,0,118.7,29789.0,7,0,0
1686,2,4,3760.0,21968.1,0,0,0
2066,1,4,8720.0,-986.3,0,0,0
1824,2,4,400.0,19556.0,0,0,0
1110,2,4,14.6,28913.1,6,0,0
2067,2,1,7905.0,73364.5,5,5,81014710
1323,2,4,14.6,14230.6,6,0,0
1608,2,1,34.0,74596.8,1,4,79024326
1200,2,4,14.6,46211.3,6,0,0
1758,2,1,722.0,103285.4,1,13,75680291
1454,2,4,640.0,30834.2,0,0,0
1079,2,4,30.0,87876.1,6,0,0
1927,0,3,37892.0,63972.9,0,0,0
671,2,4,840.0,28920.9,0,0,0
1766,2,4,1500.0,27535.6,0,0,0
301,2,1,82.0,29827.5,1,11,19039827
1414,2,4,14.6,68158.7,6,0,0
1824,2,5,1100.0,43226.1,0,0,0
995,2,4,34200.0,83451.8,0,0,0
2059,2,4,14700.0,32503.7,0,0,0
1779,2,4,14.6,42041.3,6,0,0
1488,2,1,6245.0,38195.6,5,9,96173613
1779,0,0,54.5,13528.7,7,0,0
1797,2,4,3680.0,11444.7,0,0,0
1779,0,0,77.4,19073.7,7,0,0
1699,0,2,3080.0,18434.5,0,1,45863705
1634,2,1,9874.0,18831.6,5,5,66611260
572,2,1,2154.0,48612.1,5,12,46599167
521,2,4,15900.0,42187.4,0,0,0
1121,2,1,2185.0,46669.2,1,13,20442784
1445,2,4,14.6,34278.8,6,0,0
1423,2,1,2329.0,27473.4,5,2,59419953
1393,0,3,19591.0,81947.5,0,0,0
515,2,4,2880.0,20135.1,0,0,0
1939,2,4,3500.0,37939.8,0,0,0
855,0,3,200.0,15676.7,0,0,0
479,2,1,12006.0,37736.4,5,8,18079054
1626,0,0,212.5,45154.6,7,0,0
2031,2,4,11700.0,59212.0,0,0,0
1445,2,4,14.6,39754.3,6,0,0
1430,2,4,1050.0,26423.4,0,0,0
390,2,1,5135.0,42037.7,1,3,57953965
993,2,1,2976.0,25999.1,5,2,39119124
1245,2,4,800.0,18034.7,0,0,0
1017,2,4,1080.0,34187.6,0,0,0
149,2,4,5200.0,29102.0,0,0,0
1634,2,4,1500.0,27896.4,0,0,0
2083,2,4,14.6,30995.8,6,0,0
1268,0,2,12710.0,30042.2,0,4,78292494
1632,0,3,32686.0,71231.8,0,0,0
996,2,4,7000.0,27506.2,0,0,0
1409,1,4,16730.0,40940.5,0,0,0
1619,2,4,4200.0,53545.4,0,0,0
489,2,4,600.0,25342.1,0,0,0
363,0,3,4337.0,30367.3,0,0,0
1373,1,4,9863.0,32216.6,0,0,0
1127,2,4,13600.0,41226.2,0,0,0
1759,0,2,6962.0,26649.2,2,13,97257405
2030,0,3,24231.0,98185.6,0,0,0
1396,0,3,21971.0,71323.8,0,0,0
1394,2,1,4.0,43784.0,3,3,61734002
1139,0,0,159.6,41013.9,7,0,0
936,2,1,2653.0,106553.2,5,11,10382223
452,2,1,3027.0,27657.8,5,5,59559762
1638,2,1,1854.0,21784.6,5,1,32185286
1788,2,1,3419.0,24453.3,1,13,80957543
1547,2,1,1683.0,42853.5,8,2,77219027
1829,2,4,3240.0,38231.1,0,0,0
408,2,4,30.0,40775.8,6,0,0
1292,0,0,142.2,35167.5,7,0,0
1261,0,0,21.3,9149.6,7,0,0
2133,2,4,750.0,32966.1,0,0,0
690,2,1,1022.0,43450.8,1,5,76071583
834,2,4,14.6,82236.4,6,0,0
818,2,1,3009.0,18986.0,5,3,94832020
408,2,4,30.0,43169.1,6,0,0
2114,0,0,59.9,24032.8,7,0,0
281,2,4,12200.0,42053.8,0,0,0
987,2,4,14.6,21813.1,6,0,0
2163,2,4,1600.0,36737.4,0,0,0
834,0,0,232.2,42993.9,7,0,0
1489,2,1,2145.0,26113.3,5,2,27727192
1718,2,4,14.6,24534.6,6,0,0
1549,2,1,1019.0,84427.5,3,3,97367155
1572,0,3,11916.0,41057.3,0,0,0
1640,0,3,8722.0,39935.4,0,0,0
1982,2,4,18900.0,49651.1,0,0,0
2047,2,4,4600.0,17292.2,0,0,0
1657,0,0,184.9,46107.5,7,0,0
1179,0,2,3126.0,17759.6,0,6,10162395
386,0,2,4408.0,9716.0,2,10,695646
1665,2,1,1833.0,31825.2,5,3,43700408
1001,0,3,6393.0,28284.3,0,0,0
1779,2,4,14.6,37076.8,6,0,0
1797,0,3,1800.0,29273.4,0,0,0
1331,2,1,1374.0,54213.0,1,7,40625691
1110,2,4,14.6,22432.1,6,0,0
1149,2,4,4920.0,54730.5,0,0,0
1055,2,1,2750.0,14621.4,5,2,6447190
1279,2,4,3600.0,27275.2,0,0,0
2142,2,4,9600.0,23437.3,0,0,0
2158,2,1,3735.0,64688.3,5,12,46916538
683,2,4,14.6,12894.0,6,0,0
1001,2,4,12800.0,34055.6,0,0,0
957,0,0,150.0,40170.9,7,0,0
1758,2,4,400.0,18100.0,0,0,0
2121,0,3,17812.0,57493.4,0,0,0
478,2,1,5375.0,19846.6,5,3,91739165
1633,0,2,3399.0,26955.1,0,4,67514222
667,2,1,612.0,25948.3,1,5,8512616
1261,0,0,135.6,34387.5,7,0,0
715,2,4,840.0,18261.2,0,0,0
2128,0,3,14436.0,51517.2,0,0,0
1437,2,4,20400.0,53191.7,0,0,0
1930,2,4,14.6,17123.1,6,0,0
1639,0,2,4454.0,14398.6,2,4,47205090
2083,2,4,14.6,55768.8,6,0,0
109,0,3,1000.0,1000.0,0,0,0
598,0,3,4550.0,29650.4,0,0,0
1172,2,4,4100.0,11307.2,0,0,0
408,2,4,14.6,23988.4,6,0,0
2062,0,2,13936.0,32363.5,0,7,56820648
318,2,4,14.6,31117.7,6,0,0
1900,2,4,14.6,15010.8,6,0,0
1038,2,4,2720.0,22188.9,0,0,0
568,2,4,3000.0,33640.5,0,0,0
457,2,4,960.0,42805.6,0,0,0
2015,2,4,41900.0,57282.6,0,0,0
1565,0,0,263.6,53691.6,7,0,0
937,2,1,3052.0,27421.1,5,4,38500511
745,2,4,14.6,28469.6,6,0,0
812,2,1,4541.0,48949.7,5,11,73640763
1900,2,4,14.6,15367.2,6,0,0
1991,2,4,14.6,17696.1,6,0,0
653,0,0,153.6,38645.8,7,0,0
1910,2,4,9100.0,8364.6,0,0,0
1459,2,4,1920.0,15621.8,0,0,0
628,0,3,17696.0,50798.0,0,0,0
1972,0,3,17580.0,85423.0,0,0,0
1830,2,4,11700.0,24083.2,0,0,0
597,0,3,7618.0,19619.2,0,0,0
577,2,4,3480.0,35297.7,0,0,0
2144,0,0,279.1,64979.1,7,0,0
644,2,4,8700.0,28367.2,0,0,0
1617,2,4,4950.0,30343.0,0,0,0
1869,0,0,83.1,19405.1,7,0,0
1292,0,0,129.4,34142.0,7,0,0
2083,2,4,4300.0,33155.8,0,0,0
975,2,4,3600.0,30479.0,0,0,0
2062,2,1,3419.0,81550.4,1,13,80957543
1445,0,0,155.1,42814.8,7,0,0
1145,0,3,9738.0,39972.8,0,0,0
653,0,0,157.8,38629.1,7,0,0
1991,2,4,14.6,38437.3,6,0,0
1732,0,3,22592.0,59391.7,0,0,0
271,0,2,4316.0,23307.4,2,2,77385341
1726,0,3,21078.0,78563.3,0,0,0
939,2,1,2120.0,29675.5,5,9,79819476
1826,2,4,4200.0,31670.1,0,0,0
1970,2,1,4128.0,23117.7,5,3,44934696
2033,0,3,29434.0,128334.5,0,0,0
1849,2,4,14500.0,48791.8,0,0,0
1450,2,4,4200.0,22630.4,0,0,0
1877,0,3,49467.0,86371.8,0,0,0
904,2,4,9700.0,36592.8,0,0,0
1535,2,4,14.6,16108.8,6,0,0
1200,2,4,14.6,26756.7,6,0,0
1292,0,0,48.3,10571.3,7,0,0
723,2,1,960.0,36637.4,1,3,76923572
2027,2,4,16000.0,49670.3,0,0,0
1179,0,3,24542.0,45938.1,0,0,0
1025,2,1,204.0,28435.7,0,8,25394970
467,2,4,4700.0,9863.0,5,0,0
1210,0,3,21623.0,59494.3,0,0,0
1880,2,1,955.0,25154.9,1,10,8070820
1414,2,4,14.6,74679.0,6,0,0
1607,0,3,29079.0,71729.7,0,0,0
171,0,3,7731.0,8531.0,0,0,0
1596,2,4,14.6,20061.0,6,0,0
727,2,4,6300.0,41120.8,0,0,0
74,0,0,37.3,30889.8,7,0,0
265,2,1,119.0,107561.9,1,1,62503671
2031,2,4,5400.0,30454.3,0,0,0
1515,0,3,11874.0,43864.6,0,0,0
514,0,3,1100.0,27748.6,0,0,0
1095,2,4,4500.0,51596.0,0,0,0
1086,0,3,11429.0,50518.6,0,0,0
1665,0,3,4008.0,4608.0,0,0,0
1392,2,1,2469.0,67844.4,5,2,13642275
1414,0,0,135.1,32683.3,7,0,0
1266,2,1,4054.0,14197.3,5,2,28175699
1565,0,0,69.3,14507.1,7,0,0
1841,0,0,102.5,37701.7,7,0,0
906,0,2,6877.0,31480.8,2,12,11260474
1363,0,2,30832.0,43682.7,0,9,62510245
1431,2,4,4320.0,53769.8,0,0,0
1818,2,4,960.0,19774.7,0,0,0
935,0,3,12939.0,49663.3,0,0,0
1353,2,4,9300.0,25023.0,0,0,0
1175,0,3,400.0,25816.8,0,0,0
1836,2,4,480.0,42257.9,0,0,0
994,2,1,6741.0,25954.8,5,8,38381874
1057,2,1,3297.0,19763.3,5,8,88894867
2114,2,4,14.6,18354.0,6,0,0
1048,0,0,150.0,34825.5,7,0,0
926,0,0,120.1,29871.6,7,0,0
1490,0,3,300.0,33430.4,0,0,0
1048,0,0,109.5,24744.2,7,0,0
1244,2,1,5129.0,52565.7,5,6,8464664
1837,2,4,810.0,14783.8,0,0,0
1895,1,4,10128.0,26945.5,0,0,0
934,0,3,4166.0,14334.2,0,0,0
1760,2,1,2478.0,30597.6,1,1,66113912
1853,2,1,2288.3,28257.9,8,4,53236597
961,2,4,4800.0,24938.9,0,0,0
1900,2,4,14.6,23350.3,6,0,0
1711,2,4,4500.0,30869.1,0,0,0
2144,2,4,14.6,43744.0,6,0,0
1437,2,4,22500.0,46446.5,0,0,0
1831,2,4,2640.0,50024.0,0,0,0
1687,1,4,20804.0,58021.1,0,0,0
159,2,4,2000.0,21762.0,0,0,0
1423,2,1,4324.0,48118.2,1,12,85702967
1041,2,4,12200.0,38161.0,0,0,0
2053,0,0,109.1,17581.7,7,0,0
1718,0,0,298.1,75643.8,7,0,0
1883,2,1,4067.0,33898.9,5,1,40453487
1048,0,0,220.7,46880.4,7,0,0
1455,0,3,11070.0,66794.0,0,0,0
1335,2,1,5847.0,29159.6,5,10,5941856
1353,0,0,267.5,58041.5,7,0,0
1835,2,4,1200.0,21121.0,0,0,0
1783,2,4,3900.0,27782.5,0,0,0
678,0,3,29343.0,110538.3,0,0,0
1634,0,2,4812.0,14696.3,2,5,36199426
1919,2,4,15300.0,62183.2,0,0,0
1686,2,4,4200.0,15074.1,0,0,0
1930,2,4,14.6,14011.1,6,0,0
1231,2,4,14.6,51066.1,6,0,0
1607,2,4,3300.0,23837.4,0,0,0
1353,0,0,184.3,44552.2,7,0,0
865,0,0,107.7,27564.7,7,0,0
714,0,0,121.5,28102.4,7,0,0
363,0,3,5211.0,28348.3,0,0,0
1942,2,1,7806.0,49058.6,5,10,24160874
660,0,3,29336.0,49136.0,0,0,0
1018,0,0,93.9,22258.1,7,0,0
2095,2,1,2180.0,19216.8,1,9,1625001
1421,2,4,16200.0,39124.3,0,0,0
1688,0,0,163.5,43656.0,7,0,0
1451,0,2,6411.0,18219.9,2,4,63237541
1760,2,4,2100.0,20372.6,0,0,0
2022,2,4,14.6,17144.7,6,0,0
1833,2,4,1000.0,22603.1,0,0,0
365,2,4,1920.0,47461.0,0,0,0
1980,2,4,270.0,21863.6,0,0,0
2069,2,5,2900.0,51595.2,0,0,0
2151,2,4,7200.0,43906.2,0,0,0
1084,0,2,5123.0,28819.4,2,13,62457513
1123,2,1,5940.0,50638.9,5,2,19250178
1692,0,3,16991.0,18961.6,0,0,0
1788,2,1,3026.0,12210.2,5,8,48705834
876,0,3,7483.5,23882.9,0,0,0
1425,0,2,23810.0,35959.6,0,12,68042999
1880,0,2,2901.0,18097.5,0,5,72301327
1518,0,3,8800.0,28535.3,0,0,0
1618,2,4,3400.0,40822.4,0,0,0
2149,2,1,1258.0,16569.1,5,7,51615589
2061,2,4,36700.0,19296.9,0,0,0
938,0,2,6151.0,23740.2,2,10,78620892
1170,0,0,136.5,29327.8,7,0,0
690,2,4,7800.0,38503.7,0,0,0
955,2,4,1300.0,14093.7,0,0,0
1476,0,0,221.3,42052.3,7,0,0
2175,0,0,444.5,93241.7,7,0,0
1718,2,4,14.6,20685.2,6,0,0
1306,2,1,561.0,20735.1,1,13,29709238
604,2,1,2118.3,28470.5,8,4,22466057
2175,0,0,77.6,17150.8,7,0,0
1511,2,1,13167.0,75919.0,5,10,73746818
811,0,3,7632.0,26371.5,0,0,0
2022,2,4,14.6,17594.3,6,0,0
263,0,3,4896.0,19010.7,0,0,0
2084,2,4,840.0,13774.7,0,0,0
1089,0,3,11876.0,48898.0,0,0,0
2114,0,0,151.6,42062.9,7,0,0
1182,0,3,13875.0,28292.8,0,0,0
1425,2,4,19000.0,36343.8,0,0,0
2093,2,4,10300.0,44733.6,0,0,0
1454,2,4,3500.0,20628.1,0,0,0
2153,2,1,3297.0,8954.8,5,8,88894867
2011,1,4,12037.0,47125.7,0,0,0
2164,2,4,2400.0,16485.0,0,0,0
2069,2,4,5700.0,94958.3,0,0,0
1883,2,4,8900.0,28812.5,0,0,0
1305,2,5,2700.0,25287.0,0,0,0
1304,2,1,7518.0,50755.3,8,11,16368747
199,0,3,1600.0,23325.1,0,0,0
968,2,1,7591.0,41246.8,5,13,56959491
1292,0,0,112.5,26496.4,7,0,0
1346,2,4,2200.0,19923.3,0,0,0
917,2,4,3360.0,23992.0,0,0,0
1452,2,4,3300.0,36152.8,0,0,0
2064,2,1,6888.0,41737.4,5,4,62772446
1749,2,4,14.6,48224.0,6,0,0
704,2,4,2800.0,33581.3,0,0,0
987,0,0,85.1,18148.2,7,0,0
1323,2,4,14.6,41967.2,6,0,0
1515,2,1,8886.0,19181.9,5,4,73266708
683,0,0,112.0,26775.6,7,0,0
1605,2,1,1449.0,50062.5,5,11,89534949
394,2,1,9655.0,33605.6,5,5,74230772
2066,2,1,1316.0,76361.9,3,8,59476637
714,0,0,201.5,30316.4,7,0,0
1962,2,4,3800.0,51375.7,0,0,0
1018,0,0,222.4,54813.9,7,0,0
2090,2,4,6000.0,27896.5,0,0,0
1353,2,4,14.6,24660.3,6,0,0
1341,0,3,500.0,28725.1,0,0,0
1536,2,4,8000.0,25080.9,0,0,0
1827,2,4,560.0,16926.0,0,0,0
1445,0,0,137.1,31047.6,7,0,0
1728,2,1,176.0,60673.2,3,11,2184236
1515,2,1,912.0,46544.0,5,8,14523250
288,0,0,254.9,81840.5,7,0,0
1827,2,4,780.0,21001.5,0,0,0
1630,0,3,19825.0,51438.1,0,0,0
1900,0,0,38.2,13563.2,7,0,0
1414,2,4,14.6,57797.2,6,0,0
903,2,1,5421.0,17057.5,5,7,54152226
1908,2,1,3081.0,22365.5,5,2,12900150
1974,2,4,18800.0,26648.2,0,0,0
377,2,4,850.0,22728.4,0,0,0
1305,2,1,390.0,62181.4,1,8,7009309
1640,2,1,7830.0,13705.4,5,6,16216141
1909,0,3,6206.0,67609.1,0,0,0
2122,0,3,18670.0,32098.4,0,0,0
1292,0,0,183.5,50701.5,7,0,0
873,0,3,9618.0,25201.2,0,0,0
1852,0,2,6677.0,21534.4,2,1,15285545
1624,0,3,3000.0,23541.6,0,0,0
1850,2,1,5262.0,27654.4,5,8,88771032
2125,2,1,1855.0,9528.4,5,11,15796089
2175,0,0,110.5,26754.7,7,0,0
706,2,4,4900.0,30320.8,0,0,0
2100,2,4,18400.0,20246.7,0,0,0
1426,1,4,17183.0,18810.8,0,0,0
332,2,1,9499.0,79718.4,1,5,43103534
695,0,3,24345.0,58965.2,0,0,0
1635,1,4,10644.0,61101.1,0,0,0
376,2,4,2880.0,32659.7,0,0,0
1320,2,4,5520.0,24108.5,0,0,0
1483,0,3,21150.0,36103.9,0,0,0
2022,0,0,91.7,22156.2,7,0,0
1292,0,0,282.4,56936.8,7,0,0
1912,0,2,38369.0,72955.5,0,12,13991976
1997,0,2,3161.0,35089.9,0,7,20851540
1366,2,1,617.0,26898.8,5,13,52539229
408,2,4,14.6,21671.1,6,0,0
1818,2,4,450.0,15023.2,0,0,0
500,0,0,75.9,19080.0,7,0,0
139,0,3,12600.0,15205.6,0,0,0
1956,2,4,15400.0,45205.3,0,0,0
1900,2,4,14.6,38016.9,6,0,0
511,2,1,5009.0,56894.2,5,1,19063937
1700,2,4,8700.0,32589.6,0,0,0
1124,2,4,15300.0,39884.2,0,0,0
1210,2,1,4681.0,51072.5,1,6,74763947
1018,0,0,88.4,19870.9,7,0,0
714,2,4,14.6,29327.0,6,0,0
371,0,3,16713.0,29994.6,0,0,0
1573,2,1,10.0,19412.5,3,11,24497020
1943,2,1,5286.0,23440.4,5,13,35530597
635,2,1,2668.0,24650.3,1,6,77260404
689,0,3,26544.0,64075.2,0,0,0
2141,0,3,49678.0,107012.2,0,0,0
683,0,0,57.0,17889.0,7,0,0
1098,2,4,3120.0,13501.5,0,0,0
1810,0,0,80.1,15868.4,7,0,0
1271,2,1,12414.0,35621.1,5,6,6873333
2121,2,1,803.0,31511.0,3,8,40185999
1698,0,3,37078.0,37478.0,0,0,0
413,2,1,5.0,40651.2,1,10,87464
1476,2,4,14.6,22696.0,6,0,0
745,2,4,30.0,21048.4,6,0,0
1509,2,1,5673.0,43755.9,5,8,98150521
2128,0,3,500.0,21939.6,0,0,0
1937,2,4,3900.0,59061.1,0,0,0
604,2,4,52200.0,59034.5,0,0,0
2121,2,1,5664.0,18786.4,5,10,40163117
1367,0,2,6727.0,22353.7,2,9,94994931
1535,0,0,369.0,95789.6,7,0,0
1749,2,4,14.6,24169.5,6,0,0
630,0,3,10352.0,40290.4,0,0,0
697,2,4,2700.0,41554.1,0,0,0
1293,2,4,3900.0,30488.1,0,0,0
1726,2,1,2970.0,10381.9,5,2,87006002
1977,2,5,1400.0,84838.1,0,0,0
1381,1,4,17743.0,44347.6,0,0,0
117,0,3,15634.0,16434.0,0,0,0
1438,0,3,43771.0,139964.6,0,0,0
751,0,3,23938.0,25038.0,0,0,0
1810,0,0,15.9,39503.9,7,0,0
1278,0,3,1300.0,27471.2,0,0,0
2053,2,4,14.6,46329.0,6,0,0
1829,2,4,1440.0,26579.2,0,0,0
1175,2,4,11700.0,31800.0,0,0,0
1718,2,4,14.6,3243.5,6,0,0
592,2,4,14.6,35053.2,6,0,0
1486,2,1,2858.0,18712.2,5,8,14357602
732,2,4,720.0,62477.8,0,0,0
1576,2,1,7028.0,30868.7,5,3,54694455
1810,0,0,133.3,33013.3,7,0,0
865,2,4,14.6,19551.8,6,0,0
722,2,4,1920.0,16884.9,0,0,0
2012,2,4,6500.0,32655.8,0,0,0
1457,2,1,7518.0,37545.3,8,11,16368747
1274,2,1,3277.0,17621.9,5,12,15485203
1747,2,4,1900.0,68113.5,0,0,0
542,2,4,4700.0,33908.3,0,0,0
2150,0,3,28928.0,78613.4,0,0,0
1657,0,0,15.7,4233.4,7,0,0
1102,2,4,180.0,26934.5,0,0,0
331,2,1,5037.0,69349.3,5,10,4434031
1817,2,1,1388.0,32159.7,1,4,4071104
1064,2,4,13700.0,45195.4,0,0,0
1657,0,0,152.6,37249.4,7,0,0
732,2,4,2520.0,29973.8,0,0,0
1657,0,0,163.8,35842.2,7,0,0
2076,0,3,1400.0,40173.8,0,0,0
2144,0,3,7400.0,26405.0,0,0,0
865,0,0,73.4,18949.8,7,0,0
1718,0,0,151.3,37968.3,7,0,0
872,0,2,2975.0,18013.0,0,2,76680385
1749,0,0,56.8,13627.5,7,0,0
1535,2,4,8800.0,34132.2,0,0,0
1698,0,3,21220.0,46791.0,0,0,0
1535,2,4,14.6,28879.1,6,0,0
1779,2,4,14.6,15922.0,6,0,0
1200,0,0,124.7,23406.4,7,0,0
2114,0,0,77.7,20261.2,7,0,0
2119,0,2,46714.0,78524.4,0,1,62184637
1740,2,4,19900.0,21445.3,0,0,0
142,2,1,204.0,17973.1,0,8,25394970
1516,0,3,12194.0,22728.8,0,0,0
1139,0,0,39.6,12674.4,7,0,0
1465,2,5,1600.0,38495.9,0,0,0
1591,2,4,9300.0,33428.0,0,0,0
1404,0,3,49400.0,112609.3,0,0,0
2022,0,0,148.7,38702.1,7,0,0
1534,2,4,840.0,31440.2,0,0,0
1302,0,3,14961.0,117881.5,0,0,0
822,2,4,19600.0,53272.0,0,0,0
1781,2,4,3840.0,21505.6,0,0,0
1657,0,0,148.3,34010.1,7,0,0
1383,2,4,10200.0,42719.6,0,0,0
719,2,4,720.0,33470.9,0,0,0
1949,2,4,2400.0,108673.3,0,0,0
1657,2,4,14.6,36039.4,6,0,0
1486,2,1,3574.0,14867.1,5,3,97405832
500,0,0,105.5,26299.3,7,0,0
744,2,4,3480.0,33277.7,0,0,0
1779,0,0,78.6,15961.2,7,0,0
1062,2,1,9255.0,32257.6,5,11,82919829
1549,0,3,37983.0,107581.7,0,0,0
1596,0,0,276.4,56669.1,7,0,0
1273,2,1,6148.0,58867.1,8,13,91485505
1384,2,4,14.6,16612.1,6,0,0
1671,0,3,4830.0,28238.9,0,0,0
1718,0,0,79.5,19679.4,7,0,0
1958,2,4,13200.0,63754.1,0,0,0
1823,2,4,1000.0,44794.3,0,0,0
1048,0,0,108.6,26096.4,7,0,0
690,2,4,800.0,24118.9,0,0,0
1477,2,4,1600.0,22504.2,0,0,0
1086,0,2,6932.0,25783.2,2,12,16577571
1456,2,4,34500.0,65854.6,0,0,0
1416,2,4,7600.0,25267.6,0,0,0
1961,0,0,75.2,16455.8,7,0,0
473,0,3,2400.0,21056.5,0,0,0
2053,2,4,100.0,20717.1,6,0,0
1086,2,1,123.0,21011.8,1,13,84354322
1136,1,4,15246.0,30173.7,0,0,0
916,2,4,12200.0,47370.6,0,0,0
1259,2,4,4600.0,20155.0,0,0,0
510,2,1,12414.0,57738.9,5,6,6873333
1475,0,3,18729.0,30324.1,0,0,0
2067,2,1,599.0,33523.2,3,4,75644820
507,0,3,43330.0,89951.7,0,0,0
2063,2,1,688.0,24783.7,3,2,22804981
654,0,3,4900.0,23457.4,0,0,0
561,0,0,132.1,23236.9,7,0,0
1504,2,4,2900.0,12438.9,0,0,0
683,0,0,88.0,21624.4,7,0,0
1360,0,2,5039.0,31159.2,2,7,22131634
1384,0,0,70.2,15543.0,7,0,0
865,2,4,14.6,35039.2,6,0,0
1761,2,1,1394.0,71665.1,5,1,52683812
528,2,4,4900.0,31674.0,0,0,0
2083,2,4,14.6,18665.9,6,0,0
1466,2,4,960.0,15656.2,0,0,0
1718,0,0,179.3,45989.6,7,0,0
1996,2,1,4514.0,65539.4,5,7,84757935
1841,0,0,126.9,26052.9,7,0,0
1853,2,4,3400.0,20230.0,0,0,0
536,2,1,2643.0,21070.7,5,12,87020074
1139,0,0,57.8,14950.5,7,0,0
1938,0,3,19841.0,31749.1,0,0,0
2083,0,0,201.5,47309.6,7,0,0
1951,0,3,2200.0,103282.2,0,0,0
1562,0,3,39245.0,93504.3,0,0,0
477,2,1,5005.0,30422.0,5,6,17050731
1565,2,4,14.6,5908.6,6,0,0
1961,0,0,361.4,94604.0,7,0,0
1139,2,4,14.6,46012.0,6,0,0
1912,2,1,2305.0,44338.0,3,5,28942603
1516,0,2,23726.0,50013.3,0,11,85668760
2175,0,0,336.5,91529.7,7,0,0
2053,2,4,14.6,20113.1,6,0,0
1119,2,1,1544.0,21925.0,5,13,66208350
1972,0,3,29508.0,54823.5,0,0,0
1930,2,4,10900.0,63821.6,0,0,0
1099,2,4,8700.0,7376.3,0,0,0
1930,0,0,129.1,33675.7,7,0,0
500,2,4,14.6,28644.9,6,0,0
1909,2,4,2300.0,22225.6,0,0,0
1816,2,1,374.0,38922.9,1,3,12338292
1688,0,0,86.0,22107.7,7,0,0
813,0,3,37331.0,76408.6,0,0,0
1384,2,4,14.6,21060.3,6,0,0
1336,2,1,27.0,15804.4,3,10,94764554
1059,2,4,7800.0,39186.9,0,0,0
843,2,1,4639.0,35421.5,5,13,90429490
2022,2,4,14.6,35035.7,6,0,0
1991,0,0,86.5,19279.5,7,0,0
709,0,3,14070.0,66049.7,0,0,0
1565,0,0,54.7,13850.7,7,0,0
1292,2,4,14.6,13148.8,6,0,0
296,0,3,4166.0,21657.8,0,0,0
1397,0,3,13776.0,32555.8,0,0,0
1596,2,4,14.6,17045.2,6,0,0
825,2,4,200.0,26999.9,0,0,0
1756,0,3,24047.0,58754.0,0,0,0
1461,2,5,3000.0,18049.8,0,0,0
1485,2,1,3285.0,23641.5,5,6,36175376
1487,2,1,4254.0,76725.5,5,4,73115485
535,2,1,483.0,20589.8,1,5,96404462
1822,2,4,1200.0,69109.5,0,0,0
1683,2,4,5880.0,39431.2,0,0,0
1544,0,2,3463.0,32329.9,0,3,99633556
1938,2,1,590.0,19159.2,3,3,51901710
1465,2,4,240.0,16442.8,0,0,0
1365,2,1,589.0,20042.5,0,6,26600021
995,0,3,10405.0,26893.9,0,0,0
1912,0,2,4393.0,17417.4,2,1,94329887
1961,0,0,297.5,61487.0,7,0,0
271,0,3,11000.0,14190.8,0,0,0
1452,2,4,960.0,52053.7,0,0,0
1338,2,4,900.0,19195.4,0,0,0
1323,0,0,91.2,22663.8,7,0,0
1450,2,4,5700.0,19088.9,0,0,0
1901,2,4,9500.0,50574.6,0,0,0
622,0,0,163.1,42721.4,7,0,0
1827,2,4,480.0,22341.1,0,0,0
1306,2,1,3009.0,18732.7,5,3,94832020
1244,2,4,1400.0,31866.2,0,0,0
1828,2,4,6900.0,32742.2,0,0,0
1205,2,1,475.0,53465.1,1,9,12188804
1999,2,1,447.0,18041.2,5,5,11366123
1859,0,3,1900.0,24283.9,0,0,0
1714,1,4,6706.0,64185.3,0,0,0
1657,0,0,70.8,15247.1,7,0,0
1177,2,4,12400.0,31289.2,0,0,0
1428,2,1,325.0,30357.2,3,9,82890259
1810,2,4,14.6,61581.0,6,0,0
545,0,3,500.0,29939.8,0,0,0
752,0,2,3242.0,27939.7,0,10,42988401
201,2,1,2125.0,22990.4,5,4,17588830
1212,0,3,22968.0,69839.7,0,0,0
1596,0,0,210.8,46976.5,7,0,0
1966,0,2,6830.0,40475.3,2,3,82285320
1913,0,3,12129.0,43856.0,0,0,0
379,2,4,4200.0,13839.8,0,0,0
1749,2,4,14.6,52824.5,6,0,0
1779,0,0,118.7,25299.6,7,0,0
665,0,3,9615.0,43709.6,0,0,0
1287,2,4,2000.0,40918.6,0,0,0
1622,2,4,16480.0,31163.7,0,0,0
1088,2,4,6900.0,29120.7,0,0,0
2125,2,1,532.0,20082.3,5,11,86354624
2066,2,4,1100.0,58725.7,0,0,0
1121,0,3,19468.0,46247.2,0,0,0
1554,2,4,10600.0,78900.7,0,0,0
1358,2,4,2520.0,28332.6,0,0,0
634,0,3,21652.0,62369.0,0,0,0
2149,1,4,19499.0,34720.3,0,0,0
1729,0,2,6223.0,33922.3,2,3,10232061
1846,2,1,1788.0,39282.6,5,8,71082353
865,2,4,14.6,22621.6,6,0,0
2114,0,0,162.3,39882.8,7,0,0
1310,0,3,2900.0,27734.8,0,0,0
1445,2,4,14.6,75656.3,6,0,0
2058,0,3,12275.0,44334.1,0,0,0
333,2,4,7300.0,29082.0,0,0,0
2035,2,4,7200.0,15868.0,0,0,0
1079,2,4,14.6,27456.4,6,0,0
1048,2,4,14.6,21356.2,6,0,0
1292,2,4,14.6,31586.9,6,0,0
147,2,1,157.0,18685.7,3,5,85222345
1991,2,4,14.6,23905.0,6,0,0
1869,0,0,264.4,98623.7,7,0,0
1991,0,0,92.3,20148.2,7,0,0
1779,0,0,146.0,74196.4,7,0,0
1592,0,3,30209.0,92450.5,0,0,0
1796,2,4,11700.0,27958.0,0,0,0
2095,2,1,7041.0,46713.0,5,12,27547550
2144,2,4,14.6,24101.8,6,0,0
690,2,1,725.0,14745.5,0,7,85599320
666,0,3,20121.0,51750.1,0,0,0
1688,0,0,116.7,26883.3,7,0,0
1846,2,1,8157.0,23084.8,5,3,68440097
722,2,4,1840.0,20705.1,0,0,0
714,2,4,14.6,16704.7,6,0,0
1576,2,1,2006.0,19382.4,5,8,88674932
1202,2,4,25900.0,65548.8,0,0,0
1323,0,0,186.6,41677.6,7,0,0
1100,2,4,14100.0,61127.9,1,0,0
2157,2,4,1500.0,77047.2,0,0,0
1174,2,4,4100.0,32890.3,0,0,0
1504,0,0,157.8,38353.4,7,0,0
2096,2,1,533.0,21965.9,1,7,90660798
2053,2,4,14.6,15348.1,6,0,0
1869,2,4,14.6,41756.2,6,0,0
2144,2,4,14.6,64072.3,6,0,0
2091,0,3,12709.0,80748.3,0,0,0
2077,2,4,700.0,21639.8,0,0,0
1779,0,0,135.5,29077.9,7,0,0
1149,0,2,33452.0,50901.5,0,6,32251250
1671,0,3,12233.0,60167.3,0,0,0
284,1,4,13840.0,33896.9,0,0,0
668,0,3,800.0,26459.1,0,0,0
1565,0,0,78.7,15976.4,7,0,0
2053,0,0,106.2,29912.4,7,0,0
1262,2,4,3360.0,30291.4,0,0,0
1810,2,4,14.6,19477.9,6,0,0
1476,2,4,14.6,12184.7,6,0,0
1545,0,3,4623.0,43993.0,0,0,0
549,2,4,5100.0,25133.8,0,0,0
2060,2,1,1124.0,22422.3,3,6,28216910
2022,0,0,104.8,24844.1,7,0,0
1718,0,0,151.0,36121.5,7,0,0
2022,2,4,14.6,40406.0,6,0,0
834,2,4,14.6,25260.8,6,0,0
1123,2,1,3473.0,15365.9,5,6,94460415
1451,2,4,2900.0,11517.5,0,0,0
264,2,4,7800.0,31205.7,0,0,0
1688,2,4,14.6,23610.5,6,0,0
2023,2,4,13500.0,25792.7,0,0,0
2144,0,0,205.3,39132.2,7,0,0
1130,2,4,2000.0,33462.6,0,0,0
2022,0,0,67.4,16650.3,7,0,0
561,0,0,90.9,17973.4,7,0,0
1996,2,1,2410.0,52772.0,1,12,4672742
2119,2,1,12.0,24409.3,3,7,36082929
1475,2,4,10100.0,12069.6,0,0,0
2123,0,2,6679.0,34959.6,2,1,71433156
1272,0,2,2907.0,15079.6,0,12,35845464
1159,2,4,17200.0,71271.1,0,0,0
1109,2,4,2880.0,13655.8,0,0,0
1474,2,4,3700.0,24624.0,0,0,0
1912,2,4,25700.0,51384.6,0,0,0
1011,0,3,11548.0,59467.0,0,0,0
1912,2,1,701.0,21512.2,1,1,51943343
1084,2,4,1550.0,26833.3,0,0,0
841,2,1,5429.0,69512.8,5,11,76511865
1152,2,4,200.0,33213.5,0,0,0
1688,0,0,69.0,17389.1,7,0,0
653,2,4,14.6,33498.8,6,0,0
1292,2,4,100.0,30712.4,6,0,0
1813,2,4,4500.0,41386.3,0,0,0
1000,2,1,6269.0,26214.2,5,6,35650015
1727,2,1,1413.0,32514.1,5,11,69220012
763,0,3,1900.0,29659.8,0,0,0
1457,0,2,20236.0,47060.9,0,10,66487163
1874,2,1,813.0,42082.4,5,7,34514337
1549,2,1,4366.0,25685.2,5,9,39356404
1560,0,3,47172.0,113474.8,0,0,0
1635,2,1,1321.0,22487.1,0,6,52539473
1997,0,3,10012.0,44320.5,0,0,0
2042,2,4,35700.0,59210.6,0,0,0
1474,2,4,5700.0,62545.9,0,0,0
2065,2,1,1451.0,49476.2,8,10,27339548
1249,2,4,8400.0,27718.6,0,0,0
530,2,4,14.6,31954.7,6,0,0
804,0,0,140.1,33991.4,7,0,0
1469,2,4,960.0,13510.8,0,0,0
1664,2,4,15200.0,32066.9,0,0,0
1084,0,2,11222.0,43949.4,0,5,3519863
2114,0,0,123.0,30434.1,7,0,0
689,0,2,6388.0,36821.5,2,13,91520028
1591,2,4,6200.0,42962.0,0,0,0
1996,2,1,6009.0,55029.4,5,5,47246265
1207,0,3,11862.0,44842.0,0,0,0
1930,2,4,14.6,50635.4,6,0,0
1951,2,4,10700.0,14928.5,0,0,0
1817,2,4,3360.0,43000.1,0,0,0
1211,2,4,15800.0,21459.8,5,0,0
1900,2,4,14.6,36085.2,6,0,0
1762,0,3,20290.0,64325.0,0,0,0
2146,2,4,800.0,46611.5,0,0,0
1340,2,4,2400.0,33103.3,0,0,0
469,0,0,228.0,54109.0,7,0,0
2144,2,4,14.6,82957.7,6,0,0
451,2,4,8400.0,36979.7,0,0,0
745,0,0,113.4,26168.9,7,0,0
380,2,4,14.6,26397.9,6,0,0
1211,2,1,3032.0,20100.1,5,12,46244287
1378,2,4,1700.0,65172.2,0,0,0
2053,2,4,14.6,73735.0,6,0,0
1852,0,2,4758.0,22831.3,2,4,89825009
1110,0,0,120.3,22731.0,7,0,0
1687,0,3,800.0,33056.3,0,0,0
1869,2,4,14.6,81970.1,6,0,0
227,2,4,14.6,13679.9,6,0,0
1634,0,3,4166.0,17122.4,0,0,0
1367,0,3,17765.0,54088.9,0,0,0
357,0,3,23034.0,52845.0,0,0,0
408,0,0,91.2,21972.0,7,0,0
1425,0,2,4236.0,24422.5,2,1,44526660
970,0,3,10539.0,46657.5,0,0,0
1788,0,2,34892.0,95439.4,0,8,69630121
690,2,1,5187.0,54185.9,3,13,18167418
1353,2,4,14.6,55076.4,6,0,0
513,2,1,6745.0,12922.6,1,6,87739562
1032,2,4,4100.0,33928.9,0,0,0
1384,0,0,49.3,11947.7,7,0,0
1579,0,2,5473.0,22979.0,2,5,11979616
1543,2,4,24500.0,53257.4,0,0,0
561,0,0,41.4,12871.4,7,0,0
298,0,2,4641.0,14923.0,2,6,50038367
1516,2,1,6394.8,23705.6,8,7,44048529
1079,0,0,243.8,55909.9,7,0,0
500,2,4,14.6,27012.2,6,0,0
1830,2,4,1440.0,42467.1,0,0,0
834,2,4,14.6,13956.7,6,0,0
1763,2,1,1428.0,45855.6,1,6,26238835
691,2,4,2560.0,25054.2,0,0,0
1696,0,2,41022.0,107863.3,0,4,4648572
773,0,0,70.5,18767.0,7,0,0
1723,0,2,5041.0,19012.5,2,4,65790599
1832,2,4,6600.0,33920.0,0,0,0
345,2,4,24900.0,112891.7,0,0,0
1930,2,4,14.6,27442.3,6,0,0
1071,2,4,23400.0,39395.9,0,0,0
1298,2,4,14100.0,38824.0,0,0,0
1640,0,3,20210.0,63238.1,0,0,0
254,2,4,15900.0,35554.3,0,0,0
2110,0,3,23400.0,52066.8,0,0,0
1825,2,4,600.0,14786.9,0,0,0
2144,0,0,379.8,92030.1,7,0,0
1116,0,2,6607.0,29207.4,2,10,3159904
1090,2,4,4800.0,10147.0,0,0,0
1997,2,1,1044.0,39221.9,1,7,66854125
380,0,0,173.0,31105.8,7,0,0
1362,0,2,18653.0,44855.0,0,2,37036967
1626,0,0,189.4,47021.2,7,0,0
622,2,4,14.6,36061.4,6,0,0
957,0,0,178.3,43882.2,7,0,0
1991,0,0,59.4,14494.5,7,0,0
165,0,0,50.1,25321.5,7,0,0
1335,2,1,2608.2,29282.0,8,13,50098043
1718,0,0,95.1,54150.7,7,0,0
1632,0,2,23226.0,21165.2,0,2,63218593
1260,2,4,5280.0,18238.0,0,0,0
871,0,3,8934.0,25007.3,0,0,0
1688,0,0,81.0,18361.6,7,0,0
1804,2,4,510.0,17848.9,0,0,0
2097,2,1,2262.0,20964.5,5,2,77140342
1907,0,3,16727.0,61571.3,0,0,0
1154,2,4,1170.0,18727.5,0,0,0
1472,2,4,720.0,53129.3,0,0,0
2053,0,0,272.6,63290.4,7,0,0
1570,0,3,11448.0,57703.8,0,0,0
570,2,1,2161.0,21492.4,0,3,32871842
306,0,3,1200.0,31902.3,0,0,0
1365,0,3,20281.0,40773.5,0,0,0
2156,2,1,3375.0,65457.5,3,4,47159934
731,2,4,1200.0,49404.9,0,0,0
2175,0,0,244.1,65075.0,7,0,0
1909,2,4,6200.0,58852.5,0,0,0
750,2,4,100.0,25678.9,1,0,0
1692,2,4,2400.0,25216.3,0,0,0
1241,0,2,6541.0,30822.1,2,12,64665311
965,2,1,3734.0,26599.9,5,11,44489443
1151,2,1,9689.0,44252.8,8,3,85673802
1565,0,0,61.2,24558.2,7,0,0
1970,2,1,9623.0,84800.1,5,12,49463623
1670,2,1,1361.0,32671.5,3,9,4520500
1869,0,0,29.5,6511.8,7,0,0
1991,0,0,107.5,22499.7,7,0,0
849,2,4,4920.0,37567.9,0,0,0
1445,2,4,14.6,69919.1,6,0,0
773,0,0,110.0,27695.8,7,0,0
1961,2,4,14.6,12020.3,6,0,0
439,0,0,91.3,23994.1,7,0,0
1180,0,2,23585.0,53618.1,0,13,61292606
990,0,3,48875.0,49875.0,0,0,0
714,0,0,205.6,43798.5,7,0,0
1846,2,1,6589.0,53230.6,5,2,89718746
1748,2,4,17800.0,28617.4,0,0,0
1270,0,2,49761.0,62922.6,0,10,48559629
1637,0,3,1500.0,12926.7,0,0,0
522,2,4,24480.0,16659.5,0,0,0
1839,2,4,4900.0,24763.2,0,0,0
1851,0,3,23524.0,77743.4,0,0,0
2053,2,4,14.6,54726.3,6,0,0
2150,0,2,3300.0,23411.8,0,11,19261747
865,2,4,14.6,43390.3,6,0,0
1546,0,3,22060.0,56233.2,0,0,0
1428,2,4,49600.0,78737.7,0,0,0
1900,2,4,14.6,19285.2,6,0,0
1364,0,3,24269.0,69037.2,0,0,0
1703,2,4,1400.0,90580.3,0,0,0
714,0,0,213.3,41387.9,7,0,0
1987,2,4,4700.0,43032.0,0,0,0
1426,2,4,9500.0,42417.0,0,0,0
662,0,2,3478.0,29338.2,0,10,56615853
1936,2,1,6550.0,10595.9,5,10,4537106
2150,0,3,32244.0,76551.4,0,0,0
170,0,2,5224.0,27212.6,2,2,94008880
1271,2,4,800.0,25998.5,0,0,0
1753,2,4,12700.0,28422.4,0,0,0
641,2,4,300.0,25500.0,0,0,0
1307,2,4,300.0,25660.1,0,0,0
1273,1,4,8708.0,95527.2,0,0,0
1833,2,4,600.0,29624.9,0,0,0
1850,2,1,6879.0,20602.7,5,6,11773962
1704,2,4,21300.0,49048.7,0,0,0
2171,2,5,1300.0,42538.8,0,0,0
1091,2,1,6239.2,38925.8,8,9,25747537
622,0,0,36.4,18749.4,7,0,0
1824,0,2,3183.0,24387.4,0,3,15611237
878,2,1,3387.0,31444.2,5,11,34315210
1881,2,1,1212.0,14692.3,0,2,41663390
1838,2,4,1200.0,22614.3,0,0,0
1178,2,1,317.0,14887.4,5,2,17364889
1292,2,4,14.6,28320.0,6,0,0
1853,2,1,3160.7,30160.9,8,5,58578437
817,0,3,21525.0,47940.6,0,0,0
1975,2,1,4540.0,87361.9,5,5,33179605
957,0,0,83.0,20464.3,7,0,0
1939,0,3,18852.0,53213.8,0,0,0
1869,0,0,75.4,18717.5,7,0,0
1841,0,0,79.9,15007.9,7,0,0
1303,2,1,254.0,20910.6,1,1,90330576
1907,0,3,18409.0,64008.4,0,0,0
817,0,3,20203.0,52092.5,0,0,0
340,2,4,4400.0,24439.2,0,0,0
898,0,3,1100.0,23037.4,0,0,0
1822,2,4,2100.0,31991.2,0,0,0
2121,2,1,4234.0,55363.0,5,5,98804980
1930,0,0,132.2,32629.6,7,0,0
1930,2,4,14.6,57744.7,6,0,0
1912,2,1,2177.0,16432.8,1,11,31563121
731,0,3,33407.0,44425.0,0,0,0
900,2,1,1333.0,18895.4,5,8,71369182
1048,0,0,254.8,62039.7,7,0,0
1273,2,1,1662.0,15962.6,5,9,64704280
1779,0,0,174.7,33837.2,7,0,0
2053,0,0,118.4,28526.0,7,0,0
2175,0,0,113.6,29712.2,7,0,0
721,0,3,17129.0,61107.9,0,0,0
2038,2,4,10200.0,75512.0,0,0,0
1631,2,1,1308.0,21020.2,1,12,77749645
1792,0,2,3021.0,17232.9,0,9,65946370
1083,2,4,1680.0,14686.6,0,0,0
1810,0,0,223.1,39225.5,7,0,0
1446,2,4,6000.0,50887.4,0,0,0
1816,2,4,8400.0,47170.0,0,0,0
1671,2,4,3600.0,27633.1,0,0,0
728,2,1,4919.0,62372.8,1,8,22791952
953,0,3,45247.0,98577.8,0,0,0
1504,2,4,14.6,19728.0,6,0,0
1100,0,3,3100.0,17534.3,0,0,0
2044,2,4,5700.0,18620.7,0,0,0
1791,2,4,350.0,27101.4,0,0,0
2175,0,0,176.9,42364.6,7,0,0
1353,2,4,14.6,14641.2,6,0,0
1763,0,2,42171.0,103192.1,0,2,43851268
2053,2,4,14.6,80701.5,6,0,0
487,0,3,49407.0,63819.4,0,0,0
1094,2,4,3000.0,24420.4,0,0,0
2110,2,4,1000.0,42559.7,0,0,0
1243,0,3,28422.0,66099.2,0,0,0
2049,2,4,31000.0,70828.6,0,0,0
2053,2,4,14.6,24335.4,6,0,0
1810,2,4,14.6,24244.7,6,0,0
1615,0,3,2100.0,33755.7,0,0,0
568,2,4,2300.0,26709.1,0,0,0
2153,0,2,46166.0,80324.5,0,2,2525222
653,2,4,14.6,58206.7,6,0,0
1139,0,0,123.0,31554.3,7,0,0
843,2,1,3744.0,24080.0,5,6,83388852
1626,0,0,114.4,25074.4,7,0,0
2090,2,1,2685.0,15543.3,1,4,76289182
1913,2,1,183.0,25232.0,5,6,38527757
1454,0,3,20536.0,46184.3,0,0,0
1048,0,0,126.9,28480.0,7,0,0
611,2,4,2520.0,32201.6,0,0,0
773,2,4,14.6,27681.2,6,0,0
1175,2,1,2621.0,35620.4,1,8,72798836
2051,2,4,300.0,18170.2,0,0,0
1366,0,2,3058.0,3658.0,0,6,83651440
2062,0,3,800.0,20740.1,0,0,0
2022,2,4,14.6,25377.4,6,0,0
773,0,0,115.8,29461.4,7,0,0
1179,0,2,49761.0,88558.7,0,10,48559629
1798,2,4,28900.0,46642.5,0,0,0
898,0,3,2400.0,24900.0,0,0,0
1960,2,4,32400.0,67366.2,0,0,0
2031,2,1,7152.0,38373.1,5,10,19503748
1780,2,4,8900.0,44560.8,0,0,0
1455,2,4,1800.0,18737.1,0,0,0
1997,0,2,6388.0,61740.8,2,13,91520028
1337,0,3,9109.0,43543.7,0,0,0
1607,2,1,3170.0,12771.3,5,9,24686056
463,2,4,3600.0,23199.6,0,0,0
732,2,4,18900.0,17978.8,0,0,0
1793,0,3,29125.5,62168.3,0,0,0
925,2,4,750.0,21470.0,0,0,0
1050,0,3,45574.0,70866.0,0,0,0
968,2,4,9700.0,47305.7,0,0,0
1249,2,4,3400.0,15596.6,0,0,0
1048,2,4,14.6,89392.6,6,0,0
1414,0,0,183.3,44894.1,7,0,0
1871,0,3,26879.0,61972.8,0,0,0
744,2,4,3240.0,17777.3,0,0,0
1749,2,4,14.6,97577.6,6,0,0
1604,0,3,6847.5,30454.7,0,0,0
1363,0,3,12129.0,49376.0,0,0,0
1626,0,0,100.9,25787.1,7,0,0
617,2,4,8100.0,36466.2,0,0,0
592,2,4,14.6,37828.4,6,0,0
1419,2,1,294.0,13724.9,5,9,38624727
683,0,0,145.7,33018.4,7,0,0
1445,2,4,14.6,14464.0,6,0,0
1476,2,4,14.6,18209.2,6,0,0
773,0,0,183.9,38354.6,7,0,0
1348,0,3,600.0,51117.2,0,0,0
605,2,4,17000.0,39923.1,0,0,0
1694,0,2,12078.0,47261.4,0,7,96802848
622,0,0,131.0,31604.1,7,0,0
1018,0,0,4.6,31404.5,7,0,0
2127,0,2,4675.0,23223.9,2,1,14958382
1787,1,4,14799.0,36180.8,0,0,0
511,2,4,1100.0,25433.1,0,0,0
1524,0,3,23242.0,73553.0,0,0,0
1730,2,4,8500.0,46405.9,0,0,0
1944,0,2,21804.0,49302.4,0,4,80132472
2122,0,3,8879.0,-20552.0,0,0,0
1445,0,0,237.9,59643.0,7,0,0
1822,2,1,1784.5,40151.9,8,4,34028458
1439,2,4,1000.0,33202.7,0,0,0
1272,2,1,3544.0,15546.8,5,11,86209541
1935,0,3,17385.0,44288.1,0,0,0
1037,2,4,2800.0,25084.2,0,0,0
500,2,4,100.0,29689.0,6,0,0
1482,2,1,754.0,15835.3,1,9,93854265
1319,0,3,200.0,200.0,0,0,0
1239,2,4,45600.0,25861.0,0,0,0
1336,2,1,3095.0,16528.8,5,9,26923066
1731,2,1,1584.0,99371.7,1,6,83437150
1512,2,1,253.0,41271.8,3,13,78505074
1088,0,3,20963.0,69868.7,0,0,0
1120,0,3,23484.0,57358.1,0,0,0
1747,2,4,11400.0,54833.0,0,0,0
1878,0,2,17895.0,51182.9,0,3,72497838
1490,0,3,100.0,36326.5,0,0,0
1540,1,4,3027.0,95862.0,0,0,0
324,2,1,1574.0,57944.0,5,9,9564370
1323,0,0,75.4,35132.4,7,0,0
2035,0,3,20010.0,42722.7,0,0,0
1749,0,0,38.5,10159.5,7,0,0
1694,2,1,10965.0,4996.6,1,6,82082688
1749,2,4,14.6,35762.1,6,0,0
1353,2,4,14.6,44531.2,6,0,0
941,2,4,1500.0,31283.5,0,0,0
1785,2,5,1500.0,47506.5,0,0,0
2092,2,1,7082.0,33626.8,3,3,80783962
582,0,3,11484.0,46334.0,0,0,0
700,2,4,1500.0,51039.2,0,0,0
1325,0,3,6900.0,21860.1,0,0,0
1816,2,1,587.0,36800.3,1,6,63970231
1841,0,0,265.3,62443.4,7,0,0
1458,2,1,1051.0,20473.9,1,11,83908128
1937,2,1,6369.0,46356.2,5,9,51399004
2059,2,5,1100.0,18888.0,0,0,0
1389,2,1,1599.0,31935.7,5,6,48782503
909,2,4,6700.0,32119.4,1,0,0
2069,2,4,12200.0,21592.0,0,0,0
2114,2,4,14.6,26700.4,6,0,0
2083,2,4,14.6,45562.7,6,0,0
1810,2,4,14.6,67685.2,6,0,0
1414,2,4,100.0,25232.2,6,0,0
2022,2,4,14.6,78389.3,6,0,0
1824,2,1,7844.0,72596.9,5,1,56361120
2144,2,4,14.6,20247.8,6,0,0
1414,2,4,30.0,53897.5,6,0,0
1091,0,2,5582.0,44338.1,2,9,85955059
1414,0,0,110.1,24714.6,7,0,0
1970,0,3,21986.0,43606.0,0,0,0
1953,2,4,17700.0,43369.7,0,0,0
1951,2,4,7600.0,95832.2,0,0,0
2112,2,5,1800.0,19137.2,0,0,0
987,0,0,123.0,23000.2,7,0,0
1908,2,1,2126.0,13529.5,0,1,22301203
1869,0,0,181.2,46476.6,7,0,0
1447,2,4,2400.0,30745.0,0,0,0
1714,2,4,6500.0,23146.4,0,0,0
2034,2,1,3581.0,6572.4,5,9,13186729
2053,2,4,14.6,44550.0,6,0,0
2136,0,3,43987.0,78777.4,0,0,0
1577,0,2,16677.0,44103.1,0,2,56562143
819,2,4,14800.0,50010.3,0,0,0
530,0,0,192.8,34331.6,7,0,0
1657,2,4,14.6,19315.5,6,0,0
895,0,0,141.1,25055.7,7,0,0
1900,0,0,157.2,38882.6,7,0,0
1967,2,1,1444.0,12468.3,5,11,3712326
1876,0,3,6786.0,28007.8,0,0,0
2053,2,4,14.6,48472.3,6,0,0
1243,2,1,609.0,52033.0,8,5,11477667
1749,0,0,209.1,50780.5,7,0,0
1149,2,1,3136.0,29491.5,5,12,6038499
1353,0,0,315.7,74995.5,7,0,0
1540,2,1,5228.0,26343.0,5,6,34637659
1630,2,4,9700.0,31326.9,0,0,0
1747,0,3,16208.0,75023.2,0,0,0
1910,2,1,8742.0,12962.6,3,11,21008116
1516,2,4,1200.0,59552.7,0,0,0
726,0,2,25207.0,75491.7,0,8,68884998
1565,2,4,14.6,54606.7,6,0,0
1961,2,4,30.0,80698.9,6,0,0
1749,2,4,14.6,10910.2,6,0,0
1811,2,4,1600.0,35955.6,0,0,0
573,2,1,1348.0,38768.5,5,12,66115546
1180,0,3,4657.0,33611.0,0,0,0
257,0,0,77.8,23534.0,7,0,0
1105,2,4,400.0,20127.5,0,0,0
1047,0,3,300.0,300.0,0,0,0
1961,2,4,4800.0,58414.7,0,0,0
313,2,4,2000.0,30731.9,0,0,0
1300,2,4,5200.0,28507.6,0,0,0
1729,2,1,12452.0,4029.8,5,10,18454540
726,2,1,5073.0,30977.7,8,11,31748539
1991,2,4,14.6,87400.4,6,0,0
2087,0,3,17478.0,40883.2,0,0,0
842,2,1,2153.0,19990.3,5,8,15246630
1261,2,4,14.6,23205.1,6,0,0
592,2,4,14.6,29082.5,6,0,0
903,2,4,3700.0,24514.5,0,0,0
1445,2,4,14.6,24888.4,6,0,0
1546,0,3,7030.0,67597.5,0,0,0
1670,2,1,4407.0,58995.6,5,3,96782379
839,2,1,346.0,19748.7,1,2,9301025
1979,2,4,11400.0,41947.2,0,0,0
1316,2,4,1440.0,23561.5,0,0,0
1732,0,2,21804.0,62097.3,0,4,80132472
1505,2,4,3040.0,17582.9,0,0,0
2053,0,0,118.6,29153.5,7,0,0
1930,2,4,48100.0,67888.9,0,0,0
1744,2,4,4800.0,42757.3,0,0,0
1718,2,4,14.6,43484.3,6,0,0
1900,0,0,63.5,15179.5,7,0,0
664,2,4,10200.0,57375.9,0,0,0
1274,2,4,12200.0,34970.2,0,0,0
1942,2,4,5040.0,18890.4,0,0,0
1657,2,4,14.6,35480.2,6,0,0
1641,1,4,7486.0,78693.6,0,0,0
1869,2,4,14.6,-1980.6,6,0,0
1389,2,1,2974.0,23563.9,5,10,51005125
2053,0,0,251.8,62785.3,7,0,0
1242,0,3,30597.0,60156.6,0,0,0
1810,0,0,73.1,19553.9,7,0,0
868,2,4,11400.0,51705.4,0,0,0
1445,0,0,131.0,21167.4,7,0,0
1526,0,3,2400.0,38073.5,0,0,0
622,0,0,280.1,68324.3,7,0,0
421,2,1,1537.0,27116.2,5,8,30949759
2153,2,4,14200.0,60584.6,0,0,0
1293,2,4,49300.0,79676.1,0,0,0
2151,2,4,10500.0,35059.5,0,0,0
1837,0,3,18089.0,46224.5,0,0,0
1824,2,4,4500.0,55385.6,0,0,0
1688,2,4,14.6,11836.5,6,0,0
1200,2,4,14.6,22972.8,6,0,0
1476,0,0,87.0,14786.6,7,0,0
1210,2,1,4877.0,49572.2,5,4,83373719
1323,0,0,90.4,25628.8,7,0,0
1663,2,1,374.0,38568.3,1,3,12338292
457,0,3,900.0,23463.8,0,0,0
1810,0,0,114.5,29659.5,7,0,0
510,0,2,71974.0,104037.2,0,2,9798497
2098,2,4,2800.0,20690.7,0,0,0
1939,0,2,2958.0,13255.0,0,4,32629674
1854,0,3,20795.0,97802.9,0,0,0
1642,0,3,1900.0,30367.0,0,0,0
2095,1,4,20023.0,28660.5,0,0,0
1248,1,4,21692.0,56950.8,0,0,0
2005,2,1,9649.0,98133.9,5,13,67168420
1374,2,4,53500.0,100537.5,0,0,0
1833,2,4,600.0,42598.5,0,0,0
2041,0,3,8900.0,22720.1,0,0,0
1991,0,0,65.3,13388.8,7,0,0
1729,2,4,4800.0,47343.3,0,0,0
1961,2,4,14.6,41981.5,6,0,0
609,2,4,810.0,25207.6,0,0,0
1320,0,3,1200.0,38519.0,0,0,0
1498,0,3,15188.0,57662.4,0,0,0
1876,2,1,4803.0,57410.2,5,2,62673318
1018,0,0,105.5,23596.1,7,0,0
1907,2,1,1513.0,44202.8,1,2,26341355
1384,0,0,23.6,20010.6,7,0,0
1335,0,2,6745.0,21740.1,2,3,62203752
1657,0,0,90.5,26878.0,7,0,0
2154,0,3,42395.0,91446.7,0,0,0
1056,0,3,800.0,37389.0,0,0,0
688,0,2,3279.0,23705.9,0,10,11872947
1084,2,4,11300.0,39720.9,0,0,0
1079,2,4,14.6,23213.7,6,0,0
1735,2,4,11300.0,51073.8,0,0,0
1428,2,1,6279.0,40454.3,5,2,10819483
1633,2,1,2572.0,23161.0,3,11,28014308
1095,2,4,13900.0,32765.8,0,0,0
1823,2,4,7200.0,2779.1,0,0,0
1841,2,4,14.6,21398.7,6,0,0
1669,0,3,14212.0,45362.4,0,0,0
1147,2,4,1840.0,20047.7,0,0,0
2065,0,3,30890.0,105082.2,0,0,0
2022,2,4,30.0,49579.6,6,0,0
1828,2,4,2400.0,31642.4,0,0,0
2061,2,4,3360.0,36171.4,0,0,0
318,0,0,184.6,41838.0,7,0,0
1752,2,4,7900.0,53617.7,0,0,0
1657,0,0,325.8,61280.4,7,0,0
510,2,4,36960.0,20509.1,0,0,0
1729,2,1,8838.0,47315.7,5,9,42712515
1905,2,1,3030.0,16185.1,5,5,97866481
1688,0,0,168.8,42937.8,7,0,0
2154,2,1,1773.0,34308.4,1,7,65591120
1384,0,0,170.2,37649.5,7,0,0
1274,0,2,2900.0,19916.2,0,12,87387412
1991,2,4,14.6,14739.9,6,0,0
2164,0,3,48953.0,74189.1,0,0,0
385,0,2,23041.0,44994.4,0,12,4004806
1389,0,3,4300.0,33000.0,0,0,0
1300,2,1,1980.0,28134.4,5,1,34928244
1633,0,2,48644.0,96991.1,0,1,79760122
561,0,0,105.4,25477.9,7,0,0
2036,2,4,8900.0,27106.1,0,0,0
2144,2,4,14.6,37801.4,6,0,0
1883,0,3,18748.0,58152.5,0,0,0
721,2,4,3000.0,22503.9,0,0,0
805,2,4,19700.0,43677.8,0,0,0
1841,2,4,14.6,32781.3,6,0,0
627,0,2,4203.0,29295.9,2,8,27204734
1079,0,0,263.0,59718.7,7,0,0
1454,0,3,9179.0,36085.1,0,0,0
1900,2,4,14.6,22470.8,6,0,0
2062,2,4,9600.0,47476.0,0,0,0
2029,0,3,29421.0,95788.7,0,0,0
1559,2,4,42600.0,54860.0,0,0,0
1118,0,3,10427.0,42049.1,0,0,0
2162,0,3,45570.0,131751.8,0,0,0
1450,2,1,62.0,47458.4,1,11,15932035
1608,2,4,24200.0,18911.6,0,0,0
1981,2,4,28800.0,18580.5,0,0,0
1790,0,2,3181.0,23803.6,0,3,99745600
926,0,0,108.6,27117.1,7,0,0
1565,0,0,332.4,67743.9,7,0,0
2175,0,0,72.1,16322.0,7,0,0
1582,2,5,1800.0,77776.7,0,0,0
1731,0,3,8538.0,106.7,0,0,0
172,0,2,3474.0,17970.0,0,6,47210419
1018,0,0,111.5,29114.6,7,0,0
2114,2,4,14.6,71467.9,6,0,0
1139,2,4,14.6,28239.9,6,0,0
1622,2,4,1300.0,30136.4,0,0,0
664,0,3,23116.0,60274.1,0,0,0
622,0,0,83.9,22687.0,7,0,0
1923,2,4,2160.0,62988.2,0,0,0
1340,2,4,200.0,32470.8,0,0,0
1548,2,4,4600.0,23904.8,0,0,0
1688,2,4,14.6,32927.8,6,0,0
1861,0,3,6400.0,21033.1,0,0,0
1048,0,0,153.1,34461.3,7,0,0
627,2,1,2808.0,16839.5,5,11,68278848
1797,2,4,3300.0,92136.5,0,0,0
1574,2,1,868.0,50918.8,3,4,88491463
1206,0,2,3665.0,24882.3,0,2,53922432
1018,2,4,14.6,24849.9,6,0,0
507,0,2,3440.0,18435.6,0,2,66125869
926,2,4,14.6,25244.9,6,0,0
2053,0,0,226.8,48569.1,7,0,0
1961,2,4,14.6,11301.6,6,0,0
1110,0,0,88.6,22524.8,7,0,0
1504,0,0,122.7,32042.9,7,0,0
1565,2,4,14.6,22814.8,6,0,0
2022,2,4,14.6,74624.9,6,0,0
1937,2,1,472.0,22115.8,1,2,67103540
2120,2,4,1300.0,25995.1,0,0,0
1614,0,3,1900.0,18964.3,0,0,0
2063,2,1,3369.0,34052.8,5,5,74818038
1511,0,3,700.0,27908.1,0,0,0
2022,2,4,14.6,6174.7,6,0,0
2083,0,0,51.4,11879.3,7,0,0
2147,2,4,3840.0,29425.8,0,0,0
707,2,4,8700.0,32821.5,0,0,0
500,0,0,226.2,57324.0,7,0,0
1828,2,4,5700.0,61749.5,0,0,0
1170,0,0,152.1,35097.9,7,0,0
1565,2,4,14.6,21612.4,6,0,0
1527,2,4,2000.0,17703.2,0,0,0
2065,2,1,6148.0,22092.8,8,13,91485505
1660,0,3,40554.0,74658.7,0,0,0
1938,2,1,3210.0,23070.3,5,10,30168819
1749,0,0,261.0,74175.9,7,0,0
804,0,0,176.7,39141.2,7,0,0
2119,0,2,5293.0,25159.4,2,4,21547478
2096,2,1,1514.0,13797.0,5,7,92548077
1900,2,4,14.6,26192.3,6,0,0
1900,0,0,144.1,27738.7,7,0,0
1969,0,3,28005.0,50378.1,0,0,0
1876,0,3,23782.0,46713.1,0,0,0
1079,0,0,116.0,29845.7,7,0,0
1718,0,0,63.0,15493.6,7,0,0
773,2,4,14.6,18053.2,6,0,0
865,0,0,162.4,34401.2,7,0,0
349,2,4,14.6,13621.9,6,0,0
1971,2,1,2004.0,66524.2,1,5,12870973
2031,0,2,5330.0,46115.3,2,2,88452922
2015,1,4,18109.0,69759.9,0,0,0
1826,2,4,2280.0,33340.0,0,0,0
2047,0,3,18484.0,52909.7,0,0,0
1604,2,1,1796.0,19447.1,3,6,1601225
1974,2,1,3387.0,51904.4,5,11,34315210
2122,2,4,5300.0,30373.3,0,0,0
1598,2,4,20000.0,22490.3,0,0,0
1271,0,3,5740.0,20112.6,0,0,0
1841,0,0,100.5,23645.9,7,0,0
848,0,2,27014.0,62836.0,0,7,87391823
1789,0,2,5424.0,24443.9,2,9,93262522
1445,2,4,14.6,22667.9,6,0,0
1929,0,3,5308.0,14834.7,0,0,0
1712,2,4,19100.0,69334.3,0,0,0
1900,0,0,234.3,57776.1,7,0,0
1913,2,1,3017.0,36875.8,5,4,72221982
1869,2,4,14.6,28778.4,6,0,0
1200,2,4,14.6,31561.3,6,0,0
1785,0,3,30467.0,120206.8,0,0,0
1361,2,1,2868.0,24007.5,5,8,70772456
1749,2,4,14.6,43395.5,6,0,0
1178,2,1,2970.0,23264.0,1,12,949460
1930,2,4,14.6,44590.9,6,0,0
1763,0,3,13436.0,48359.2,0,0,0
2168,2,5,2400.0,94752.9,0,0,0
1882,2,4,5100.0,35647.7,0,0,0
2065,2,1,8975.0,40351.3,8,1,75855749
1996,2,1,193.0,70663.1,3,6,32799506
1832,2,4,3600.0,66858.0,0,0,0
987,0,0,122.0,29933.9,7,0,0
2114,0,0,103.4,19910.0,7,0,0
1011,0,3,39079.0,91571.4,0,0,0
1688,0,0,99.8,22092.2,7,0,0
1810,0,0,159.0,41887.1,7,0,0
1414,0,0,170.7,39460.2,7,0,0
1885,0,3,5400.0,36800.5,0,0,0
302,2,1,3142.0,28379.9,1,4,34090870
2114,0,0,240.0,60324.5,7,0,0
2033,2,1,7601.0,66208.7,1,11,1152956
783,0,2,4800.0,20231.0,2,11,26865166
1910,0,2,34409.0,65497.1,0,8,38463211
813,0,3,42369.0,69820.3,0,0,0
752,2,1,8910.0,26188.6,5,2,13765102
1695,0,3,24332.0,66596.7,0,0,0
1201,0,3,3000.0,47326.1,0,0,0
1417,2,4,2000.0,25393.5,0,0,0
1793,2,1,617.0,13208.8,0,9,73058956
2175,0,0,255.8,56593.8,7,0,0
1991,2,4,14.6,49111.0,6,0,0
367,2,4,2280.0,46657.8,0,0,0
1779,2,4,14.6,21282.7,6,0,0
974,2,4,49300.0,91081.1,0,0,0
2114,2,4,14.6,15023.1,6,0,0
530,2,4,30.0,29339.4,6,0,0
2114,0,0,302.2,76554.0,7,0,0
1727,0,3,17205.0,54569.9,0,0,0
1851,0,3,5740.0,21223.9,0,0,0
1261,2,4,100.0,38950.3,6,0,0
1149,0,3,23574.0,67855.0,0,0,0
695,2,1,878.0,38188.5,8,1,42267400
1353,2,4,14.6,20296.6,6,0,0
2053,2,4,14.6,24171.1,6,0,0
1596,0,0,187.6,46919.2,7,0,0
1289,2,4,300.0,10308.6,0,0,0
1107,2,4,2400.0,23179.0,0,0,0
1110,0,0,65.7,14678.9,7,0,0
1590,2,4,3120.0,39247.6,0,0,0
2038,2,4,38700.0,92505.6,0,0,0
362,2,4,390.0,18698.2,0,0,0
1353,0,0,127.3,29705.8,7,0,0
1395,0,2,6051.0,28755.8,2,11,35299682
1930,0,0,179.6,41180.3,7,0,0
1301,0,3,20521.0,52581.7,0,0,0
1360,2,1,3342.0,13352.7,5,13,42897981
1445,0,0,129.6,25131.7,7,0,0
1323,2,4,14.6,57982.4,6,0,0
2158,2,1,7814.0,60032.9,5,12,31189668
1504,0,0,272.5,83074.6,7,0,0
2000,2,1,4324.0,97729.9,1,12,85702967
1993,2,4,1800.0,15414.8,0,0,0
1970,2,1,1613.0,25108.1,5,10,94148736
1187,0,3,33864.0,99267.3,0,0,0
1447,2,4,950.0,47633.0,0,0,0
1361,0,3,13719.0,73080.2,0,0,0
993,2,1,3841.0,34561.1,1,4,75018042
1814,2,4,11100.0,61804.3,0,0,0
1087,2,4,3000.0,21281.5,0,0,0
2056,2,5,2600.0,76006.6,0,0,0
1394,0,3,19022.0,74150.7,0,0,0
460,0,3,700.0,700.0,0,0,0
1626,2,4,14.6,16732.4,6,0,0
1722,2,4,5100.0,57773.2,0,0,0
1596,0,0,98.6,20913.7,7,0,0
1900,2,4,14.6,16172.3,6,0,0
538,2,1,13396.0,68048.9,5,6,13522321
661,2,1,3430.0,37570.5,5,3,31000817
2126,0,3,19100.0,57394.3,0,0,0
1519,2,4,4200.0,73962.0,0,0,0
1118,0,2,6567.0,35480.1,2,13,99452262
622,2,4,14.6,23384.7,6,0,0
1236,2,4,300.0,37151.2,0,0,0
1749,2,4,14.6,73397.2,6,0,0
1723,2,1,897.0,21000.0,3,12,16661399
1207,2,1,811.0,22022.0,1,10,56739848
877,0,2,30354.0,47093.5,0,10,66487163
2158,1,4,17540.0,57832.5,0,0,0
2022,0,0,126.1,29457.9,7,0,0
2035,2,1,890.0,42534.9,5,4,51518619
1439,2,4,20200.0,49729.1,0,0,0
257,0,0,56.9,22825.9,7,0,0
957,2,4,14.6,28256.0,6,0,0
203,0,3,30157.0,73661.0,0,0,0
872,0,3,28413.0,64534.7,0,0,0
1200,2,4,14.6,31326.0,6,0,0
1488,2,1,4362.7,27650.3,8,7,86397230
2122,2,1,3649.0,39208.8,5,6,29770392
519,2,4,4500.0,33907.2,0,0,0
1596,0,0,142.0,27962.5,7,0,0
1626,0,0,125.5,29609.1,7,0,0
1761,2,1,6041.0,22733.8,3,7,10620361
2124,0,3,12720.0,1193.4,0,0,0
1972,2,1,3231.0,74697.8,5,3,99716561
1973,2,1,3824.0,10858.7,5,6,32626718
1900,2,4,14.6,43747.6,6,0,0
1459,0,3,13600.0,47151.5,0,0,0
957,2,4,14.6,26454.8,6,0,0
1848,0,2,5325.0,17485.6,2,1,73287576
1339,2,4,34700.0,54474.0,0,0,0
1975,0,2,4398.0,28134.3,2,1,35057878
804,0,0,97.3,28935.2,7,0,0
1757,0,3,7504.0,34516.9,0,0,0
1200,0,0,211.3,91415.6,7,0,0
1810,0,0,120.6,30254.9,7,0,0
530,0,0,155.1,39806.5,7,0,0
1467,2,4,3000.0,79190.8,0,0,0
2122,2,4,14200.0,62290.1,0,0,0
1779,0,0,68.9,16792.7,7,0,0
1367,2,1,6817.0,30593.1,5,13,98259973
227,0,0,51.5,31973.5,7,0,0
1864,0,3,46090.0,99273.8,0,0,0
2028,0,2,24453.0,51332.0,0,5,35805535
2005,0,2,5921.0,38687.6,2,3,63046806
1835,2,4,6000.0,78021.2,0,0,0
1334,0,2,3099.0,16363.4,0,1,51605224
472,0,3,21532.0,116752.0,0,0,0
1810,0,0,12.1,8126.1,7,0,0
1868,2,4,15000.0,45724.6,0,0,0
561,2,4,14.6,54205.7,6,0,0
380,0,0,76.6,24573.6,7,0,0
811,0,3,18942.0,50126.0,0,0,0
2124,2,1,2320.0,23642.8,5,4,10702485
1425,2,1,9985.0,26241.9,5,8,82537191
1664,2,1,1483.0,17584.6,0,1,80640691
2004,2,1,930.0,21128.8,1,8,59714329
1626,2,4,14.6,54381.8,6,0,0
1070,2,4,22000.0,98600.4,0,0,0
1839,2,4,2800.0,32708.0,0,0,0
611,2,4,9000.0,35780.1,0,0,0
640,2,4,8700.0,33830.8,0,0,0
2144,2,4,14.6,20179.1,6,0,0
1789,2,4,3000.0,70493.8,0,0,0
1869,2,4,30.0,37791.8,6,0,0
1565,2,4,14.6,42423.5,6,0,0
902,0,3,14856.0,75937.1,0,0,0
987,0,0,164.0,34775.9,7,0,0
1439,0,3,46277.0,103686.5,0,0,0
1504,0,0,55.0,13579.2,7,0,0
1940,0,3,4102.0,14086.6,0,0,0
1445,0,0,161.9,32627.1,7,0,0
970,0,3,1500.0,29139.4,0,0,0
1991,2,4,14.6,33955.0,6,0,0
1535,2,4,14.6,26721.7,6,0,0
1207,0,3,100.0,36197.8,0,0,0
1481,0,3,1700.0,11111.7,0,0,0
1608,2,1,1940.0,15272.9,5,11,74184041
2158,2,1,5505.0,44865.4,5,11,85866784
2106,0,3,40013.0,101255.0,0,0,0
1549,0,3,11424.0,23050.8,0,0,0
569,0,3,21078.0,59149.5,0,0,0
1779,2,4,14.6,49627.7,6,0,0
1293,2,4,10100.0,36596.2,0,0,0
480,2,1,378.0,29204.9,5,4,87258666
1759,2,1,563.0,71964.3,3,6,77352034
2120,2,1,454.0,14970.6,5,6,48546957
2083,2,4,14.6,27360.7,6,0,0
926,2,4,14.6,15763.8,6,0,0
1292,0,0,118.8,29024.3,7,0,0
1048,2,4,14.6,88924.9,6,0,0
1323,2,4,14.6,101050.4,6,0,0
1028,2,4,7500.0,40231.4,0,0,0
750,0,2,6115.0,24387.1,2,3,88811969
2064,0,2,6154.0,33840.7,2,12,80071824
1631,2,1,1890.0,16252.2,5,5,70545512
1671,0,3,15079.0,84828.7,0,0,0
1445,2,4,30.0,31200.1,6,0,0
1182,0,3,13784.0,58973.2,0,0,0
1874,0,3,9408.0,48084.8,0,0,0
1657,0,0,339.7,78999.0,7,0,0
1693,2,1,6646.0,17400.2,1,9,98736470
1822,2,4,870.0,24226.6,0,0,0
2083,2,4,14.6,73942.4,6,0,0
1419,2,1,8351.0,56345.3,5,3,27800739
1869,2,4,14.6,35945.3,6,0,0
714,0,0,259.9,66050.9,7,0,0
1391,0,3,7203.0,36217.8,0,0,0
1596,0,0,165.5,60917.2,7,0,0
1451,2,1,3467.0,14752.9,5,13,33632028
2114,0,0,158.8,37169.7,7,0,0
1376,2,4,1000.0,24232.5,0,0,0
1054,0,3,34132.5,71344.8,0,0,0
1390,2,4,9600.0,31208.3,0,0,0
1463,1,4,20945.0,28112.2,0,0,0
1565,0,0,325.9,100180.2,7,0,0
1900,2,4,14.6,64946.9,6,0,0
1139,2,4,14.6,30754.6,6,0,0
2083,1,4,8571.0,38342.4,0,0,0
728,2,1,2975.0,15397.0,5,13,8956242
684,2,4,3360.0,21743.2,0,0,0
1269,0,3,4058.0,22196.1,0,0,0
2083,2,4,14.6,46299.5,6,0,0
1504,2,4,100.0,15767.8,6,0,0
995,2,1,8500.0,47621.6,5,5,38014668
1847,0,2,43595.0,97121.3,0,13,34965741
2175,0,0,91.8,19563.2,7,0,0
544,2,4,12600.0,86085.0,0,0,0
1663,0,3,21881.0,48024.5,0,0,0
1999,2,1,333.0,22382.9,1,13,22973603
1900,0,0,85.0,19248.1,7,0,0
1411,2,4,6000.0,20230.8,0,0,0
1822,2,1,3990.8,29375.4,8,3,84066038
1511,0,3,7884.0,29674.3,0,0,0
1079,0,0,23.9,44555.9,7,0,0
500,2,4,14.6,31718.5,6,0,0
1139,0,0,86.0,17360.5,7,0,0
1292,2,4,14.6,37223.8,6,0,0
1018,0,0,43.9,15279.9,7,0,0
1767,2,4,4500.0,22049.0,0,0,0
469,2,4,14.6,34277.8,6,0,0
983,0,3,200.0,32389.1,0,0,0
335,2,4,3600.0,76118.4,0,0,0
1270,0,2,3021.0,24731.5,0,11,38265723
1360,2,1,4379.0,97859.0,5,1,15214342
1970,0,3,16341.0,47168.6,0,0,0
1079,0,0,309.0,52027.6,7,0,0
2128,0,2,15946.0,56969.7,0,11,19373458
1118,2,4,1800.0,39254.3,0,0,0
1717,2,4,21900.0,105378.1,0,0,0
816,2,1,1910.0,23912.4,5,11,93629043
1996,2,1,2354.0,37401.5,5,10,88473778
604,2,4,11700.0,88517.8,0,0,0
694,2,1,11657.0,44840.4,5,4,32954842
1626,2,4,14.6,14635.3,6,0,0
804,2,4,14.6,16714.1,6,0,0
469,0,0,277.2,69414.8,7,0,0
1636,2,4,6100.0,11163.2,0,0,0
1292,2,4,14.6,23517.9,6,0,0
1059,0,3,1300.0,26000.0,0,0,0
1754,2,1,1087.0,25973.4,0,8,11741298
74,0,0,98.7,26788.3,7,0,0
2000,2,1,7580.0,43570.4,5,6,84537815
1718,0,0,221.2,48525.0,7,0,0
1139,2,4,14.6,36507.7,6,0,0
1200,2,4,14.6,26299.4,6,0,0
1813,2,4,480.0,16631.0,0,0,0
355,2,1,178.0,35173.8,1,3,85742187
514,0,3,8032.0,32263.0,0,0,0
2022,0,0,284.8,62222.6,7,0,0
1265,2,4,7000.0,51625.4,0,0,0
364,2,4,330.0,18935.0,0,0,0
1998,2,1,2798.0,17130.0,5,11,39898049
1779,2,4,14.6,20334.7,6,0,0
1639,0,2,5777.0,37492.0,2,11,36864280
1274,2,4,3720.0,29685.3,0,0,0
1241,0,3,26378.0,71408.9,0,0,0
1657,0,0,115.6,17321.3,7,0,0
1457,2,1,6239.2,90408.0,8,9,25747537
592,0,0,153.7,37630.0,7,0,0
1452,0,2,14861.0,49890.2,0,8,66287123
1339,2,4,15000.0,36520.1,0,0,0
1944,0,2,23945.0,62539.6,0,11,96318047
2022,0,0,219.6,53047.1,7,0,0
1846,2,1,7692.0,20534.6,5,1,54680818
1900,2,4,14.6,19291.1,6,0,0
1758,0,2,4822.0,34994.8,2,11,3880143
778,2,1,1756.0,29411.7,1,3,91641729
2095,0,2,6745.0,41118.8,2,3,62203752
1104,2,4,29400.0,22166.9,0,0,0
1147,0,3,14076.0,46751.3,0,0,0
1626,0,0,102.1,12761.7,7,0,0
1232,2,4,29700.0,64737.6,0,0,0
1961,2,4,14.6,10415.7,6,0,0
938,0,3,13490.0,44117.1,0,0,0
483,0,3,15792.0,42687.8,0,0,0
2048,2,4,1500.0,23355.3,0,0,0
1476,0,0,99.1,16239.8,7,0,0
1841,2,4,100.0,48463.7,6,0,0
1323,2,4,14.6,38115.6,6,0,0
2053,2,4,14.6,30454.7,6,0,0
1596,2,4,14.6,35635.3,6,0,0
1991,0,0,249.4,41519.7,7,0,0
1445,0,0,42.4,35109.4,7,0,0
940,2,1,336.0,56654.8,5,7,47115165
1298,2,1,4119.0,18848.6,1,12,87029039
951,0,3,24187.0,39350.6,0,0,0
1018,0,0,103.3,25254.8,7,0,0
2114,0,0,96.1,23281.1,7,0,0
1900,2,4,14.6,12444.1,6,0,0
1423,1,4,3493.0,35442.1,0,0,0
1200,2,4,14.6,20315.6,6,0,0
1841,2,4,100.0,14638.2,6,0,0
1079,2,4,14.6,52855.0,6,0,0
1688,0,0,225.1,51799.6,7,0,0
1599,2,4,200.0,16634.2,0,0,0
816,2,4,3800.0,30310.7,0,0,0
1735,0,3,1400.0,24585.0,0,0,0
1810,2,4,14.6,17780.8,6,0,0
205,2,1,1475.0,51296.9,1,2,8467102
1970,2,4,21900.0,48004.3,0,0,0
2144,0,0,61.3,14470.2,7,0,0
1448,2,4,930.0,36829.1,0,0,0
1565,0,0,74.9,18364.7,7,0,0
1147,2,4,15500.0,33897.2,0,0,0
1908,2,1,3282.0,12548.4,5,11,74620097
1825,2,4,2320.0,43860.2,0,0,0
755,0,2,6846.0,28116.0,2,12,87446176
1274,0,3,5115.0,29313.9,0,0,0
1421,0,3,34380.0,113315.2,0,0,0
1913,2,1,909.0,27077.0,3,1,76297777
1388,0,3,4000.0,34395.7,0,0,0
2083,0,0,244.9,59579.7,7,0,0
1749,2,4,30.0,83039.1,6,0,0
2083,2,4,14.6,48802.8,6,0,0
2153,2,1,3962.0,13635.2,5,11,64148080
2114,2,4,100.0,56195.2,6,0,0
1657,0,0,93.2,22811.7,7,0,0
1612,2,4,1600.0,36855.1,0,0,0
964,0,3,21038.0,62359.5,0,0,0
1207,2,1,2390.0,29605.9,1,8,41643542
1200,2,4,14.6,34500.6,6,0,0
483,0,2,3416.0,21453.3,0,1,46463418
2144,0,0,90.8,21602.0,7,0,0
2175,0,0,204.6,50407.2,7,0,0
1850,0,2,18103.0,17888.2,0,11,82251560
1642,0,3,40988.0,93125.1,0,0,0
1332,2,1,4278.0,40271.2,5,3,4608887
1488,0,3,9975.0,35887.5,0,0,0
1435,2,4,4500.0,54000.3,0,0,0
2155,0,3,33768.0,81076.7,0,0,0
1862,0,3,5300.0,58704.5,0,0,0
1546,2,4,17800.0,51883.8,0,0,0
1066,1,4,13117.0,70848.7,0,0,0
2082,2,4,55000.0,62124.8,0,0,0
1493,2,4,13800.0,4892.4,0,0,0
1314,0,3,18952.0,49125.5,0,0,0
1504,2,4,14.6,21330.3,6,0,0
1749,0,0,273.3,54667.2,7,0,0
1360,2,4,1300.0,25693.3,0,0,0
2073,2,4,10800.0,34747.9,0,0,0
310,0,3,34247.0,87235.0,0,0,0
1961,0,0,236.3,60374.0,7,0,0
1688,0,0,179.4,44815.9,7,0,0
1724,1,4,6736.0,90767.9,0,0,0
514,2,1,2266.0,64421.0,5,10,54714965
1699,1,4,6879.0,63864.6,0,0,0
1332,0,2,16002.0,52737.9,0,9,6313664
1793,2,4,3800.0,36186.2,0,0,0
2114,0,0,147.2,35208.6,7,0,0
1731,0,2,3113.0,21005.7,0,7,42734730
469,2,4,14.6,33595.9,6,0,0
2144,2,4,14.6,28441.0,6,0,0
1900,2,4,14.6,34702.3,6,0,0
683,0,0,71.7,17821.4,7,0,0
917,1,4,2894.0,38581.4,0,0,0
2092,2,1,286.0,30646.8,5,1,50449115
1353,2,4,18300.0,43557.8,0,0,0
728,2,1,2277.0,17287.6,5,12,38925045
517,0,3,300.0,29566.0,0,0,0
1909,2,1,1994.0,17025.9,5,9,55974131
1535,2,4,30.0,25254.0,6,0,0
226,2,4,1900.0,29097.5,0,0,0
957,2,4,14.6,20108.8,6,0,0
2114,0,0,137.6,37727.1,7,0,0
1944,2,1,1142.0,41381.4,3,7,94917398
1626,2,4,14.6,38236.2,6,0,0
683,2,4,14.6,20917.5,6,0,0
1881,0,3,3600.0,26539.2,0,0,0
1791,2,1,1960.2,14932.4,8,11,31472492
1640,2,1,9499.0,98884.7,1,5,43103534
842,0,3,8925.0,33519.0,0,0,0
1943,2,1,621.0,27498.4,1,10,92149078
688,2,1,3046.0,31227.8,1,13,49654692
184,2,4,1900.0,38767.4,1,0,0
552,2,4,3600.0,28073.5,0,0,0
1930,0,0,54.5,12388.3,7,0,0
1481,2,1,2086.0,11687.4,5,7,35590773
1855,0,2,12464.0,26201.2,0,13,60244399
1018,2,4,14.6,28871.7,6,0,0
743,2,4,2600.0,52280.6,0,0,0
1900,0,0,169.9,43762.2,7,0,0
1150,2,1,5231.0,16519.9,5,5,30939269
1996,2,1,5397.0,41401.4,5,5,52822631
773,2,4,14.6,51392.2,6,0,0
1914,0,2,4297.0,17726.6,2,8,43239682
2083,0,0,96.2,23334.2,7,0,0
1930,0,0,116.9,20418.7,7,0,0
1596,2,4,12600.0,36807.8,0,0,0
1776,2,4,32300.0,43118.3,0,0,0
227,0,0,97.5,23972.6,7,0,0
1423,0,2,4622.0,22467.4,2,6,3605026
1955,2,4,17000.0,62358.0,0,0,0
707,2,4,1050.0,21616.1,0,0,0
1607,2,4,2800.0,28193.8,0,0,0
1942,2,1,5269.0,-9524.2,8,2,68775540
987,2,4,14.6,22007.9,6,0,0
1342,2,4,4560.0,48396.8,0,0,0
727,0,2,6390.0,29314.5,2,6,57374542
2103,2,4,16800.0,32856.5,0,0,0
1392,0,3,6114.0,30998.7,0,0,0
814,0,3,4657.0,33755.7,0,0,0
1414,0,0,139.1,35932.9,7,0,0
2144,2,4,14.6,21186.0,6,0,0
1848,2,1,917.0,37174.0,5,2,26790029
1757,2,1,1833.0,40377.7,5,3,43700408
1451,2,4,24500.0,63099.9,0,0,0
1718,0,0,61.3,19251.3,7,0,0
886,2,4,14350.0,8745.0,0,0,0
1487,1,4,16879.0,53647.5,0,0,0
752,2,1,1926.0,15092.7,5,2,14631736
1226,2,4,8400.0,28570.8,0,0,0
1391,2,1,1124.0,32325.0,3,6,28216910
2032,2,1,1152.0,15657.0,1,6,17094719
2053,0,0,267.3,64487.7,7,0,0
1905,2,1,5228.0,26487.2,5,6,34637659
1455,2,4,11200.0,18876.1,5,0,0
1894,1,4,11518.0,62680.7,0,0,0
1331,0,2,28420.0,54353.9,0,13,84825235
1535,0,0,129.5,28852.5,7,0,0
1292,2,4,14.6,12433.7,6,0,0
804,0,0,171.7,34239.6,7,0,0
530,2,4,14.6,23358.9,6,0,0
1516,2,1,99.0,50921.6,3,7,47044444
1574,2,4,32600.0,46043.1,0,0,0
1718,2,4,6300.0,48628.8,0,0,0
1883,0,2,6263.0,21476.2,2,3,14018088
1028,0,3,5740.0,37221.3,0,0,0
1548,2,1,148.0,42621.7,5,10,23888492
1565,0,0,300.1,67018.5,7,0,0
1810,0,0,236.1,48787.5,7,0,0
1978,2,4,3200.0,29971.8,0,0,0
225,2,4,8000.0,33386.0,0,0,0
1482,2,1,1964.0,12295.6,0,6,37730187
2144,2,4,14.6,13184.9,6,0,0
1718,2,4,14.6,29829.0,6,0,0
2033,0,3,23860.0,53479.4,0,0,0
1072,2,4,11900.0,36191.8,0,0,0
1657,0,0,167.1,42724.4,7,0,0
931,2,4,3840.0,39522.8,0,0,0
622,0,0,322.8,28548.5,7,0,0
1869,2,4,14.6,56969.3,6,0,0
1419,2,1,2805.0,17095.7,5,2,49310952
1384,0,0,46.4,10215.8,7,0,0
1718,2,4,14.6,24242.9,6,0,0
1068,2,4,8700.0,29467.7,0,0,0
1826,2,5,2400.0,41489.0,0,0,0
1424,2,1,77.0,21532.4,3,9,57476818
1849,0,2,6998.0,28357.9,2,8,17831391
2045,2,4,15900.0,66864.0,0,0,0
1841,2,4,14.6,26726.5,6,0,0
2165,2,4,8400.0,29415.9,0,0,0
1972,2,1,13208.0,33806.2,5,12,58510798
2067,0,3,13436.0,49915.2,0,0,0
1547,0,3,24409.0,58693.0,0,0,0
1570,2,1,1525.0,30909.0,5,2,96414541
1565,0,0,157.8,35229.0,7,0,0
895,0,0,300.6,106226.9,7,0,0
716,2,4,630.0,19356.8,0,0,0
622,2,4,14.6,23999.4,6,0,0
1930,2,4,14.6,40888.2,6,0,0
1358,0,2,6027.0,18981.0,2,6,79563820
782,0,3,20568.0,68166.8,0,0,0
1384,2,4,14.6,14279.5,6,0,0
1923,2,4,540.0,20468.3,0,0,0
2156,2,4,42600.0,81167.1,0,0,0
1827,2,4,3240.0,23400.7,0,0,0
561,0,0,184.5,45324.3,7,0,0
1473,2,4,2640.0,37522.8,0,0,0
1604,2,1,2204.0,19825.1,0,6,70317125
1810,0,0,395.5,108160.7,7,0,0
1170,2,4,14.6,32580.4,6,0,0
1481,0,2,5155.0,19073.7,2,7,15923685
1508,2,4,3200.0,52791.2,0,0,0
1634,2,1,2984.0,22946.9,5,9,674886
1200,2,4,14.6,67117.3,6,0,0
1749,2,4,14.6,24125.6,6,0,0
1909,2,4,12300.0,67792.8,0,0,0
1485,2,1,40.0,24612.7,3,7,3529680
1859,2,4,5600.0,41759.6,0,0,0
2151,2,1,3077.0,28450.8,5,2,96037745
1702,0,3,600.0,17046.1,0,0,0
1609,2,1,3417.0,23037.5,5,11,8283299
1384,0,0,143.4,33575.0,7,0,0
1694,0,2,27680.0,67834.5,0,11,14334899
999,2,1,699.0,44647.5,1,11,98638396
1972,0,2,6378.0,23635.9,2,8,11218095
1241,2,1,832.0,104880.4,5,1,38885069
1819,2,4,4200.0,86789.8,0,0,0
754,2,4,2600.0,3314.4,0,0,0
1884,2,4,8600.0,37095.0,0,0,0
707,2,4,2700.0,51881.5,0,0,0
1821,2,4,8100.0,31507.8,0,0,0
2083,0,0,29.5,7521.6,7,0,0
2077,2,4,1700.0,57810.9,0,0,0
1510,2,1,5554.0,45055.4,5,4,35721868
1323,0,0,151.4,37201.8,7,0,0
1110,0,0,156.0,35157.3,7,0,0
2156,2,1,6556.3,91853.2,8,8,19501900
745,0,0,173.2,36642.5,7,0,0
2149,2,1,12056.0,25799.5,5,11,60230421
1124,0,3,2500.0,28162.2,0,0,0
1871,0,3,4800.0,31721.8,0,0,0
1908,0,3,22823.0,67090.5,0,0,0
1983,2,4,6080.0,62616.7,0,0,0
2123,2,4,4800.0,39200.5,0,0,0
1750,2,4,1600.0,22511.3,0,0,0
1353,2,4,14.6,38252.7,6,0,0
1117,2,1,5608.0,10054.7,5,10,53826928
1784,0,2,4203.0,27414.4,2,8,27204734
1353,2,4,14.6,30356.7,6,0,0
1454,2,4,720.0,41463.4,0,0,0
932,2,4,1360.0,23301.9,0,0,0
1094,2,4,840.0,52055.1,0,0,0
1401,2,4,1500.0,20417.0,0,0,0
684,2,4,2300.0,44634.9,0,0,0
1596,0,0,76.2,18765.0,7,0,0
2015,2,4,17800.0,46500.8,0,0,0
1102,2,4,240.0,23626.1,0,0,0
729,2,4,720.0,16863.3,0,0,0
663,2,1,1268.0,40555.0,1,7,55095195
686,2,4,2400.0,73218.5,0,0,0
1852,0,2,4641.0,16103.9,2,8,31724423
1801,0,3,23717.0,83913.9,0,0,0
1390,0,3,7813.0,38041.6,0,0,0
1027,2,1,6001.0,23777.2,5,10,76221531
1596,0,0,165.0,37075.7,7,0,0
1504,2,4,14.6,38777.0,6,0,0
1881,0,3,600.0,38452.5,0,0,0
1578,2,4,8700.0,38303.3,0,0,0
535,2,1,3869.0,45498.5,5,2,83267962
2033,0,2,3559.0,15768.9,0,13,85524874
1418,1,4,16241.0,37424.5,0,0,0
2064,2,1,1513.0,18449.5,1,4,38205874
1083,2,4,3000.0,32067.9,0,0,0
997,2,1,3136.0,31956.7,5,12,6038499
1504,0,0,93.6,21370.4,7,0,0
1504,0,0,67.9,14476.8,7,0,0
2139,0,3,23406.0,47330.0,0,0,0
1590,0,3,12958.0,85830.4,0,0,0
1062,2,1,2277.0,23413.9,5,12,38925045
1323,2,4,14.6,34105.4,6,0,0
1353,2,4,14.6,38189.3,6,0,0
2022,0,0,99.8,24723.3,7,0,0
653,2,4,14.6,37021.2,6,0,0
1151,2,1,8975.0,15750.0,8,1,75855749
1935,0,2,6027.0,35722.1,2,6,79563820
1576,0,3,23602.0,46272.6,0,0,0
1975,2,1,1341.0,32505.7,1,4,52766847
1869,0,0,91.6,18771.2,7,0,0
1139,0,0,93.1,22765.9,7,0,0
1900,2,4,14.6,25104.5,6,0,0
1938,0,3,22785.0,59691.0,0,0,0
196,0,0,280.1,66786.7,7,0,0
500,0,0,125.2,30322.2,7,0,0
2083,0,0,89.9,18110.2,7,0,0
2093,0,2,5318.0,22517.0,2,5,55278760
1626,0,0,175.8,41391.9,7,0,0
1334,2,1,1007.0,21944.4,1,4,47811776
1855,2,1,2033.0,23852.2,5,4,6762600
2114,2,4,14.6,47598.1,6,0,0
1702,0,3,9542.0,46627.2,0,0,0
1150,0,3,700.0,700.0,0,0,0
727,2,4,1300.0,62640.0,0,0,0
1292,0,0,203.3,50218.9,7,0,0
1176,0,3,23938.0,70040.3,0,0,0
2014,2,4,1000.0,22800.0,0,0,0
538,2,1,40.0,22761.5,1,7,83334749
2066,0,2,3975.0,30107.0,0,7,80068927
1879,2,1,682.0,43411.1,1,1,77494382
1831,2,4,36300.0,107376.5,0,0,0
1970,1,4,8124.0,126651.7,0,0,0
1384,2,4,14.6,14977.7,6,0,0
2057,2,4,13700.0,23630.9,0,0,0
791,2,4,6800.0,29531.9,0,0,0
1517,2,1,792.0,73014.5,5,4,73389369
1939,2,1,3744.0,16058.7,5,6,83388852
2093,2,4,3900.0,13575.5,5,0,0
2031,0,2,43748.0,65315.2,0,12,8741110
1817,0,3,4800.0,39352.4,0,0,0
1779,0,0,88.9,21248.7,7,0,0
1353,0,0,136.0,43647.9,7,0,0
1170,2,4,14.6,25416.8,6,0,0
1424,1,4,9204.0,32003.6,0,0,0
1970,2,1,3297.0,14753.6,5,8,88894867
1669,2,4,27600.0,49963.9,0,0,0
2120,0,3,27311.0,84765.8,0,0,0
1236,2,1,7334.0,40449.4,5,13,63558506
890,2,4,1400.0,29019.6,0,0,0
1688,2,4,14.6,50915.0,6,0,0
1609,2,1,1845.0,27228.8,5,13,23734498
2053,2,4,14.6,36467.6,6,0,0
1417,2,4,8100.0,81439.9,0,0,0
1789,2,4,17500.0,64494.2,0,0,0
957,2,4,14.6,26403.3,6,0,0
754,2,4,4100.0,37495.8,0,0,0
187,2,4,3240.0,48758.1,0,0,0
1206,2,1,4381.0,12726.1,5,10,13122338
2095,2,1,3677.3,44709.4,8,4,55101638
2144,2,4,14.6,22667.4,6,0,0
2022,2,4,15300.0,42380.8,0,0,0
957,2,4,14.6,47996.5,6,0,0
266,0,3,12440.0,41019.5,0,0,0
1991,2,4,14.6,66782.3,6,0,0
653,0,0,214.4,52383.4,7,0,0
1146,2,1,3598.0,32644.4,5,4,3833902
1821,2,5,2900.0,71696.3,0,0,0
1760,0,3,4004.0,22973.0,0,0,0
1626,2,4,14.6,40437.7,6,0,0
842,2,1,4111.0,41623.3,1,7,7310396
691,2,1,502.0,40942.4,5,4,19993174
2016,2,4,15700.0,51948.3,0,0,0
2151,2,4,4680.0,37005.2,0,0,0
1421,2,1,2934.0,29114.6,5,11,90704673
1846,2,1,3791.0,11427.8,5,1,77066629
2095,0,3,16852.0,63058.3,0,0,0
1414,2,4,14.6,42992.6,6,0,0
1384,2,4,14.6,16581.5,6,0,0
1268,0,2,6860.0,36291.7,2,6,73615145
288,2,4,14.6,41768.0,6,0,0
1516,0,3,19069.0,53926.4,0,0,0
1779,0,0,247.9,60498.8,7,0,0
1212,2,4,4600.0,55175.5,0,0,0
653,2,4,30.0,29572.4,6,0,0
1812,2,4,100.0,34564.0,0,0,0
2053,0,0,2.7,11790.2,7,0,0
1086,0,3,12368.0,41791.2,0,0,0
2114,0,0,200.0,50657.4,7,0,0
2075,2,4,21300.0,66184.1,0,0,0
957,2,4,14.6,38171.8,6,0,0
1244,0,3,18669.0,55965.1,0,0,0
1626,0,0,213.9,56627.4,7,0,0
537,0,2,4019.0,24313.7,2,8,33850741
1901,0,3,26056.0,91989.2,0,0,0
1731,2,1,6840.0,27540.9,5,2,70135479
1779,0,0,89.9,21853.1,7,0,0
2144,0,0,384.9,84613.8,7,0,0
1421,2,4,250.0,24070.3,0,0,0
1596,2,4,14.6,34092.6,6,0,0
1300,0,2,3592.0,28311.5,0,1,81947511
1023,2,4,44000.0,48879.2,0,0,0
1300,2,4,2880.0,17775.6,0,0,0
1722,1,4,5052.0,27284.0,0,0,0
1936,2,1,2032.0,18201.8,0,4,39753556
1841,0,0,195.5,39113.0,7,0,0
1604,0,3,16041.0,42494.9,0,0,0
1992,0,3,49849.0,75450.2,0,0,0
962,0,2,31937.0,80625.7,0,10,14847791
2058,0,2,26736.0,91697.7,0,5,18398535
1028,2,1,3016.0,18293.7,5,6,97764080
745,0,0,131.2,31726.3,7,0,0
1582,2,4,3200.0,39422.5,0,0,0
1628,2,4,9400.0,32299.1,0,0,0
1718,0,0,156.7,32253.8,7,0,0
2114,0,0,38.0,10311.6,7,0,0
622,0,0,300.5,68119.2,7,0,0
1850,2,1,4173.0,20011.5,1,1,56375890
1758,0,3,11466.0,61406.5,0,0,0
1196,2,4,1680.0,56804.9,0,0,0
920,2,4,5160.0,39672.7,0,0,0
661,2,1,6509.0,45800.8,5,7,69929891
762,2,4,1500.0,26495.6,0,0,0
2153,2,1,2014.0,13626.2,5,7,77104884
2083,2,4,14.6,60160.1,6,0,0
1662,2,4,20000.0,49392.4,0,0,0
1336,2,1,1383.0,11983.0,0,1,83879112
1261,0,0,226.7,29634.3,7,0,0
1236,2,4,1400.0,39809.9,0,0,0
1900,0,0,84.9,17914.1,7,0,0
1361,2,1,3505.0,35254.9,5,12,46270674
1813,2,4,2040.0,26509.8,0,0,0
1608,2,4,2300.0,25252.0,0,0,0
1460,2,4,3760.0,25075.0,0,0,0
1781,2,4,31800.0,54884.1,0,0,0
935,0,2,4622.0,21986.9,2,6,3605026
575,2,4,8700.0,30991.6,0,0,0
2121,0,2,5093.0,32117.5,2,7,26638216
2170,2,4,7200.0,19540.5,0,0,0
867,2,4,6500.0,44757.6,0,0,0
1626,2,4,14.6,17770.6,6,0,0
1698,2,1,732.0,21852.8,0,2,14562350
773,2,4,14.6,20348.4,6,0,0
1758,2,1,2301.0,8540.2,5,9,41176962
926,0,0,179.8,39275.2,7,0,0
2004,2,1,2303.0,21532.5,5,5,6368720
1863,0,3,45976.0,68518.9,0,0,0
354,2,4,8100.0,17604.2,0,0,0
1882,0,2,4845.0,15773.6,2,1,66224288
1451,0,3,19025.0,75979.9,0,0,0
804,0,0,13.4,19981.4,7,0,0
2102,2,4,6800.0,23088.8,0,0,0
1423,2,4,17700.0,41074.6,0,0,0
931,0,2,3893.0,30779.6,0,3,61949133
1504,0,0,244.4,64238.2,7,0,0
2101,0,3,1700.0,34735.2,0,0,0
1900,2,4,720.0,56780.4,0,0,0
2053,0,0,101.8,22101.9,7,0,0
1200,2,4,14.6,33281.2,6,0,0
1425,2,1,4878.0,59457.6,1,10,59019696
1110,0,0,158.1,31236.7,7,0,0
1784,0,3,20666.0,64756.6,0,0,0
1948,0,3,1600.0,26478.2,0,0,0
2027,0,2,13201.0,59485.0,0,13,84689288
2066,2,4,5100.0,15907.0,0,0,0
561,0,0,30.1,20406.1,7,0,0
1900,0,0,49.4,332.6,7,0,0
2001,2,1,2158.0,26734.9,3,2,58891451
1245,2,4,57800.0,50468.2,0,0,0
1093,0,2,4519.0,37179.9,2,10,19389057
337,2,4,3000.0,44212.9,0,0,0
1573,2,1,1100.0,59502.6,1,2,91279375
375,2,4,2520.0,16830.5,0,0,0
956,2,4,10100.0,25894.0,0,0,0
1628,2,4,2400.0,37479.6,0,0,0
1821,0,2,19776.0,48972.1,0,5,81949048
420,0,3,22436.0,58023.3,0,0,0
2144,0,0,303.2,68911.6,7,0,0
484,2,4,5400.0,24348.0,0,0,0
1666,0,3,19222.0,33860.4,0,0,0
1331,2,1,7028.0,37324.5,5,12,20009368
1561,2,4,22500.0,26756.6,0,0,0
1200,2,4,14.6,14862.5,6,0,0
1476,0,0,133.3,25182.8,7,0,0
1895,2,4,2640.0,18924.9,0,0,0
2144,0,0,14.4,4654.6,7,0,0
1079,0,0,158.5,39650.8,7,0,0
388,2,1,4769.0,25560.2,5,8,81132262
1966,2,1,2139.0,10956.2,0,9,73784321
1596,0,0,229.7,65695.5,7,0,0
1715,2,4,5300.0,11350.6,0,0,0
1171,2,4,7100.0,-3564.4,0,0,0
2119,2,1,1071.0,24831.1,1,6,77042627
1840,2,4,700.0,28596.5,0,0,0
1542,2,1,2284.0,17209.0,5,13,36823308
1457,2,1,5119.0,31104.3,5,9,69699191
2098,2,4,1700.0,38293.4,0,0,0
1999,2,1,7531.0,16183.2,5,4,6997305
895,2,4,30.0,15084.4,6,0,0
1484,2,4,12200.0,55423.1,0,0,0
1036,0,3,35942.0,73968.0,0,0,0
1312,2,4,1440.0,30597.2,0,0,0
1370,2,4,1800.0,45755.4,0,0,0
2022,2,4,14.6,14998.5,6,0,0
1791,2,1,4865.0,36800.3,5,10,11387104
745,0,0,83.1,13412.8,7,0,0
2125,2,1,1711.0,24876.1,3,10,98307567
2171,2,4,2600.0,81112.4,0,0,0
2064,0,2,5893.0,24995.7,2,4,55847912
1930,2,4,14.6,39743.5,6,0,0
879,0,3,45306.0,97822.3,0,0,0
1819,1,4,4795.0,85878.9,0,0,0
1566,2,4,11700.0,46478.9,0,0,0
273,0,3,1200.0,23725.0,0,0,0
1609,0,3,400.0,23377.2,0,0,0
1749,0,0,218.0,100195.5,7,0,0
1261,0,0,253.7,56979.8,7,0,0
1455,2,1,2292.0,17870.0,5,9,14006042
1851,0,2,2984.0,13939.9,0,12,48951882
720,0,2,4356.0,34625.1,2,4,31564527
1231,0,0,194.4,48337.8,7,0,0
1826,2,4,13400.0,46612.1,0,0,0
785,0,3,9785.0,37004.1,0,0,0
1458,2,4,450.0,17161.9,0,0,0
2022,2,4,14.6,18362.2,6,0,0
221,0,3,3800.0,20400.0,0,0,0
2023,2,4,32500.0,61894.8,0,0,0
879,0,3,2500.0,24692.7,0,0,0
1669,2,1,2015.0,45465.3,5,5,67744958
1182,0,3,4900.0,34376.9,0,0,0
722,0,3,8925.0,35362.2,0,0,0
993,2,1,1862.0,34202.2,1,7,15075981
1231,0,0,99.3,21390.9,7,0,0
359,0,3,15708.0,51233.7,0,0,0
1449,2,4,1800.0,50663.0,0,0,0
1200,2,4,14.6,31773.3,6,0,0
1810,0,0,97.4,18423.2,7,0,0
257,2,4,14.6,41373.2,6,0,0
1822,0,3,5855.0,19175.1,0,0,0
1459,0,2,5893.0,25902.1,2,11,35075765
439,2,4,7300.0,30778.6,0,0,0
938,2,1,765.0,64041.4,1,12,11125362
779,2,1,599.0,26907.8,1,13,11521917
714,2,4,14.6,45619.8,6,0,0
605,2,4,1260.0,20965.0,0,0,0
1261,0,3,37399.0,87586.3,0,0,0
2004,0,3,400.0,41948.4,0,0,0
2057,2,5,3300.0,62661.7,0,0,0
2118,2,4,1200.0,13774.1,0,0,0
2053,2,4,14.6,28464.8,6,0,0
271,2,1,1687.0,53921.7,5,2,12073362
862,2,4,960.0,33635.4,0,0,0
1749,2,4,14.6,21894.1,6,0,0
696,0,3,13881.0,29873.5,0,0,0
1869,2,4,14.6,13142.2,6,0,0
970,2,4,19800.0,44735.9,0,0,0
1935,0,3,11761.0,29331.4,0,0,0
711,2,4,2100.0,25062.4,0,0,0
592,0,0,176.3,44461.8,7,0,0
1331,2,1,22.0,35140.2,1,6,32800996
1476,2,4,14.6,22756.8,6,0,0
2100,2,4,720.0,44506.5,0,0,0
1018,2,4,14.6,37211.8,6,0,0
1330,2,1,166.0,24077.9,5,9,48354953
1954,2,4,8200.0,19825.0,0,0,0
1148,2,4,2720.0,14420.9,0,0,0
2064,2,4,11400.0,42881.7,0,0,0
1688,2,4,30.0,27294.4,6,0,0
1610,2,4,10800.0,42362.8,0,0,0
1626,2,4,14.6,34374.1,6,0,0
1626,0,0,179.3,31642.1,7,0,0
1476,2,4,14.6,13045.9,6,0,0
1490,0,3,7300.0,21606.7,0,0,0
1670,2,1,1057.0,44867.2,5,6,87909203
1328,2,1,2223.0,11198.4,3,1,94730412
1411,2,4,18300.0,69419.2,0,0,0
1690,2,4,600.0,42936.7,0,0,0
1640,0,3,700.0,43515.9,0,0,0
1688,2,4,14.6,24030.7,6,0,0
1428,0,3,34482.0,76694.9,0,0,0
1503,2,4,17300.0,49234.7,0,0,0
1048,0,0,113.9,25058.3,7,0,0
1476,2,4,14.6,14147.1,6,0,0
926,0,0,156.4,19443.2,7,0,0
1732,2,1,5625.0,62890.2,5,3,4553950
2126,2,1,1607.0,31034.1,1,3,95971029
1565,2,4,14.6,24678.7,6,0,0
1596,2,4,14.6,28730.8,6,0,0
2080,2,5,3600.0,52965.5,0,0,0
288,2,4,14.6,24939.3,6,0,0
1051,2,4,12100.0,37983.8,0,0,0
1578,2,1,1491.0,21239.4,5,4,61501145
1975,2,1,536.0,24442.1,1,13,38948452
1991,2,4,14.6,46276.9,6,0,0
630,0,3,4463.0,31136.7,0,0,0
1095,0,3,1300.0,17846.4,0,0,0
1201,2,4,4200.0,25659.0,0,0,0
415,2,1,6619.0,52405.5,5,10,156510
2124,2,1,1485.0,19889.2,5,5,47865402
2053,0,0,92.4,20344.3,7,0,0
804,2,4,14.6,27042.7,6,0,0
1534,0,3,42873.0,71461.2,0,0,0
1698,2,1,4408.0,46001.6,1,9,42624378
1614,0,3,1000.0,20818.6,0,0,0
1504,2,4,14.6,29059.8,6,0,0
1054,2,1,2802.0,33614.7,5,10,96288322
773,0,0,76.4,18340.1,7,0,0
1258,2,4,2400.0,26443.0,0,0,0
452,2,4,10400.0,34152.0,0,0,0
1546,2,4,16700.0,48670.7,0,0,0
993,2,4,5760.0,26912.4,0,0,0
1786,0,3,30055.5,108754.3,0,0,0
1841,0,0,96.9,20828.1,7,0,0
2033,0,2,5767.0,35391.8,2,3,57052653
1803,2,4,1100.0,32269.1,0,0,0
1961,2,4,14.6,63191.6,6,0,0
1024,2,1,2212.0,20756.8,5,10,30570674
1832,2,5,2900.0,67360.3,0,0,0
28,0,2,3098.0,4098.0,0,1,21098941
1353,0,0,103.2,47954.0,7,0,0
1991,0,0,93.8,23676.7,7,0,0
727,2,4,2100.0,57110.8,0,0,0
516,0,3,900.0,43338.2,0,0,0
1816,2,1,6742.0,10458.4,5,11,98083507
2114,2,4,14.6,55701.6,6,0,0
1632,0,3,14541.0,79296.7,0,0,0
1998,0,2,4019.0,21448.1,2,8,33850741
1020,2,4,3600.0,25906.3,0,0,0
1869,2,4,14.6,18820.0,6,0,0
1657,2,4,14.6,15064.6,6,0,0
1876,0,2,3753.0,31431.9,0,10,27790540
1626,2,4,14.6,48235.7,6,0,0
1414,2,4,14.6,22554.6,6,0,0
1535,2,4,14.6,90847.2,6,0,0
1458,0,3,1700.0,37600.0,0,0,0
742,2,4,7360.0,26260.8,0,0,0
1914,2,1,2927.0,46194.4,1,4,28271162
1626,2,4,14.6,14089.7,6,0,0
1823,0,3,21025.0,61575.1,0,0,0
525,2,4,22400.0,21130.2,0,0,0
1779,2,4,14.6,58050.8,6,0,0
1822,2,4,210.0,31245.5,0,0,0
1810,2,4,14.6,55419.8,6,0,0
1950,2,4,1500.0,20450.8,0,0,0
1373,2,4,5900.0,54091.5,0,0,0
1810,0,0,223.0,62387.4,7,0,0
887,2,4,8450.0,18943.1,0,0,0
1822,0,2,20236.0,45345.6,0,10,66487163
937,0,3,9885.0,49144.5,0,0,0
1880,2,1,8886.0,18201.4,5,4,73266708
1261,2,4,14.6,31797.3,6,0,0
729,2,4,11360.0,27164.5,0,0,0
1605,2,1,1110.0,38130.1,3,10,86234765
803,2,4,7500.0,33520.8,0,0,0
2064,2,1,1017.0,22015.5,5,2,17034912
568,2,1,3871.0,58454.2,5,13,55113202
1531,2,4,15900.0,29646.2,0,0,0
1911,2,4,600.0,16825.7,0,0,0
783,2,4,8500.0,28729.6,0,0,0
787,1,4,15955.0,48732.3,0,0,0
1353,2,4,14.6,15872.7,6,0,0
2022,0,0,113.3,27198.2,7,0,0
413,0,2,31648.0,67353.5,0,4,8007508
1315,0,3,36183.0,64971.0,0,0,0
1667,0,3,12573.0,38202.1,0,0,0
1815,2,1,6139.0,14963.2,5,4,6041044
1726,2,1,7377.0,39288.3,1,7,48851555
600,0,3,17448.0,54291.7,0,0,0
1490,0,3,5149.0,25988.8,0,0,0
1513,2,4,1110.0,26748.3,0,0,0
1457,0,3,13514.0,43533.2,0,0,0
2022,0,0,63.9,17019.4,7,0,0
1445,0,0,119.9,29324.8,7,0,0
1638,2,1,1996.0,32016.5,5,5,19228476
1991,0,0,112.1,20088.8,7,0,0
1246,2,4,20200.0,52255.6,0,0,0
1200,2,4,59900.0,83916.4,0,0,0
2125,0,3,4004.0,18300.5,0,0,0
1084,2,1,2033.0,20139.7,5,2,33847505
2062,2,1,640.0,26716.6,3,1,18386042
1139,0,0,135.2,28963.0,7,0,0
1079,2,4,14.6,25118.0,6,0,0
1701,0,3,12435.0,44853.0,0,0,0
2083,0,0,109.1,26429.7,7,0,0
2076,2,4,22600.0,56877.8,0,0,0
1579,0,2,27014.0,49004.0,0,7,87391823
2022,2,4,30.0,59229.6,6,0,0
993,0,3,42863.0,72600.0,0,0,0
1713,2,4,24000.0,71057.0,0,0,0
1542,0,3,14253.0,37063.5,0,0,0
1261,2,4,14.6,36588.3,6,0,0
1975,0,2,3484.0,63908.5,0,3,81040405
202,0,3,13304.0,13704.0,0,0,0
2148,2,4,41700.0,34658.3,0,0,0
1824,0,2,18827.0,51257.6,0,11,83680390
498,2,4,3000.0,28418.0,0,0,0
2123,0,3,21739.0,62930.9,0,0,0
1535,0,0,123.0,30537.0,7,0,0
1835,2,4,1440.0,27580.0,0,0,0
1565,0,0,195.6,46082.9,7,0,0
763,0,3,1600.0,21667.6,0,0,0
647,2,4,41000.0,63553.0,0,0,0
1170,0,0,191.8,42397.4,7,0,0
2125,0,3,20673.0,46286.6,0,0,0
1930,2,4,14.6,69166.4,6,0,0
1397,0,3,11171.0,49044.8,0,0,0
1079,0,0,52.7,45704.6,7,0,0
1606,0,3,19080.0,10542.7,0,0,0
1991,2,4,14.6,66686.1,6,0,0
1125,0,3,1500.0,14250.6,0,0,0
1606,2,1,1753.0,14916.8,5,10,58229595
1998,0,2,37379.0,75215.9,0,9,87766652
1328,0,3,800.0,800.0,0,0,0
1283,2,4,4800.0,21473.2,0,0,0
1155,2,4,200.0,25084.0,0,0,0
350,2,4,3900.0,29765.1,0,0,0
1789,2,4,850.0,23516.4,0,0,0
408,0,0,230.1,56104.9,7,0,0
2113,2,4,3700.0,16234.5,0,0,0
1841,0,0,55.2,12665.0,7,0,0
1854,0,3,5177.0,19579.4,0,0,0
1535,2,4,14.6,33062.0,6,0,0
1731,0,2,6416.0,29554.9,2,4,24404144
1365,0,3,5692.0,16701.1,0,0,0
1999,2,1,2638.0,10486.1,5,1,21810698
1299,0,3,9408.0,28125.4,0,0,0
1688,2,4,30.0,43216.1,6,0,0
1626,0,0,131.8,51621.3,7,0,0
1869,2,4,14.6,16386.2,6,0,0
2175,0,0,259.8,70815.9,7,0,0
1489,0,3,11231.0,39804.2,0,0,0
1112,1,4,2780.0,34939.6,0,0,0
970,0,3,7300.0,37052.5,0,0,0
1762,2,1,5129.0,78637.0,5,6,8464664
1961,0,3,23991.0,54864.5,0,0,0
1450,2,4,1520.0,15807.3,0,0,0
478,0,2,5403.0,27573.3,2,10,9567541
1824,2,4,1560.0,59314.5,0,0,0
1807,2,4,2880.0,35572.1,0,0,0
1110,0,0,265.0,41108.9,7,0,0
1939,2,4,10100.0,69526.2,0,0,0
1488,0,3,13963.0,19272.7,0,0,0
801,2,4,4700.0,20241.9,0,0,0
1119,2,1,6922.0,21508.0,5,3,59125840
366,2,4,4500.0,39799.3,0,0,0
500,0,0,105.9,26115.4,7,0,0
1576,2,1,1748.0,27651.5,5,11,50076764
2005,0,2,5120.0,20226.6,2,7,60679709
1475,2,5,2300.0,51733.0,0,0,0
1517,0,2,6416.0,28289.7,2,4,24404144
2083,2,4,14.6,27433.6,6,0,0
1991,2,4,14.6,20188.3,6,0,0
2083,0,0,284.0,58011.8,7,0,0
2114,2,4,14.6,73819.7,6,0,0
1476,2,4,14.6,14462.0,6,0,0
1961,0,0,84.6,20650.4,7,0,0
1400,2,4,26200.0,35324.8,0,0,0
957,0,0,212.2,33473.7,7,0,0
1000,2,1,1538.0,70583.9,5,5,74637114
1384,0,0,63.1,16989.3,7,0,0
723,2,4,7200.0,36704.1,0,0,0
1930,2,4,14.6,26992.5,6,0,0
1425,2,1,2076.0,18073.2,5,11,99310320
349,0,0,183.7,51110.5,7,0,0
1542,0,2,5081.0,33919.8,2,12,38447165
1353,0,0,92.4,20846.0,7,0,0
1961,2,4,14.6,16671.1,6,0,0
1236,2,1,2085.0,40738.7,1,3,57572519
1482,2,4,360.0,20175.4,0,0,0
1572,2,4,5100.0,42514.5,0,0,0
683,0,0,112.3,26782.6,7,0,0
567,2,1,3886.0,15386.2,5,8,9595072
1900,0,0,13.2,19714.2,7,0,0
1311,2,4,3360.0,16242.4,0,0,0
1845,0,3,4500.0,19997.6,0,0,0
43,2,4,14.6,71437.8,6,0,0
1096,2,4,1560.0,47336.0,0,0,0
2003,0,2,4327.0,20218.8,2,1,50350195
1513,2,1,3600.0,32441.2,5,1,66742342
1900,2,4,14.6,13454.3,6,0,0
543,0,3,8538.0,27379.8,0,0,0
2031,2,1,329.0,24324.4,1,12,99466686
2053,2,4,14.6,39052.5,6,0,0
1473,2,4,6300.0,24094.5,0,0,0
2039,2,4,1560.0,22501.0,0,0,0
2149,2,1,2354.0,69069.6,5,10,88473778
695,2,4,1040.0,27157.6,0,0,0
1596,2,4,14.6,31834.8,6,0,0
2057,2,4,11700.0,25254.7,0,0,0
1577,2,1,4581.0,29972.4,5,10,9433424
2022,0,3,2500.0,68280.9,0,0,0
1911,2,4,18400.0,17600.2,0,0,0
1384,0,0,16.4,13064.1,7,0,0
714,0,0,329.1,41972.0,7,0,0
1816,2,4,1080.0,13506.7,0,0,0
1242,2,1,184.0,100070.7,1,4,55203390
2077,2,4,12800.0,41089.5,0,0,0
1473,2,4,5200.0,29947.0,0,0,0
417,2,4,17400.0,43514.4,0,0,0
659,0,2,4058.0,27546.4,2,4,4917139
2065,2,1,2676.0,34566.9,8,1,8848363
1633,2,4,11700.0,32007.1,0,0,0
1922,0,3,1400.0,22461.5,0,0,0
1967,2,4,41100.0,103098.3,0,0,0
752,0,3,600.0,23197.7,0,0,0
1657,2,4,14.6,25962.4,6,0,0
2022,2,4,14.6,19927.4,6,0,0
1657,0,0,80.1,16614.3,7,0,0
1841,0,0,208.4,53540.9,7,0,0
1973,2,4,10500.0,50765.6,0,0,0
1353,0,0,185.9,41606.2,7,0,0
592,0,0,165.4,47402.5,7,0,0
1906,2,4,8300.0,36310.6,0,0,0
2125,2,4,15500.0,96154.1,0,0,0
1292,2,4,14.6,49282.1,6,0,0
1570,2,1,411.0,24749.8,1,5,18043649
1351,2,4,3500.0,20637.1,0,0,0
1674,0,3,18807.0,28217.3,0,0,0
1105,2,4,960.0,37206.7,0,0,0
1991,0,0,351.1,67218.0,7,0,0
988,2,4,700.0,33760.9,0,0,0
1823,0,3,1900.0,26671.9,0,0,0
1031,0,3,4550.0,29907.8,0,0,0
904,0,3,24144.0,48437.0,0,0,0
1414,2,4,14.6,18117.5,6,0,0
2171,1,4,13419.0,45434.5,0,0,0
2110,2,4,1200.0,17338.3,0,0,0
1339,0,3,5100.0,22875.6,0,0,0
2083,0,0,83.7,21614.8,7,0,0
2057,0,3,1300.0,85161.3,0,0,0
1972,2,4,600.0,37639.8,0,0,0
2022,0,0,175.8,48131.5,7,0,0
1718,0,0,268.6,62099.3,7,0,0
439,2,4,14.6,39111.0,6,0,0
1316,2,4,14800.0,45649.7,0,0,0
1544,0,2,4566.0,25941.4,2,12,30663150
1779,2,4,14.6,24863.9,6,0,0
466,2,4,8400.0,34047.0,0,0,0
1456,2,4,7200.0,55248.9,0,0,0
1633,0,2,4944.0,28851.9,2,10,37120229
2048,2,4,1080.0,39389.0,0,0,0
754,0,3,20775.0,42335.6,0,0,0
1961,0,0,166.2,39770.7,7,0,0
1424,2,4,1120.0,15591.7,0,0,0
1674,0,3,500.0,20087.4,0,0,0
1417,2,4,2500.0,25095.2,0,0,0
1640,0,2,6676.0,19421.6,2,10,50319933
1170,2,4,14.6,51611.8,6,0,0
821,2,4,9000.0,28193.4,0,0,0
1793,0,3,16341.0,61170.8,0,0,0
1200,2,4,14.6,18660.4,6,0,0
773,0,0,281.7,50460.2,7,0,0
2022,2,4,14.6,44296.0,6,0,0
690,2,1,4755.0,47838.3,5,7,12752318
449,2,1,695.0,12609.4,5,4,14566856
1626,2,4,14.6,24530.3,6,0,0
530,0,0,206.2,55100.7,7,0,0
1048,0,0,217.4,46250.2,7,0,0
622,2,4,14.6,69397.3,6,0,0
2156,0,2,6496.0,53285.1,2,7,48744165
1760,0,3,42261.0,74774.1,0,0,0
1088,0,3,9500.0,35057.0,0,0,0
1208,2,1,7543.0,29784.1,5,6,12718767
1626,0,0,176.1,33009.6,7,0,0
557,0,3,2200.0,28228.4,0,0,0
1240,2,1,6358.0,19474.9,5,7,74623369
1818,2,1,221.0,22492.7,5,5,50810194
1048,0,0,129.1,32078.2,7,0,0
1779,2,4,14.6,31726.3,6,0,0
1669,2,1,4017.0,76562.0,1,3,84062218
1353,2,4,14.6,23924.8,6,0,0
1042,2,4,600.0,14371.6,0,0,0
2001,2,1,4764.0,25624.6,1,1,9366584
1791,0,3,30372.0,56420.6,0,0,0
804,0,0,75.6,22323.1,7,0,0
1596,0,0,106.3,25421.4,7,0,0
800,0,3,1700.0,33871.7,0,0,0
1192,2,4,2700.0,26899.9,0,0,0
610,2,4,6300.0,30069.9,0,0,0
1148,2,1,192.0,18447.1,1,8,19998705
1991,0,0,59.6,11356.7,7,0,0
1241,2,1,176.0,67827.8,3,11,2184236
1998,0,3,5442.0,28672.2,0,0,0
606,0,3,20554.0,78321.3,0,0,0
865,2,4,14.6,28192.0,6,0,0
1760,2,1,9632.0,10938.9,5,7,56718403
1664,2,1,251.0,42724.9,1,12,63081288
911,2,4,17800.0,37168.3,0,0,0
2154,2,1,4389.0,103791.5,5,11,71638446
1832,2,4,1590.0,17908.3,0,0,0
1170,2,4,14.6,36064.8,6,0,0
1457,2,4,1110.0,16742.7,0,0,0
1877,0,2,6303.0,30019.0,2,1,54928976
1841,0,0,20.7,6140.3,7,0,0
1261,2,4,14.6,29823.0,6,0,0
2065,2,1,8125.3,14920.5,8,2,95518534
1619,2,4,7100.0,36409.6,0,0,0
1732,0,3,1600.0,29113.3,0,0,0
1575,0,3,15708.0,72007.0,0,0,0
1421,0,2,17436.0,62544.6,0,8,54006659
1926,2,4,6200.0,61646.1,0,0,0
554,2,4,15800.0,44048.1,0,0,0
1930,2,4,100.0,53426.1,6,0,0
773,2,4,14.6,18947.5,6,0,0
1657,0,3,1900.0,29703.8,0,0,0
1989,2,5,4600.0,108619.6,0,0,0
1941,2,1,5842.0,56498.1,5,7,91239595
2022,2,4,14.6,23309.0,6,0,0
653,0,0,215.3,40229.2,7,0,0
1626,2,4,14.6,17261.7,6,0,0
1283,0,3,49571.0,108298.9,0,0,0
1760,0,3,15190.0,39435.7,0,0,0
1930,2,4,14.6,59991.7,6,0,0
784,2,1,2957.0,21910.0,5,11,84661042
1455,2,4,550.0,23969.9,0,0,0
1810,0,0,113.4,20533.8,7,0,0
1212,0,3,19983.0,77519.1,0,0,0
1270,0,3,11466.0,46552.9,0,0,0
1852,2,1,7534.0,16644.4,5,5,24753552
879,2,1,3218.0,63391.1,5,5,56390714
483,2,1,23.0,32683.5,1,2,16274184
847,2,1,646.0,31313.2,3,8,24150228
1369,2,4,4100.0,14613.7,0,0,0
813,0,3,400.0,400.0,0,0,0
804,0,0,103.4,24608.4,7,0,0
936,2,1,251.0,68986.1,1,5,71377277
1820,2,4,5400.0,21733.8,0,0,0
1905,0,3,23271.0,36219.6,0,0,0
408,0,0,62.6,15810.1,7,0,0
380,0,0,83.6,19220.5,7,0,0
886,0,3,9177.0,105082.1,0,0,0
2059,0,3,6932.0,25069.4,0,0,0
1837,2,4,4200.0,52538.4,0,0,0
956,2,4,10900.0,32134.0,0,0,0
1745,2,4,46000.0,69711.1,0,0,0
1968,2,1,3354.0,36031.8,5,12,54261672
1504,0,0,186.6,46632.7,7,0,0
411,2,4,1020.0,14661.4,0,0,0
878,2,1,8151.0,65682.1,5,13,85545950
2167,2,4,62600.0,90537.9,0,0,0
1576,1,4,20430.0,44458.3,0,0,0
1596,2,4,14.6,24801.7,6,0,0
1467,2,4,840.0,11425.7,0,0,0
629,0,3,13464.0,32267.1,0,0,0
804,0,0,136.0,38175.2,7,0,0
1476,2,4,14.6,25057.8,6,0,0
1900,0,0,290.5,69977.7,7,0,0
1093,2,1,299.0,24956.0,1,9,62296283
1490,0,3,20567.0,36694.4,0,0,0
1749,2,4,14.6,12856.1,6,0,0
2003,0,3,19987.0,62301.8,0,0,0
2151,2,1,646.0,28353.9,5,9,23059034
2027,2,1,127.0,29361.7,1,4,23429125
1723,0,3,16457.0,59143.5,0,0,0
2022,0,0,198.8,58273.0,7,0,0
1345,2,4,300.0,24473.0,0,0,0
987,2,4,14.6,59808.3,6,0,0
1108,2,4,2400.0,27576.2,0,0,0
1197,2,4,4000.0,90100.5,0,0,0
997,0,3,29158.0,98607.7,0,0,0
1900,2,4,14.6,16416.8,6,0,0
1419,0,2,3100.0,3600.0,0,6,4792172
1657,0,0,66.8,24905.8,7,0,0
1565,0,0,81.7,20363.3,7,0,0
1170,0,0,140.9,34437.5,7,0,0
745,0,0,165.1,31421.6,7,0,0
317,2,4,4440.0,52005.6,0,0,0
2034,2,1,4755.0,26981.7,8,7,16182625
1384,2,4,14.6,38146.8,6,0,0
508,2,1,1225.0,19239.7,1,13,74546420
1030,2,1,6468.0,47519.5,5,12,57693803
1822,2,1,3090.0,22597.3,5,12,24808752
1208,2,4,700.0,29606.5,0,0,0
1353,0,0,182.6,38059.5,7,0,0
994,2,1,2761.0,35977.7,5,11,41079390
2044,2,4,22000.0,39421.5,0,0,0
744,2,4,1200.0,19023.8,0,0,0
2150,2,1,188.0,27591.6,1,1,29559022
1517,2,1,2688.0,35598.8,1,10,42349684
1823,2,4,900.0,40514.8,0,0,0
1915,2,4,2640.0,18884.4,0,0,0
2001,2,4,1350.0,22078.8,0,0,0
1210,2,1,3764.0,24718.7,5,10,97497385
1476,0,0,114.1,34917.2,7,0,0
1822,2,4,960.0,15464.1,0,0,0
2160,2,4,1200.0,13562.3,0,0,0
928,2,4,6000.0,38954.8,0,0,0
1645,2,4,3900.0,31263.1,0,0,0
1200,2,4,14.6,97911.6,6,0,0
1510,0,3,10813.0,27874.7,0,0,0
1854,0,2,3071.0,15319.3,0,8,67421823
1483,2,1,10261.0,40398.5,5,3,21858203
1900,0,0,262.1,79345.7,7,0,0
1638,2,1,4753.7,67117.6,8,10,73753130
1810,2,4,14.6,19968.7,6,0,0
987,0,0,123.3,30348.0,7,0,0
1663,2,1,1444.0,15847.8,5,11,3712326
380,0,0,114.8,22681.8,7,0,0
471,1,4,8201.0,37480.2,0,0,0
1261,0,0,268.6,64227.7,7,0,0
1666,2,1,5451.0,10872.3,5,10,67953830
1511,2,4,3720.0,35628.4,0,0,0
957,0,0,172.6,40734.9,7,0,0
2029,2,1,1171.0,20771.7,0,5,28244787
1779,2,4,14.6,34619.3,6,0,0
834,2,4,14.6,17435.6,6,0,0
257,0,0,111.6,27185.8,7,0,0
1200,0,0,33.1,21733.1,7,0,0
1253,2,4,1400.0,34222.3,0,0,0
1115,0,3,9261.0,26776.5,0,0,0
1375,2,4,10900.0,38412.0,0,0,0
1535,2,4,30.0,91183.3,6,0,0
1110,2,4,14.6,38777.8,6,0,0
1693,0,3,11771.0,50493.2,0,0,0
1822,2,4,2400.0,59167.7,0,0,0
2097,0,2,6362.0,30047.1,2,10,48415380
1645,2,4,2520.0,34710.8,0,0,0
530,2,4,14.6,21346.6,6,0,0
874,2,4,22200.0,93713.4,0,0,0
1921,2,4,2900.0,16626.4,0,0,0
1802,1,4,24557.0,76278.9,0,0,0
1657,2,4,14.6,46207.7,6,0,0
1850,2,4,31100.0,32461.0,0,0,0
1367,2,4,2160.0,32401.6,0,0,0
1718,0,0,73.2,15820.4,7,0,0
1654,0,3,2900.0,22544.0,0,0,0
1300,0,3,300.0,300.0,0,0,0
2022,0,0,83.0,21055.0,7,0,0
865,2,4,14.6,45537.8,6,0,0
1571,2,1,9397.0,28646.1,5,4,40997958
540,2,1,2998.0,20247.8,5,2,10936338
1642,2,4,540.0,30300.4,0,0,0
380,0,0,214.9,37326.4,7,0,0
2035,2,1,3573.0,65163.8,5,8,70669543
845,2,4,560.0,24636.0,0,0,0
979,2,4,22000.0,38870.5,0,0,0
1749,0,0,218.8,44766.2,7,0,0
1462,2,4,2400.0,-1015.4,0,0,0
1850,2,1,342.0,103646.6,1,11,54287219
1657,0,0,125.3,25289.4,7,0,0
1900,2,4,14.6,24274.6,6,0,0
1503,0,3,7500.0,4100.2,0,0,0
1951,2,4,2200.0,36726.2,0,0,0
1488,2,1,2707.0,19931.8,5,4,18722367
1930,0,0,101.2,26593.7,7,0,0
1845,0,3,7400.0,33973.6,0,0,0
1730,2,1,3873.7,74844.6,8,7,86397230
1657,0,0,118.6,30619.5,7,0,0
1994,2,4,400.0,22884.1,0,0,0
1829,2,4,2100.0,17379.2,0,0,0
1833,2,4,8100.0,55027.1,0,0,0
926,0,0,110.0,25685.5,7,0,0
1447,2,4,330.0,29408.9,0,0,0
1788,0,3,3700.0,32813.3,0,0,0
1680,0,3,4000.0,32696.1,0,0,0
1560,2,4,8700.0,35540.4,0,0,0
1139,0,0,114.3,24072.8,7,0,0
987,0,0,143.9,78346.6,7,0,0
1821,2,4,900.0,64840.5,0,0,0
1545,0,3,15224.0,46496.2,0,0,0
935,2,4,21200.0,94135.1,0,0,0
2072,2,4,1800.0,31546.5,0,0,0
1873,2,4,3800.0,34935.7,0,0,0
1786,2,1,5478.0,35706.7,5,4,70616876
2029,2,1,2291.0,19121.5,5,9,94460784
1749,0,0,75.8,14120.0,7,0,0
665,2,1,8339.0,39791.1,8,11,20694566
804,0,0,170.3,43266.5,7,0,0
2083,0,0,103.3,24069.3,7,0,0
1880,2,1,3074.0,20741.4,5,9,48874825
1176,0,2,38818.0,77307.7,0,4,25369358
1067,2,4,700.0,20429.9,0,0,0
1456,2,1,5110.0,42679.9,5,3,51975733
1145,2,4,2600.0,31617.2,0,0,0
1810,2,4,14.6,30490.9,6,0,0
1913,0,2,6226.0,22920.7,2,4,3406155
1457,2,1,8517.0,30484.7,5,1,78590231
987,0,0,308.4,47524.4,7,0,0
1323,0,0,84.3,20762.8,7,0,0
1909,0,3,17904.0,36561.7,0,0,0
900,0,2,3163.0,19604.2,0,8,95001059
1459,2,4,8100.0,67100.4,0,0,0
1841,0,0,69.6,16112.7,7,0,0
2090,0,3,7632.0,20471.3,0,0,0
701,2,4,1200.0,20200.0,0,0,0
1384,2,4,14.6,47375.4,6,0,0
1670,0,3,20290.0,59248.9,0,0,0
602,0,3,6200.0,15222.3,0,0,0
2053,0,0,216.9,55872.8,7,0,0
1292,2,4,14.6,88458.4,6,0,0
661,0,3,16623.0,60434.7,0,0,0
1048,2,4,14.6,32299.5,6,0,0
288,0,0,344.3,88037.7,7,0,0
1391,2,4,7700.0,20188.1,0,0,0
848,0,2,3397.0,14088.0,0,6,68626534
1626,0,0,316.5,89941.2,7,0,0
905,2,4,13300.0,44931.5,0,0,0
538,0,3,12951.0,45289.4,0,0,0
1350,2,4,12700.0,38362.9,0,0,0
756,2,4,7500.0,34845.0,0,0,0
1414,0,0,238.9,51266.6,7,0,0
530,2,4,14.6,24584.2,6,0,0
1322,0,3,300.0,300.0,0,0,0
1425,2,4,2720.0,47723.8,0,0,0
1657,2,4,14.6,35870.8,6,0,0
1292,2,4,14.6,34350.4,6,0,0
1018,2,4,14.6,43662.4,6,0,0
1688,2,4,14.6,47592.6,6,0,0
1000,0,2,6682.0,7782.0,2,1,13652062
1591,2,4,25200.0,30276.4,0,0,0
1626,0,0,121.6,33666.2,7,0,0
599,2,4,5400.0,57089.2,0,0,0
1935,0,3,32873.0,62334.8,0,0,0
1718,2,4,14.6,22431.5,6,0,0
1398,0,3,6101.0,47148.4,0,0,0
1991,0,0,125.1,26916.6,7,0,0
1841,2,4,14.6,21064.0,6,0,0
592,0,0,267.9,65596.0,7,0,0
1991,0,0,62.9,11112.1,7,0,0
2053,2,4,14.6,34183.5,6,0,0
865,0,0,170.3,40025.6,7,0,0
349,2,4,14.6,27149.3,6,0,0
1881,2,1,5415.0,33918.6,8,9,87297737
2032,0,3,17585.0,72548.9,0,0,0
1910,0,3,7748.0,75875.7,0,0,0
2003,2,1,345.0,62520.1,3,8,87980109
957,0,0,130.7,29087.5,7,0,0
712,2,4,210.0,29947.1,0,0,0
1183,2,4,3400.0,25945.3,0,0,0
1456,0,2,15873.0,25886.8,0,12,68042999
1331,2,1,2569.0,17543.9,1,4,10736680
1414,2,4,14.6,36907.7,6,0,0
2083,2,4,14.6,27120.4,6,0,0
1110,2,4,14.6,25361.4,6,0,0
1085,0,2,4960.0,24751.9,2,7,69437229
1394,0,3,7415.0,28813.7,0,0,0
439,2,4,0.6,11383.4,4,0,0
997,1,4,17770.0,39981.4,0,0,0
1991,2,4,14.6,35095.7,6,0,0
1360,0,3,21695.0,62590.2,0,0,0
2114,2,4,14.6,52290.6,6,0,0
2028,2,1,1924.0,34044.2,5,2,91776167
2114,0,0,158.3,35289.4,7,0,0
2083,2,4,30.0,92188.4,6,0,0
1110,2,4,14.6,23808.1,6,0,0
357,2,4,5400.0,63704.0,0,0,0
2043,2,4,13800.0,40284.7,0,0,0
1841,0,0,78.9,19010.0,7,0,0
1876,2,4,900.0,31700.0,0,0,0
1907,1,4,7502.0,22636.8,0,0,0
1605,2,4,5600.0,22697.9,0,0,0
719,0,2,5953.0,35459.9,2,3,38875293
2022,0,0,142.9,25984.9,7,0,0
1810,2,4,14.6,10659.7,6,0,0
1228,0,3,7083.0,82693.1,0,0,0
2047,2,4,22300.0,66921.9,0,0,0
1612,2,4,10100.0,16810.3,0,0,0
1261,2,4,14.6,40440.1,6,0,0
2053,0,0,371.9,95263.8,7,0,0
1685,0,3,44538.0,104225.0,0,0,0
444,0,3,23268.0,64137.1,0,0,0
1762,0,2,5261.0,27005.0,2,8,23346680
2175,0,0,115.1,28261.6,7,0,0
1639,0,2,4264.0,31290.5,2,6,24160820
1769,2,4,8700.0,45049.9,0,0,0
1275,0,2,42791.0,42991.0,0,4,99825793
2083,0,0,212.4,51642.4,7,0,0
1657,2,4,14.6,23620.4,6,0,0
1779,2,4,14.6,18580.5,6,0,0
1151,0,3,21652.0,81568.5,0,0,0
1577,0,2,3255.0,16093.3,0,3,99007290
1292,2,4,14.6,27242.6,6,0,0
1304,2,1,2948.0,15911.7,5,5,87367409
690,2,1,1197.0,38111.2,1,11,96896516
903,2,1,41.0,26122.4,1,5,73459928
1372,2,4,200.0,28322.7,0,0,0
1513,2,1,3744.0,18953.3,5,6,83388852
1700,0,3,9106.0,37932.0,0,0,0
1607,2,4,42080.0,22552.5,0,0,0
1657,0,0,191.7,47260.8,7,0,0
1869,0,0,186.8,45876.9,7,0,0
1068,0,3,200.0,34302.3,0,0,0
2027,0,3,16819.0,61085.0,0,0,0
2151,0,2,6851.0,29848.8,2,6,28827911
1213,2,1,3962.0,44923.8,5,13,270581
745,0,0,108.0,26182.8,7,0,0
1611,0,3,18538.0,104962.4,0,0,0
1648,0,3,6823.0,35443.5,0,0,0
1817,2,4,3480.0,13640.8,0,0,0
1900,0,0,169.9,40126.1,7,0,0
1961,0,0,155.8,35028.4,7,0,0
1261,0,0,301.6,34736.3,7,0,0
1911,2,1,2011.0,19600.3,5,3,89295994
1639,2,1,7774.0,54866.6,5,11,81509756
714,0,0,109.1,27194.1,7,0,0
1850,2,1,3276.0,16697.1,5,7,36424207
902,0,2,6860.0,32529.9,2,6,73615145
1869,0,0,63.4,15340.7,7,0,0
1998,0,3,24047.0,52715.6,0,0,0
1632,0,2,3019.0,3419.0,0,9,81807022
469,2,4,14.6,10590.2,6,0,0
817,0,2,3050.0,21000.5,0,3,66249376
2158,2,4,21000.0,25143.7,0,0,0
1596,0,0,143.0,34530.7,7,0,0
1746,2,4,4700.0,20056.5,0,0,0
1869,2,4,14.6,26594.4,6,0,0
1292,2,4,14.6,27904.0,6,0,0
2083,2,4,30.0,2157.1,6,0,0
1971,2,1,1822.0,48908.7,5,5,5857146
2053,0,0,141.3,58507.4,7,0,0
2022,0,0,69.0,16762.8,7,0,0
1939,2,1,4084.0,31596.9,1,4,59540486
1261,0,0,104.3,18946.9,7,0,0
196,0,0,130.7,37198.8,7,0,0
910,2,4,10900.0,42690.3,0,0,0
1504,2,4,14.6,59943.6,6,0,0
1453,2,4,2000.0,58928.6,0,0,0
1900,2,4,14.6,14075.2,6,0,0
1841,0,0,174.9,35873.7,7,0,0
1232,2,4,4100.0,47075.7,0,0,0
1305,0,3,12336.0,30619.2,0,0,0
766,2,4,32700.0,52261.7,0,0,0
1200,2,4,14.6,34755.2,6,0,0
1688,0,0,103.8,25911.1,7,0,0
1991,2,4,30.0,2217.6,6,0,0
1422,2,1,2028.0,22105.5,5,12,11697030
1065,0,3,400.0,47037.9,0,0,0
2150,2,4,6900.0,70762.3,0,0,0
2035,0,3,500.0,14346.9,0,0,0
1810,2,4,14.6,32998.7,6,0,0
1446,2,4,3240.0,30061.8,0,0,0
1810,2,4,14.6,44113.6,6,0,0
2144,0,0,86.0,35659.7,7,0,0
1881,2,1,582.0,15230.6,0,8,25038093
2156,2,4,12700.0,18849.6,0,0,0
1846,2,1,2323.0,23854.7,3,2,33192354
1910,2,1,11222.0,50733.9,5,3,96346175
1913,2,1,6694.0,71858.4,5,4,97242187
543,2,1,762.0,37861.9,3,12,51038181
530,0,0,96.4,21682.8,7,0,0
242,0,3,500.0,27416.9,0,0,0
1826,2,4,600.0,30437.4,0,0,0
1048,2,4,14.6,25500.7,6,0,0
1971,2,1,1970.0,9882.1,5,13,8283996
1600,2,4,13100.0,43181.8,0,0,0
1121,2,1,1942.0,16648.6,5,11,78170078
600,2,1,1225.0,24883.7,1,13,74546420
1331,2,1,998.0,23029.3,5,9,69328868
666,0,3,19413.0,52498.2,0,0,0
570,2,1,4062.0,35755.4,1,2,54411101
1291,2,4,14900.0,37826.2,0,0,0
1336,0,3,23762.0,63524.6,0,0,0
1991,2,4,14.6,20947.7,6,0,0
2035,2,4,11600.0,26624.3,0,0,0
1810,0,0,78.5,18616.2,7,0,0
1421,2,1,725.0,23705.9,0,7,85599320
1274,2,1,1151.0,16792.9,1,8,98647319
1739,2,4,30700.0,52868.6,0,0,0
1801,2,4,8100.0,42841.7,0,0,0
1998,2,1,13057.0,15942.6,5,3,53990995
1607,2,4,5700.0,27757.9,0,0,0
1447,0,3,36711.0,109193.1,0,0,0
1293,2,4,18600.0,41205.4,0,0,0
2004,0,3,23981.0,44533.0,0,0,0
1603,2,1,2363.0,21952.4,5,4,74106764
519,0,3,1000.0,24318.6,0,0,0
1976,2,4,7500.0,32392.2,0,0,0
696,0,2,6490.0,27814.9,2,8,75701802
1090,0,3,3124.0,37711.5,0,0,0
1405,2,4,11100.0,37805.0,0,0,0
1261,0,0,147.8,36299.3,7,0,0
1792,2,4,17000.0,47465.9,0,0,0
2114,2,4,14.6,47972.0,6,0,0
1482,2,1,2884.0,10851.7,5,9,47281336
661,2,4,3200.0,25501.0,0,0,0
2053,2,4,14.6,61186.6,6,0,0
1596,0,0,124.7,21213.8,7,0,0
1816,2,4,4400.0,17760.9,0,0,0
1323,2,4,14.6,7380.0,6,0,0
1852,2,1,123.0,100199.0,1,2,76187407
1769,0,3,1700.0,21096.2,0,0,0
1231,0,0,136.1,50919.5,7,0,0
2121,2,1,5186.0,16924.0,1,1,65683340
1241,2,1,664.0,23061.0,5,5,30616259
683,2,4,14.6,29052.1,6,0,0
1854,2,1,1025.0,30491.4,3,11,7052839
446,2,4,2100.0,30570.4,0,0,0
1453,0,3,22121.0,55993.0,0,0,0
1231,0,0,247.5,59366.0,7,0,0
1489,2,1,3280.0,22003.8,5,1,73805624
1626,0,0,72.9,15683.6,7,0,0
1907,2,1,186.0,15457.9,1,10,36693310
2114,2,4,14.6,20264.8,6,0,0
530,0,0,53.9,13046.5,7,0,0
907,0,2,4497.0,17464.7,2,13,90013026
592,0,0,215.5,37142.2,7,0,0
1823,0,2,3006.0,33398.8,0,7,80380326
759,2,1,4561.0,21078.1,5,3,72199558
1935,2,1,1547.0,22109.7,5,10,47490662
1425,2,4,1800.0,35279.2,0,0,0
1818,2,4,13900.0,32142.6,0,0,0
312,2,4,4000.0,26414.5,0,0,0
1782,2,4,500.0,54660.3,0,0,0
1749,0,3,14181.0,52238.8,0,0,0
174,2,4,19800.0,48986.6,0,0,0
734,2,4,1600.0,17052.7,0,0,0
1261,2,4,14.6,24883.5,6,0,0
1912,0,3,3600.0,33813.0,0,0,0
2121,0,3,400.0,72829.5,0,0,0
683,2,4,14.6,52682.3,6,0,0
368,2,4,840.0,12801.6,0,0,0
1881,0,3,13490.0,51141.9,0,0,0
1398,0,3,20577.0,43663.3,0,0,0
607,0,3,5700.0,32042.9,0,0,0
227,0,0,237.7,43726.3,7,0,0
1836,2,4,400.0,23542.3,0,0,0
2158,2,1,2154.0,19146.9,1,4,49477297
1535,2,4,14.6,38825.8,6,0,0
327,0,3,15876.0,46609.6,0,0,0
279,2,4,4500.0,26428.5,0,0,0
736,2,4,700.0,17365.8,0,0,0
2028,2,1,6948.0,63366.9,5,12,99955695
626,2,4,9300.0,35176.1,0,0,0
1961,0,0,68.5,17178.0,7,0,0
1657,2,4,14.6,13828.6,6,0,0
483,2,1,207.0,18290.4,1,10,62039023
1621,0,3,4700.0,24509.4,0,0,0
1573,0,3,20438.0,66560.4,0,0,0
1414,2,4,14.6,48033.0,6,0,0
957,0,0,124.9,32702.7,7,0,0
1785,0,3,26817.0,66192.1,0,0,0
1509,0,3,14609.0,64786.5,0,0,0
1749,0,0,109.5,24367.3,7,0,0
714,0,0,219.3,56700.4,7,0,0
504,2,4,2800.0,15644.3,0,0,0
2066,2,1,1100.0,29403.7,1,7,24471074
1912,2,5,1800.0,33041.2,0,0,0
2060,2,1,346.0,78439.8,1,3,31680542
1516,2,1,1347.0,35162.8,8,4,3908431
1205,2,1,2084.0,15733.9,0,12,25985443
1535,2,4,14.6,67308.5,6,0,0
592,0,0,217.4,54417.4,7,0,0
720,0,2,4298.0,23164.0,2,6,59994321
1974,0,3,10639.5,26620.4,0,0,0
1449,2,4,7500.0,52169.5,0,0,0
708,0,3,3800.0,26078.5,0,0,0
1840,2,4,3000.0,29735.3,0,0,0
1718,0,0,39.8,12487.8,7,0,0
1779,0,0,135.4,31105.1,7,0,0
1783,2,4,100.0,18959.1,0,0,0
415,2,4,5280.0,44961.1,0,0,0
1688,0,0,119.3,28961.4,7,0,0
1841,0,0,117.6,18477.7,7,0,0
818,2,1,2107.0,18910.1,5,12,79798763
2096,0,2,4264.0,48712.8,2,6,24160820
1110,2,4,14.6,46256.9,6,0,0
1504,2,4,14.6,26786.4,6,0,0
1179,0,3,6300.0,20899.5,0,0,0
2005,2,1,466.0,33420.0,5,2,31408977
660,2,4,2320.0,12864.0,0,0,0
509,2,1,1991.0,22401.6,5,11,95629697
1061,0,3,13881.0,33824.9,0,0,0
1728,2,4,1200.0,31979.6,0,0,0
2087,1,4,12098.0,41632.9,0,0,0
781,0,3,15037.0,51746.7,0,0,0
1897,2,4,51300.0,119798.4,0,0,0
1504,2,4,14.6,49745.1,6,0,0
1400,2,4,11100.0,59821.1,0,0,0
1665,0,3,14623.0,41966.6,0,0,0
1961,0,0,277.9,70362.1,7,0,0
1443,2,4,1900.0,47977.6,0,0,0
1087,2,1,2824.0,15266.3,5,7,50690215
600,0,3,10405.0,39090.2,0,0,0
1631,0,3,6342.0,40922.3,0,0,0
1806,1,4,16655.0,65862.9,0,0,0
1942,2,1,3493.0,40324.4,1,9,96030205
1930,0,0,229.7,59936.6,7,0,0
1292,2,4,100.0,22531.1,6,0,0
561,2,4,14.6,39616.0,6,0,0
1779,0,0,113.1,25654.3,7,0,0
1384,2,4,14.6,34869.2,6,0,0
1975,0,3,24981.0,59364.8,0,0,0
1394,2,1,2420.0,59983.4,1,11,97141348
2144,0,0,128.7,33169.0,7,0,0
605,2,1,1537.0,28370.9,5,8,30949759
2069,2,4,10000.0,51864.1,0,0,0
2083,2,4,14.6,41116.9,6,0,0
1761,2,1,4366.0,29357.6,5,9,82628667
865,0,0,114.9,26864.5,7,0,0
1725,2,1,7274.0,86579.7,5,3,11553663
1274,0,2,2991.0,16145.3,0,10,69567405
2062,2,1,1653.0,54758.8,5,7,61391454
994,0,2,4263.0,27626.5,2,8,46127873
1353,2,4,30.0,23145.8,6,0,0
1658,2,4,2100.0,13422.5,0,0,0
987,0,0,198.1,49436.4,7,0,0
1178,0,2,3261.0,26651.2,0,12,55557876
1836,2,4,2040.0,25272.5,0,0,0
1542,0,2,5772.0,38923.5,2,11,15798580
1657,2,4,14.6,31912.7,6,0,0
1139,0,0,121.5,29855.6,7,0,0
2167,2,4,5400.0,63959.3,0,0,0
1379,2,4,38400.0,62137.5,0,0,0
1814,2,4,1680.0,54996.7,0,0,0
1456,0,3,7360.0,21525.5,0,0,0
1983,2,4,1200.0,18301.9,0,0,0
1728,2,1,6220.0,28470.3,5,11,72554701
1688,0,0,144.5,32267.7,7,0,0
1509,2,1,3068.0,24933.8,5,9,93325268
1214,2,1,2824.0,15509.8,5,11,51561528
416,0,3,8766.0,31053.7,0,0,0
664,2,1,120.0,35541.2,5,4,91385793
1883,0,2,6832.0,41230.0,2,2,86735617
811,2,1,8325.0,25644.4,5,10,32409316
685,2,4,3200.0,34326.3,0,0,0
1907,0,3,49968.0,148693.7,0,0,0
1930,0,0,59.6,15272.3,7,0,0
2144,0,0,118.1,27412.7,7,0,0
1209,2,4,4440.0,27373.3,0,0,0
2092,2,1,4228.0,19276.5,5,9,55627053
1392,2,1,7701.0,67290.1,5,4,78370004
714,2,4,14.6,47545.4,6,0,0
1881,2,4,9200.0,39285.1,0,0,0
1882,2,1,3244.0,19031.0,5,12,99223190
931,2,1,4692.0,25257.4,5,9,46158099
1832,2,4,1440.0,26890.0,0,0,0
1549,0,2,3005.0,15947.7,0,3,10051638
1900,2,4,14.6,43110.4,6,0,0
318,0,0,117.1,27994.8,7,0,0
2083,2,4,14.6,38829.3,6,0,0
1937,0,3,11608.0,62204.2,0,0,0
1854,2,1,533.0,20034.5,1,7,90660798
1759,0,2,15649.0,45749.9,0,9,34823769
743,2,4,15600.0,51051.0,0,0,0
1730,2,1,2504.8,37513.5,8,1,69538569
2022,0,0,107.2,23004.3,7,0,0
2175,0,0,90.0,23052.6,7,0,0
1456,0,3,17644.0,47197.3,0,0,0
1331,2,1,1289.0,24776.5,5,4,33870774
1393,2,1,4534.0,66127.5,5,2,5514008
1601,2,1,4417.0,42331.5,1,1,90261184
2144,2,4,14.6,60199.4,6,0,0
49,0,2,3375.0,6950.0,0,4,1589578
2028,2,1,1590.0,16859.3,5,9,78667527
1657,2,4,100.0,22309.3,6,0,0
2003,2,1,8125.3,31939.0,8,2,95518534
2022,0,0,54.3,9780.5,7,0,0
1979,0,3,900.0,54274.7,0,0,0
1591,2,4,4600.0,19730.1,0,0,0
640,0,3,1400.0,25712.6,0,0,0
573,2,1,3918.2,31275.4,8,12,42583918
1830,2,4,1080.0,28271.8,0,0,0
2064,2,1,18.0,25124.0,0,12,49125337
600,0,3,13003.0,41162.3,0,0,0
2053,0,0,153.5,55512.4,7,0,0
1261,0,0,152.1,44571.8,7,0,0
2148,2,4,3300.0,33175.8,0,0,0
2022,0,0,91.9,22513.7,7,0,0
811,2,1,3110.0,26354.2,5,8,38994044
1760,2,4,14700.0,31694.7,0,0,0
1175,0,3,33874.0,118912.9,0,0,0
653,0,0,109.2,26458.4,7,0,0
773,2,4,14.6,32052.3,6,0,0
901,2,1,3114.0,49014.1,5,1,55347096
2083,2,4,14.6,24762.5,6,0,0
2125,0,2,3042.0,19747.9,0,7,82685076
2144,0,0,166.3,41611.5,7,0,0
265,2,4,7800.0,36814.2,0,0,0
1961,2,4,30.0,26733.8,6,0,0
286,2,4,17200.0,40406.6,0,0,0
1395,0,3,13617.0,13917.0,0,0,0
1869,2,4,14.6,58426.1,6,0,0
722,2,4,3900.0,52617.9,0,0,0
1824,0,3,21130.0,90602.4,0,0,0
1758,0,2,39338.0,61668.5,0,4,28062188
1061,2,4,11800.0,42346.4,0,0,0
1065,2,4,8700.0,35566.7,0,0,0
1929,0,3,13400.0,81209.4,0,0,0
899,2,4,700.0,37306.2,0,0,0
1785,0,3,35907.0,94377.6,0,0,0
2067,2,4,55800.0,63980.2,0,0,0
1360,2,4,6900.0,50746.6,0,0,0
1628,0,3,200.0,200.0,0,0,0
2040,0,3,17707.0,112407.0,0,0,0
169,2,4,9000.0,72693.5,0,0,0
2001,0,3,15447.0,45625.9,0,0,0
1671,0,3,18211.0,45377.2,0,0,0
895,2,4,30.0,43153.0,6,0,0
240,0,2,3089.0,6987.9,0,5,57821530
2004,2,1,2687.0,90028.3,5,8,13841212
1048,0,0,112.7,27576.1,7,0,0
1323,2,4,14.6,15598.2,6,0,0
1590,0,3,700.0,48026.6,0,0,0
720,0,2,3330.0,26346.2,0,8,83469372
2022,2,4,14.6,50313.9,6,0,0
1810,2,4,14.6,32850.8,6,0,0
1938,2,4,6300.0,11814.6,0,0,0
1763,0,3,9542.0,42627.7,0,0,0
1760,0,2,18987.0,41543.0,0,2,56264185
1629,0,3,6900.0,30910.4,0,0,0
916,2,4,2480.0,17590.6,0,0,0
2004,2,1,1788.0,23000.7,5,3,3304052
469,0,0,46.0,15805.8,7,0,0
306,2,4,8600.0,35853.3,0,0,0
2035,0,2,3975.0,31005.6,0,7,80068927
1476,0,0,195.1,46817.2,7,0,0
1625,2,4,1800.0,46740.9,0,0,0
293,2,1,997.0,37546.9,1,10,61215889
1384,0,0,103.3,34584.1,7,0,0
1701,2,1,3805.0,32115.9,5,2,48756384
804,2,4,30.0,27476.5,6,0,0
1535,0,0,88.5,17439.6,7,0,0
1384,2,4,840.0,29151.2,0,0,0
1269,2,4,59600.0,47232.0,0,0,0
1991,2,4,14.6,18506.8,6,0,0
1490,2,1,8136.0,78999.3,5,11,28123855
987,2,4,100.0,87174.9,6,0,0
1811,2,4,4550.0,19768.0,0,0,0
297,2,4,19600.0,40214.0,0,0,0
1565,2,4,14.6,29065.3,6,0,0
1554,2,4,5000.0,28876.0,0,0,0
2114,0,0,105.4,18415.5,7,0,0
602,0,2,4235.0,20171.0,2,8,55758672
1909,2,1,1877.0,34432.4,1,7,8393472
316,2,4,20100.0,43397.3,0,0,0
1048,0,0,160.3,40370.6,7,0,0
1395,0,3,7360.0,22923.8,0,0,0
1560,2,4,29200.0,68105.7,0,0,0
1365,2,1,5633.0,55167.6,8,12,51707452
1903,0,3,20567.0,81735.7,0,0,0
1414,0,0,249.1,62258.4,7,0,0
1117,0,3,20029.0,48210.7,0,0,0
1090,2,4,2600.0,36834.7,0,0,0
1450,2,1,1727.0,22386.5,1,4,10578328
1869,0,0,79.6,19120.4,7,0,0
1504,2,4,14.6,33008.1,6,0,0
1079,0,0,83.7,16363.1,7,0,0
1565,2,4,14.6,42109.6,6,0,0
2132,2,4,3000.0,17497.3,0,0,0
408,2,4,14.6,26124.9,6,0,0
634,0,3,22132.0,65389.4,0,0,0
1292,0,0,66.7,16477.8,7,0,0
1455,2,1,2862.0,24435.9,5,6,25770914
1170,2,4,14.6,32031.0,6,0,0
288,0,0,155.7,38345.6,7,0,0
1989,2,4,1200.0,19713.7,0,0,0
527,2,4,16200.0,38544.5,0,0,0
1212,0,3,6446.0,33221.0,0,0,0
1579,0,3,10609.0,29455.8,0,0,0
1781,0,3,3200.0,10289.6,0,0,0
1786,2,1,3464.0,22175.7,5,4,71138578
1149,2,4,1300.0,55649.4,0,0,0
2114,2,4,14.6,91845.3,6,0,0
1779,0,0,196.6,46232.7,7,0,0
1846,2,1,893.0,65323.3,1,9,37756449
1375,2,4,12500.0,36716.2,0,0,0
1330,0,3,25056.0,48178.4,0,0,0
592,0,0,148.2,32705.1,7,0,0
810,0,3,11970.0,27328.6,0,0,0
1414,0,0,140.0,31299.2,7,0,0
536,2,1,6273.0,31528.2,5,5,46736180
1784,2,1,13428.0,34895.3,5,10,34098577
1445,0,0,200.0,44999.4,7,0,0
773,0,0,93.1,25482.2,7,0,0
1110,0,0,153.4,40989.0,7,0,0
1815,0,3,5463.0,39426.4,0,0,0
1170,0,0,211.8,45602.1,7,0,0
653,2,4,14.6,38215.8,6,0,0
1124,2,1,419.0,21485.9,5,10,73409360
1545,2,1,1400.0,20694.4,1,13,35319298
1110,2,4,14.6,25661.3,6,0,0
1762,0,2,4604.0,68452.0,2,2,64907359
783,2,4,13100.0,34174.3,0,0,0
2083,2,4,14.6,89188.5,6,0,0
1535,0,0,140.7,25087.2,7,0,0
1214,0,3,10737.0,39535.0,0,0,0
741,2,4,2300.0,14987.6,0,0,0
1587,0,3,1000.0,16399.0,0,0,0
1596,2,4,14.6,23709.8,6,0,0
1018,0,0,52.5,16125.4,7,0,0
1607,0,3,2900.0,42499.6,0,0,0
1272,0,2,6987.0,22657.2,2,13,96366220
997,2,4,4200.0,43638.3,0,0,0
1715,0,3,49797.0,104948.8,0,0,0
686,2,4,3300.0,22618.3,0,0,0
966,2,1,3744.0,24495.3,5,6,83388852
2144,2,4,14.6,41342.0,6,0,0
662,0,2,34483.0,87239.8,0,9,48252707
1688,0,0,308.5,73209.5,7,0,0
1219,0,3,2900.0,10044.7,0,0,0
1150,0,2,3374.0,15755.1,0,6,48985826
865,2,4,14.6,28166.3,6,0,0
1584,2,4,6000.0,80999.2,0,0,0
1943,0,3,12792.0,63313.9,0,0,0
926,2,4,14.6,43757.6,6,0,0
2105,0,3,2545.0,28664.1,0,0,0
1702,2,4,24800.0,75625.4,0,0,0
1384,2,4,14.6,30468.8,6,0,0
1535,0,0,354.9,62280.3,7,0,0
904,0,2,6177.0,29024.0,2,5,90831237
1688,0,3,12356.0,45888.8,0,0,0
1337,2,1,1782.0,22449.7,1,9,93025660
1092,2,1,1057.0,66973.8,5,6,87909203
2175,0,0,308.6,86793.9,7,0,0
811,1,4,4401.0,19759.4,0,0,0
903,0,3,4619.0,27440.1,0,0,0
535,0,3,16664.0,54043.2,0,0,0
561,0,0,122.3,29283.0,7,0,0
1631,0,2,4979.0,19616.9,2,11,95762162
1048,2,4,14.6,16615.0,6,0,0
987,0,0,23.3,18524.9,7,0,0
1819,0,2,18653.0,78522.0,0,2,37036967
1200,0,0,218.8,49628.6,7,0,0
1596,2,4,14.6,17987.8,6,0,0
751,2,1,906.0,27725.5,3,11,51602697
2128,2,1,2623.0,62623.7,5,3,52661430
2053,2,4,30.0,7562.5,6,0,0
1451,2,4,5400.0,19765.8,0,0,0
561,0,0,76.8,18540.3,7,0,0
1406,2,4,10100.0,27643.2,0,0,0
1875,0,3,21118.0,55910.6,0,0,0
1785,2,5,2500.0,65453.1,0,0,0
1139,0,0,104.9,25720.9,7,0,0
1323,0,0,247.7,62572.9,7,0,0
1755,2,4,630.0,27196.3,0,0,0
262,2,1,997.0,38674.2,1,10,61215889
1489,2,1,2865.0,15809.2,5,11,20745683
1396,2,1,3155.0,53635.6,8,8,60554724
1139,2,4,14.6,15952.3,6,0,0
1231,0,0,199.2,47277.9,7,0,0
1231,0,0,54.8,14065.3,7,0,0
1552,2,4,3200.0,27671.1,0,0,0
1945,0,3,1500.0,56828.9,0,0,0
1210,0,3,10641.0,31615.7,0,0,0
1334,0,3,6291.0,28366.9,0,0,0
439,2,4,14.6,51610.2,6,0,0
1749,0,0,318.3,82107.4,7,0,0
1427,0,3,21976.0,43344.4,0,0,0
1893,0,3,46178.0,76743.0,0,0,0
1692,0,3,4300.0,23489.9,0,0,0
1002,2,4,1500.0,29253.5,0,0,0
1955,2,5,1300.0,99271.2,0,0,0
1626,0,0,63.9,27062.5,7,0,0
748,2,4,17000.0,36416.6,0,0,0
1829,2,4,5640.0,45081.4,0,0,0
2001,2,1,440.0,30251.5,5,10,99752336
1963,2,4,5400.0,28497.2,0,0,0
2030,2,4,3000.0,52734.8,0,0,0
1574,2,1,1523.0,66027.9,1,6,65165352
1488,2,1,125.0,24829.8,5,1,7416719
2053,0,0,188.1,34064.9,7,0,0
1056,2,4,1600.0,35772.0,0,0,0
1991,0,0,77.0,19504.3,7,0,0
1139,0,0,121.3,40003.6,7,0,0
1851,2,1,2163.0,27867.3,1,6,89226317
652,2,4,11700.0,49726.4,0,0,0
1810,2,4,14.6,43536.5,6,0,0
1537,0,3,38932.0,71136.3,0,0,0
945,2,4,2200.0,31656.0,0,0,0
1414,2,4,14.6,10401.6,6,0,0
1093,0,2,5760.0,36077.0,2,13,40719056
2121,0,3,23307.0,39512.8,0,0,0
1944,2,1,2148.0,31301.1,1,7,83496254
1730,2,4,24300.0,77453.3,0,0,0
2001,2,1,2181.0,9018.1,5,1,8985472
2083,2,4,14.6,53132.7,6,0,0
1386,2,4,2300.0,38437.0,0,0,0
1372,1,4,11007.0,91540.3,0,0,0
1081,2,4,640.0,25189.4,0,0,0
1900,0,0,79.0,15847.2,7,0,0
696,2,4,690.0,22306.4,0,0,0
500,0,0,368.4,78318.2,7,0,0
1688,2,4,14.6,39766.2,6,0,0
500,2,4,14.6,40196.6,6,0,0
1974,0,3,30462.0,78633.8,0,0,0
452,2,1,2991.0,51413.9,1,3,46898156
773,2,4,14.6,46715.6,6,0,0
1541,0,3,24621.0,64644.6,0,0,0
1031,2,1,4069.0,34037.8,5,7,22342765
1457,0,3,10938.0,27132.9,0,0,0
1048,0,0,87.0,21118.5,7,0,0
1428,2,4,13900.0,31760.5,0,0,0
1980,2,4,2760.0,27977.8,0,0,0
1261,0,0,241.7,63166.2,7,0,0
2144,2,4,14300.0,115537.3,0,0,0
1810,0,0,157.9,40592.1,7,0,0
926,0,0,73.3,21656.3,7,0,0
1657,2,4,14.6,17662.9,6,0,0
714,0,0,216.7,25518.5,7,0,0
1987,2,4,12400.0,43803.2,0,0,0
1063,2,4,31400.0,50719.1,0,0,0
1632,2,1,5435.0,26793.5,5,12,41995155
1459,2,1,2024.0,28086.6,5,13,56467163
389,2,1,3859.0,45656.6,1,9,69614529
1879,2,4,1350.0,29310.6,0,0,0
1468,2,4,12800.0,45274.1,0,0,0
1930,0,0,186.0,38688.1,7,0,0
2151,2,4,250.0,17877.8,0,0,0
1018,0,0,102.5,23499.9,7,0,0
573,0,2,6345.0,27849.7,2,11,78077953
1367,0,2,15946.0,52609.9,0,11,19373458
245,0,3,34430.0,95165.2,0,0,0
469,2,4,14.6,12668.6,6,0,0
851,0,3,1300.0,48186.0,0,0,0
2053,2,4,30.0,62761.5,6,0,0
1376,0,3,600.0,47979.4,0,0,0
1020,2,4,2200.0,59310.1,0,0,0
804,2,4,14.6,22774.7,6,0,0
2012,2,4,3700.0,41576.4,0,0,0
1048,0,0,130.9,33066.2,7,0,0
1445,0,0,193.5,52710.5,7,0,0
2144,2,4,14.6,78836.8,6,0,0
1864,2,4,5760.0,18796.3,0,0,0
1567,0,3,20709.0,108295.5,0,0,0
1200,2,4,14.6,23310.1,6,0,0
1414,2,4,14.6,36768.1,6,0,0
743,0,3,800.0,36757.7,0,0,0
1565,2,4,14.6,37110.6,6,0,0
727,2,1,2112.0,23589.3,5,6,87521946
1466,2,4,1920.0,32219.4,0,0,0
561,0,0,58.2,13446.1,7,0,0
1657,0,0,100.4,22154.9,7,0,0
1122,2,1,1671.0,19954.7,8,10,70020216
1384,0,0,56.0,13745.7,7,0,0
1269,2,1,6828.0,42640.4,5,13,97103529
1657,2,4,14.6,8783.6,6,0,0
1292,0,0,68.7,28958.9,7,0,0
2022,2,4,14.6,16690.1,6,0,0
1869,2,4,14.6,30013.2,6,0,0
414,2,1,5119.0,53298.4,5,6,17279625
1132,2,4,15700.0,32413.7,0,0,0
636,0,2,3253.0,24868.9,0,6,71556716
1414,2,4,14.6,37455.6,6,0,0
1231,0,0,88.8,22027.9,7,0,0
1626,0,0,152.9,34460.1,7,0,0
1139,2,4,30.0,84375.8,6,0,0
1091,0,3,24409.0,71198.1,0,0,0
1302,2,4,5700.0,17729.6,0,0,0
1323,2,4,30.0,98912.8,6,0,0
1599,2,4,14100.0,28719.6,0,0,0
1476,2,4,14.6,41151.7,6,0,0
667,0,3,20987.0,59156.1,0,0,0
1576,2,4,500.0,29168.6,0,0,0
1385,2,4,6500.0,28698.5,0,0,0
664,0,2,3243.0,22806.4,0,10,93896942
2120,2,4,29400.0,74481.5,0,0,0
509,0,2,3023.0,26634.3,0,7,42003387
1354,2,4,4700.0,35775.5,0,0,0
1786,2,1,2819.0,13549.5,5,1,59638219
1991,2,4,30.0,87801.6,6,0,0
388,0,3,20106.0,46532.8,0,0,0
2011,2,4,300.0,18737.6,0,0,0
1844,2,4,18800.0,38033.3,0,0,0
1334,2,1,876.0,40651.8,3,10,274038
1525,0,3,21809.0,74731.8,0,0,0
2033,2,4,11600.0,21124.4,0,0,0
2081,2,4,14500.0,47589.6,0,0,0
1559,2,4,1200.0,13727.5,0,0,0
1810,0,0,63.9,15832.4,7,0,0
991,2,4,11700.0,27493.7,0,0,0
1882,0,3,11231.0,43832.3,0,0,0
1822,2,5,2600.0,41676.2,0,0,0
